version 2
JvmtiExport can_access_local_variables 0
JvmtiExport can_hotswap_or_post_breakpoint 0
JvmtiExport can_post_on_exceptions 0
# 366 ciObject found
instanceKlass java/net/URLStreamHandler
ciInstanceKlass java/lang/Cloneable 1 0 7 100 1 100 1 1 1
instanceKlass org/hibernate/query/derived/AnonymousTupleEntityValuedModelPart
instanceKlass org/hibernate/persister/entity/EntityNameUse
# instanceKlass org/hibernate/query/sqm/sql/BaseSqmToSqlAstConverter$$Lambda+0x0000020a28c7fdc0
# instanceKlass org/hibernate/query/sqm/sql/BaseSqmToSqlAstConverter$$Lambda+0x0000020a28c7fb90
# instanceKlass org/hibernate/query/sqm/sql/BaseSqmToSqlAstConverter$$Lambda+0x0000020a28c7f970
# instanceKlass org/hibernate/query/sqm/sql/BaseSqmToSqlAstConverter$$Lambda+0x0000020a28c7f740
# instanceKlass org/hibernate/query/sqm/sql/BaseSqmToSqlAstConverter$$Lambda+0x0000020a28c7f510
instanceKlass org/hibernate/query/sqm/sql/BaseSqmToSqlAstConverter$SqmAliasedNodePositionTracker
# instanceKlass org/hibernate/query/sqm/sql/BaseSqmToSqlAstConverter$$Lambda+0x0000020a28c7e8b8
# instanceKlass org/hibernate/query/sqm/sql/BaseSqmToSqlAstConverter$$Lambda+0x0000020a28c7e678
instanceKlass org/hibernate/query/sqm/sql/BaseSqmToSqlAstConverter$CteContainerImpl
# instanceKlass org/hibernate/query/sqm/sql/BaseSqmToSqlAstConverter$$Lambda+0x0000020a28c7e1e8
instanceKlass org/hibernate/query/sqm/sql/SqmTranslation
instanceKlass  @bci org/hibernate/query/sqm/internal/ConcreteSqmSelectQueryPlan <init> (Lorg/hibernate/query/sqm/tree/select/SqmSelectStatement;Ljava/lang/String;Lorg/hibernate/query/sqm/internal/DomainParameterXref;Ljava/lang/Class;Lorg/hibernate/sql/results/internal/TupleMetadata;Lorg/hibernate/query/spi/QueryOptions;)V 85 <appendix> member <vmtarget> ; # org/hibernate/query/sqm/internal/ConcreteSqmSelectQueryPlan$$Lambda+0x0000020a28c77a80
instanceKlass org/hibernate/query/spi/ScrollableResultsImplementor
instanceKlass  @bci org/hibernate/query/sqm/internal/ConcreteSqmSelectQueryPlan <init> (Lorg/hibernate/query/sqm/tree/select/SqmSelectStatement;Ljava/lang/String;Lorg/hibernate/query/sqm/internal/DomainParameterXref;Ljava/lang/Class;Lorg/hibernate/sql/results/internal/TupleMetadata;Lorg/hibernate/query/spi/QueryOptions;)V 74 <appendix> member <vmtarget> ; # org/hibernate/query/sqm/internal/ConcreteSqmSelectQueryPlan$$Lambda+0x0000020a28c77428
instanceKlass  @bci org/hibernate/query/sqm/internal/ConcreteSqmSelectQueryPlan <init> (Lorg/hibernate/query/sqm/tree/select/SqmSelectStatement;Ljava/lang/String;Lorg/hibernate/query/sqm/internal/DomainParameterXref;Ljava/lang/Class;Lorg/hibernate/sql/results/internal/TupleMetadata;Lorg/hibernate/query/spi/QueryOptions;)V 60 <appendix> member <vmtarget> ; # org/hibernate/query/sqm/internal/ConcreteSqmSelectQueryPlan$$Lambda+0x0000020a28c77208
instanceKlass org/hibernate/query/sqm/internal/ConcreteSqmSelectQueryPlan$CacheableSqmInterpretation
instanceKlass org/hibernate/query/sqm/internal/ConcreteSqmSelectQueryPlan$SqmInterpreter
instanceKlass org/hibernate/sql/results/internal/RowTransformerSingularReturnImpl
instanceKlass org/hibernate/query/sqm/spi/SqmParameterMappingModelResolutionAccess
instanceKlass org/hibernate/sql/exec/internal/BaseExecutionContext
instanceKlass org/hibernate/query/sqm/internal/ConcreteSqmSelectQueryPlan
instanceKlass  @bci org/hibernate/query/hql/internal/QuerySplitter findUnmappedPolymorphicReference (Lorg/hibernate/query/sqm/tree/select/SqmQueryPart;)Lorg/hibernate/query/sqm/tree/from/SqmRoot; 19 <appendix> argL0 ; # org/hibernate/query/hql/internal/QuerySplitter$$Lambda+0x0000020a28c732a0
instanceKlass org/hibernate/query/sqm/tree/SqmDeleteOrUpdateStatement
instanceKlass org/hibernate/query/hql/internal/QuerySplitter
instanceKlass org/hibernate/query/sqm/internal/SqmInterpretationsKey
instanceKlass org/hibernate/query/sqm/internal/AppliedGraphs
instanceKlass  @bci org/hibernate/query/internal/QueryParameterBindingsImpl validate ()V 5 <appendix> member <vmtarget> ; # org/hibernate/query/internal/QueryParameterBindingsImpl$$Lambda+0x0000020a28c72850
instanceKlass  @bci org/springframework/data/jpa/repository/query/JpaQueryMethod lambda$0 (Ljava/lang/reflect/Method;)Ljakarta/persistence/LockModeType; 13 <appendix> argL0 ; # org/springframework/data/jpa/repository/query/JpaQueryMethod$$Lambda+0x0000020a28c72618
instanceKlass org/springframework/data/jpa/repository/Lock
instanceKlass org/springframework/data/jpa/repository/EntityGraph
instanceKlass  @bci org/springframework/data/jpa/repository/query/JpaQueryMethod doFindAnnotation (Ljava/lang/Class;)Ljava/util/Optional; 6 <appendix> member <vmtarget> ; # org/springframework/data/jpa/repository/query/JpaQueryMethod$$Lambda+0x0000020a28c71fe8
instanceKlass org/springframework/data/jpa/repository/Meta
instanceKlass org/springframework/data/domain/Limit$Unlimited
instanceKlass org/hibernate/query/spi/QueryParameterBindingValidator
instanceKlass org/hibernate/query/internal/QueryParameterBindingImpl
instanceKlass  @bci org/springframework/data/jpa/repository/query/QueryParameterSetter$NamedOrIndexedQueryParameterSetter setParameter (Lorg/springframework/data/jpa/repository/query/QueryParameterSetter$BindableQuery;Lorg/springframework/data/jpa/repository/query/JpaParametersParameterAccessor;Lorg/springframework/data/jpa/repository/query/QueryParameterSetter$ErrorHandling;)V 188 <appendix> member <vmtarget> ; # org/springframework/data/jpa/repository/query/QueryParameterSetter$NamedOrIndexedQueryParameterSetter$$Lambda+0x0000020a28c71200
instanceKlass org/springframework/data/jpa/repository/query/QueryParameterSetter$QueryMetadata
instanceKlass org/hibernate/query/sqm/internal/SqmUtil$ParameterResolutionsImpl
instanceKlass  @bci org/hibernate/query/sqm/spi/BaseSemanticQueryWalker visitGroupByClause (Ljava/util/List;)Ljava/lang/Object; 6 <appendix> member <vmtarget> ; # org/hibernate/query/sqm/spi/BaseSemanticQueryWalker$$Lambda+0x0000020a28c70238
instanceKlass  @bci org/hibernate/query/sqm/internal/SqmUtil$CriteriaParameterCollector process (Lorg/hibernate/query/sqm/tree/expression/SqmParameter;)V 58 <appendix> argL0 ; # org/hibernate/query/sqm/internal/SqmUtil$CriteriaParameterCollector$$Lambda+0x0000020a28c70000
instanceKlass org/hibernate/query/sqm/tree/expression/SqmExpressionHelper
instanceKlass  @bci org/hibernate/query/sqm/spi/BaseSemanticQueryWalker visitSelectClause (Lorg/hibernate/query/sqm/tree/select/SqmSelectClause;)Ljava/lang/Object; 11 <appendix> member <vmtarget> ; # org/hibernate/query/sqm/spi/BaseSemanticQueryWalker$$Lambda+0x0000020a28c67dc8
instanceKlass  @bci org/hibernate/query/sqm/spi/BaseSemanticQueryWalker consumeExplicitJoins (Lorg/hibernate/query/sqm/tree/from/SqmFrom;)V 2 <appendix> member <vmtarget> ; # org/hibernate/query/sqm/spi/BaseSemanticQueryWalker$$Lambda+0x0000020a28c67b98
instanceKlass  @bci org/hibernate/query/sqm/spi/BaseSemanticQueryWalker visitFromClause (Lorg/hibernate/query/sqm/tree/from/SqmFromClause;)Ljava/lang/Object; 2 <appendix> member <vmtarget> ; # org/hibernate/query/sqm/spi/BaseSemanticQueryWalker$$Lambda+0x0000020a28c67968
instanceKlass org/hibernate/query/sqm/spi/BaseSemanticQueryWalker
instanceKlass  @bci org/hibernate/query/sqm/internal/SqmUtil resolveParameters (Lorg/hibernate/query/sqm/tree/SqmStatement;)Lorg/hibernate/query/sqm/tree/SqmStatement$ParameterResolutions; 27 <appendix> member <vmtarget> ; # org/hibernate/query/sqm/internal/SqmUtil$$Lambda+0x0000020a28c67738
instanceKlass org/hibernate/query/sqm/internal/SqmUtil$CriteriaParameterCollector
instanceKlass org/hibernate/query/sqm/internal/SimpleSqmCopyContext
instanceKlass org/hibernate/query/sqm/tree/SqmCopyContext
instanceKlass org/hibernate/query/criteria/spi/HibernateCriteriaBuilderDelegate
instanceKlass org/springframework/data/repository/core/support/RepositoryMethodInvocationListener$RepositoryMethodInvocationResult
instanceKlass org/springframework/data/repository/core/support/RepositoryMethodInvoker$RepositoryMethodInvocationCaptor
instanceKlass  @bci org/springframework/data/repository/core/support/RepositoryMethodInvoker$RepositoryQueryMethodInvoker <init> (Ljava/lang/reflect/Method;Lorg/springframework/data/repository/query/RepositoryQuery;)V 8 <appendix> member <vmtarget> ; # org/springframework/data/repository/core/support/RepositoryMethodInvoker$RepositoryQueryMethodInvoker$$Lambda+0x0000020a28c65f80
instanceKlass org/springframework/data/repository/core/support/RepositoryMethodInvoker$Invokable
instanceKlass  @bci org/springframework/data/repository/core/support/QueryExecutorMethodInterceptor invoke (Lorg/aopalliance/intercept/MethodInvocation;)Ljava/lang/Object; 12 <appendix> argL0 ; # org/springframework/data/repository/core/support/QueryExecutorMethodInterceptor$$Lambda+0x0000020a28c65940
instanceKlass  @bci org/springframework/transaction/interceptor/TransactionInterceptor invoke (Lorg/aopalliance/intercept/MethodInvocation;)Ljava/lang/Object; 37 <appendix> member <vmtarget> ; # org/springframework/transaction/interceptor/TransactionInterceptor$$Lambda+0x0000020a28c65720
instanceKlass org/springframework/aop/framework/ReflectiveMethodInvocation
instanceKlass org/springframework/aop/ProxyMethodInvocation
instanceKlass org/hibernate/validator/constraintvalidation/HibernateConstraintViolationBuilder
instanceKlass jakarta/validation/ConstraintValidatorContext$ConstraintViolationBuilder
instanceKlass org/hibernate/validator/internal/engine/constraintvalidation/ConstraintValidatorContextImpl
instanceKlass org/hibernate/validator/constraintvalidation/HibernateConstraintValidatorContext
instanceKlass org/hibernate/validator/internal/engine/constraintvalidation/ConstraintValidatorManagerImpl$CacheKey
instanceKlass org/hibernate/jpa/internal/util/PersistenceUtilHelper$FieldAttributeAccess
instanceKlass  @bci org/hibernate/jpa/internal/util/PersistenceUtilHelper$ClassMetadataCache buildAttributeAccess (Ljava/lang/String;)Lorg/hibernate/jpa/internal/util/PersistenceUtilHelper$AttributeAccess; 2 <appendix> member <vmtarget> ; # org/hibernate/jpa/internal/util/PersistenceUtilHelper$ClassMetadataCache$$Lambda+0x0000020a28c64128
instanceKlass org/hibernate/jpa/internal/util/PersistenceUtilHelper$AttributeAccess
instanceKlass org/hibernate/jpa/internal/util/PersistenceUtilHelper$ClassMetadataCache
instanceKlass jakarta/persistence/spi/PersistenceProviderResolverHolder$DefaultPersistenceProviderResolver$CacheKeyReference
instanceKlass jakarta/persistence/spi/PersistenceProviderResolverHolder$DefaultPersistenceProviderResolver$CacheKey
instanceKlass jakarta/persistence/spi/PersistenceProviderResolverHolder$DefaultPersistenceProviderResolver
instanceKlass jakarta/persistence/spi/PersistenceProviderResolver
instanceKlass jakarta/persistence/spi/PersistenceProviderResolverHolder
instanceKlass  @bci org/hibernate/validator/internal/engine/resolver/CachingJPATraversableResolverForSingleValidation isReachable (Ljava/lang/Object;Ljakarta/validation/Path$Node;Ljava/lang/Class;Ljakarta/validation/Path;Ljava/lang/annotation/ElementType;)Z 27 <appendix> member <vmtarget> ; # org/hibernate/validator/internal/engine/resolver/CachingJPATraversableResolverForSingleValidation$$Lambda+0x0000020a28c62548
instanceKlass org/hibernate/validator/internal/engine/resolver/AbstractTraversableHolder
instanceKlass org/hibernate/validator/internal/engine/valuecontext/ValueContext$ValueState
instanceKlass org/hibernate/validator/internal/engine/valuecontext/ValueContexts
instanceKlass org/hibernate/validator/internal/engine/path/NodeImpl
instanceKlass org/hibernate/validator/path/ContainerElementNode
instanceKlass org/hibernate/validator/path/PropertyNode
instanceKlass jakarta/validation/Path$ContainerElementNode
instanceKlass jakarta/validation/Path$CrossParameterNode
instanceKlass jakarta/validation/Path$ReturnValueNode
instanceKlass jakarta/validation/Path$ParameterNode
instanceKlass jakarta/validation/Path$BeanNode
instanceKlass jakarta/validation/Path$ConstructorNode
instanceKlass jakarta/validation/Path$MethodNode
instanceKlass jakarta/validation/Path$PropertyNode
instanceKlass org/hibernate/validator/internal/engine/path/PathImpl
instanceKlass jakarta/validation/MessageInterpolator$Context
instanceKlass org/hibernate/validator/internal/engine/validationcontext/AbstractValidationContext
instanceKlass org/hibernate/validator/internal/engine/resolver/CachingJPATraversableResolverForSingleValidation
instanceKlass org/hibernate/validator/internal/engine/resolver/TraverseAllTraversableResolver
instanceKlass org/hibernate/validator/internal/engine/validationcontext/ExecutableValidationContext
instanceKlass org/hibernate/validator/internal/engine/validationcontext/ValidationContextBuilder
instanceKlass com/fasterxml/classmate/Annotations
instanceKlass com/fasterxml/classmate/util/MethodKey
instanceKlass org/hibernate/validator/internal/util/privilegedactions/GetResolvedMemberMethods
instanceKlass com/fasterxml/classmate/ResolvedTypeWithMembers$AnnotationHandler
instanceKlass com/fasterxml/classmate/members/ResolvedMember
instanceKlass com/fasterxml/classmate/AnnotationConfiguration
instanceKlass com/fasterxml/classmate/ResolvedTypeWithMembers
instanceKlass com/fasterxml/classmate/members/HierarchicType
instanceKlass org/hibernate/validator/internal/util/ExecutableHelper$SimpleMethodFilter
instanceKlass com/fasterxml/classmate/util/ResolvedTypeKey
instanceKlass com/fasterxml/classmate/util/ClassStack
instanceKlass jakarta/validation/ConstraintValidatorContext
instanceKlass org/hibernate/validator/internal/engine/constraintvalidation/ConstraintTree
instanceKlass org/hibernate/validator/internal/metadata/location/TypeArgumentConstraintLocation
instanceKlass  @bci org/hibernate/validator/internal/metadata/core/MetaConstraints addValueExtractorDescriptorForWrappedValue (Lorg/hibernate/validator/internal/util/TypeResolutionHelper;Lorg/hibernate/validator/internal/engine/valueextraction/ValueExtractorManager;Lorg/hibernate/validator/internal/metadata/descriptor/ConstraintDescriptorImpl;Ljava/util/List;Lorg/hibernate/validator/internal/metadata/location/ConstraintLocation;)Ljava/lang/reflect/Type; 146 <appendix> argL0 ; # org/hibernate/validator/internal/metadata/core/MetaConstraints$$Lambda+0x0000020a28c5ad10
instanceKlass  @bci org/hibernate/validator/internal/engine/valueextraction/ValueExtractorResolver getRuntimeCompliantValueExtractors (Ljava/lang/Class;Ljava/util/Set;)Ljava/util/Set; 42 <appendix> member <vmtarget> ; # org/hibernate/validator/internal/engine/valueextraction/ValueExtractorResolver$$Lambda+0x0000020a28c5aac0
instanceKlass org/hibernate/validator/internal/metadata/core/MetaConstraints
instanceKlass org/hibernate/validator/internal/util/privilegedactions/GetDeclaredField
instanceKlass org/hibernate/validator/internal/properties/javabean/JavaBeanField$FieldAccessor
instanceKlass org/hibernate/validator/engine/HibernateValidatorEnhancedBean
instanceKlass org/hibernate/validator/internal/metadata/location/AbstractPropertyConstraintLocation
instanceKlass org/hibernate/validator/internal/metadata/location/ConstraintLocation
instanceKlass jakarta/validation/OverridesAttribute$List
instanceKlass jakarta/validation/OverridesAttribute
instanceKlass  @bci org/hibernate/validator/internal/metadata/core/ConstraintHelper findValidatorDescriptors (Ljava/lang/Class;Ljakarta/validation/constraintvalidation/ValidationTarget;)Ljava/util/List; 12 <appendix> member <vmtarget> ; # org/hibernate/validator/internal/metadata/core/ConstraintHelper$$Lambda+0x0000020a28c58f18
instanceKlass  @bci org/hibernate/validator/internal/metadata/descriptor/ConstraintDescriptorImpl <init> (Lorg/hibernate/validator/internal/metadata/core/ConstraintHelper;Lorg/hibernate/validator/internal/properties/Constrainable;Lorg/hibernate/validator/internal/util/annotation/ConstraintAnnotationDescriptor;Lorg/hibernate/validator/internal/metadata/location/ConstraintLocation$ConstraintLocationKind;Ljava/lang/Class;Lorg/hibernate/validator/internal/metadata/core/ConstraintOrigin;Lorg/hibernate/validator/internal/metadata/descriptor/ConstraintDescriptorImpl$ConstraintType;)V 103 <appendix> argL0 ; # org/hibernate/validator/internal/metadata/descriptor/ConstraintDescriptorImpl$$Lambda+0x0000020a28c58ce0
instanceKlass  @bci org/hibernate/validator/internal/metadata/descriptor/ConstraintDescriptorImpl <init> (Lorg/hibernate/validator/internal/metadata/core/ConstraintHelper;Lorg/hibernate/validator/internal/properties/Constrainable;Lorg/hibernate/validator/internal/util/annotation/ConstraintAnnotationDescriptor;Lorg/hibernate/validator/internal/metadata/location/ConstraintLocation$ConstraintLocationKind;Ljava/lang/Class;Lorg/hibernate/validator/internal/metadata/core/ConstraintOrigin;Lorg/hibernate/validator/internal/metadata/descriptor/ConstraintDescriptorImpl$ConstraintType;)V 90 <appendix> argL0 ; # org/hibernate/validator/internal/metadata/descriptor/ConstraintDescriptorImpl$$Lambda+0x0000020a28c58aa8
instanceKlass  @bci org/hibernate/validator/internal/metadata/core/ConstraintHelper getAllValidatorDescriptors (Ljava/lang/Class;)Ljava/util/List; 18 <appendix> member <vmtarget> ; # org/hibernate/validator/internal/metadata/core/ConstraintHelper$$Lambda+0x0000020a28c58868
instanceKlass jakarta/validation/valueextraction/Unwrapping$Skip
instanceKlass jakarta/validation/valueextraction/Unwrapping$Unwrap
instanceKlass jakarta/validation/Payload
instanceKlass org/hibernate/validator/internal/util/privilegedactions/GetAnnotationAttributes
instanceKlass org/hibernate/validator/internal/util/annotation/AnnotationDescriptor
instanceKlass jakarta/validation/ReportAsSingleViolation
instanceKlass org/springframework/beans/PropertyAccessorFactory
instanceKlass org/springframework/validation/annotation/ValidationAnnotationUtils
instanceKlass org/springframework/web/bind/support/BindParamNameResolver
instanceKlass org/springframework/validation/DefaultBindingErrorProcessor
instanceKlass org/springframework/web/bind/ServletRequestDataBinder$ServletRequestValueResolver
instanceKlass org/springframework/validation/DataBinder$ValueResolver
instanceKlass org/springframework/validation/AbstractErrors
instanceKlass org/springframework/validation/BindingErrorProcessor
instanceKlass  @bci org/springframework/util/StringUtils truncate (Ljava/lang/CharSequence;I)Ljava/lang/String; 10 <appendix> member <vmtarget> ; # org/springframework/util/StringUtils$$Lambda+0x0000020a28c4ed78
instanceKlass  @bci com/example/WebApartment/DTO/UserDTO toString ()Ljava/lang/String; 44 <adapter> ; # java/lang/invoke/LambdaForm$MH+0x0000020a28c54800
# instanceKlass java/lang/invoke/LambdaForm$DMH+0x0000020a28c54400
instanceKlass  @bci com/example/WebApartment/DTO/UserDTO toString ()Ljava/lang/String; 44 <appendix> form vmentry <vmtarget> ; # java/lang/invoke/LambdaForm$MH+0x0000020a28c54000
# instanceKlass java/lang/invoke/LambdaForm$MH+0x0000020a28c53c00
instanceKlass  @bci com/example/WebApartment/DTO/UserDTO toString ()Ljava/lang/String; 44 <appendix> form names 23 function resolvedHandle form vmentry <vmtarget> ; # java/lang/invoke/LambdaForm$DMH+0x0000020a28c53800
instanceKlass  @bci com/example/WebApartment/DTO/UserDTO toString ()Ljava/lang/String; 44 <appendix> argL7 form vmentry <vmtarget> ; # java/lang/invoke/LambdaForm$MH+0x0000020a28c53400
# instanceKlass java/lang/invoke/LambdaForm$MH+0x0000020a28c53000
# instanceKlass java/lang/invoke/LambdaForm$MH+0x0000020a28c52c00
# instanceKlass java/lang/invoke/LambdaForm$MH+0x0000020a28c52800
# instanceKlass java/lang/invoke/LambdaForm$MH+0x0000020a28c52400
# instanceKlass java/lang/invoke/LambdaForm$MH+0x0000020a28c52000
# instanceKlass java/lang/invoke/LambdaForm$MH+0x0000020a28c51c00
instanceKlass  @bci com/example/WebApartment/DTO/UserDTO toString ()Ljava/lang/String; 44 <appendix> form names 31 function resolvedHandle form vmentry <vmtarget> ; # java/lang/invoke/LambdaForm$DMH+0x0000020a28c51800
instanceKlass  @bci com/example/WebApartment/DTO/UserDTO toString ()Ljava/lang/String; 44 <appendix> argL3 form vmentry <vmtarget> ; # java/lang/invoke/LambdaForm$MH+0x0000020a28c51400
# instanceKlass java/lang/invoke/LambdaForm$MH+0x0000020a28c51000
# instanceKlass java/lang/invoke/LambdaForm$MH+0x0000020a28c50c00
# instanceKlass java/lang/invoke/LambdaForm$MH+0x0000020a28c50800
# instanceKlass java/lang/invoke/LambdaForm$MH+0x0000020a28c50400
# instanceKlass java/lang/invoke/LambdaForm$MH+0x0000020a28c50000
instanceKlass  @bci org/springframework/web/servlet/mvc/method/annotation/AbstractMessageConverterMethodArgumentResolver readWithMessageConverters (Lorg/springframework/http/HttpInputMessage;Lorg/springframework/core/MethodParameter;Ljava/lang/reflect/Type;)Ljava/lang/Object; 542 <appendix> member <vmtarget> ; # org/springframework/web/servlet/mvc/method/annotation/AbstractMessageConverterMethodArgumentResolver$$Lambda+0x0000020a28c4eb38
instanceKlass com/fasterxml/jackson/core/JsonStreamContext
instanceKlass com/fasterxml/jackson/core/json/ByteSourceJsonBootstrapper
instanceKlass com/fasterxml/jackson/core/util/TextBuffer
instanceKlass com/fasterxml/jackson/core/io/IOContext
instanceKlass com/fasterxml/jackson/core/util/BufferRecycler
instanceKlass com/fasterxml/jackson/core/util/BufferRecyclers
instanceKlass com/fasterxml/jackson/core/io/ContentReference
instanceKlass com/fasterxml/jackson/databind/util/LinkedNode
instanceKlass com/fasterxml/jackson/core/filter/TokenFilter
instanceKlass org/springframework/http/converter/json/MappingJacksonInputMessage
instanceKlass org/springframework/util/StreamUtils
instanceKlass  @bci org/springframework/http/converter/json/AbstractJackson2HttpMessageConverter readJavaType (Lcom/fasterxml/jackson/databind/JavaType;Lorg/springframework/http/HttpInputMessage;)Ljava/lang/Object; 39 <appendix> member <vmtarget> ; # org/springframework/http/converter/json/AbstractJackson2HttpMessageConverter$$Lambda+0x0000020a28c47ba8
instanceKlass com/fasterxml/jackson/databind/deser/std/NumberDeserializers
instanceKlass com/fasterxml/jackson/databind/deser/impl/ReadableObjectId$Referring
instanceKlass com/fasterxml/jackson/databind/deser/impl/BeanPropertyMap
instanceKlass com/fasterxml/jackson/annotation/JsonAlias
instanceKlass com/fasterxml/jackson/databind/util/ViewMatcher
instanceKlass com/fasterxml/jackson/databind/introspect/POJOPropertyBuilder$1
instanceKlass com/fasterxml/jackson/databind/introspect/POJOPropertyBuilder$4
instanceKlass com/fasterxml/jackson/databind/introspect/POJOPropertyBuilder$2
instanceKlass com/fasterxml/jackson/databind/deser/impl/NullsConstantProvider
instanceKlass com/fasterxml/jackson/databind/annotation/JsonTypeResolver
instanceKlass com/fasterxml/jackson/annotation/JsonIgnoreType
instanceKlass com/fasterxml/jackson/databind/util/IgnorePropertiesUtil
instanceKlass com/fasterxml/jackson/annotation/JsonIncludeProperties$Value
instanceKlass com/fasterxml/jackson/annotation/JsonIncludeProperties
instanceKlass com/fasterxml/jackson/annotation/JsonIgnoreProperties$Value
instanceKlass com/fasterxml/jackson/annotation/JsonIgnoreProperties
instanceKlass com/fasterxml/jackson/databind/deser/BeanDeserializerBuilder
instanceKlass com/fasterxml/jackson/databind/deser/impl/CreatorCandidate$Param
instanceKlass com/fasterxml/jackson/databind/deser/impl/CreatorCandidate
instanceKlass com/fasterxml/jackson/databind/deser/BasicDeserializerFactory$CreatorCollectionState
instanceKlass com/fasterxml/jackson/databind/PropertyMetadata
instanceKlass com/fasterxml/jackson/annotation/JsonPropertyDescription
instanceKlass com/fasterxml/jackson/annotation/JsonPropertyOrder
instanceKlass com/fasterxml/jackson/databind/annotation/JsonNaming
instanceKlass com/fasterxml/jackson/annotation/JacksonInject
instanceKlass com/fasterxml/jackson/databind/introspect/POJOPropertyBuilder$6
instanceKlass com/fasterxml/jackson/databind/introspect/POJOPropertyBuilder$5
instanceKlass com/fasterxml/jackson/annotation/JsonCreator
instanceKlass com/fasterxml/jackson/databind/introspect/MethodGenericTypeResolver
instanceKlass com/fasterxml/jackson/annotation/JsonAutoDetect$1
instanceKlass com/fasterxml/jackson/annotation/JsonGetter
instanceKlass com/fasterxml/jackson/databind/introspect/AnnotatedMethodMap
instanceKlass com/fasterxml/jackson/databind/introspect/AnnotatedMethodCollector$MethodBuilder
instanceKlass com/fasterxml/jackson/databind/introspect/MemberKey
instanceKlass com/example/WebApartment/DTO/UserDTO$UserDTOBuilder
instanceKlass com/fasterxml/jackson/databind/introspect/POJOPropertyBuilder$Linked
instanceKlass com/fasterxml/jackson/databind/AnnotationIntrospector$ReferenceProperty
instanceKlass com/fasterxml/jackson/databind/introspect/POJOPropertyBuilder$WithMember
instanceKlass com/fasterxml/jackson/annotation/JsonIgnore
instanceKlass com/fasterxml/jackson/annotation/JsonSetter
instanceKlass com/fasterxml/jackson/annotation/JsonAnySetter
instanceKlass com/fasterxml/jackson/annotation/JsonAnyGetter
instanceKlass com/fasterxml/jackson/annotation/JsonValue
instanceKlass com/fasterxml/jackson/annotation/JsonKey
instanceKlass jakarta/validation/constraints/NotBlank$List
instanceKlass com/fasterxml/jackson/annotation/JacksonAnnotationsInside
instanceKlass com/fasterxml/jackson/databind/introspect/AnnotatedFieldCollector$FieldBuilder
instanceKlass com/fasterxml/jackson/databind/introspect/TypeResolutionContext$Basic
instanceKlass com/fasterxml/jackson/databind/introspect/AnnotationMap
instanceKlass com/fasterxml/jackson/databind/introspect/CollectorBase
instanceKlass com/fasterxml/jackson/databind/deser/impl/CreatorCollector
instanceKlass com/fasterxml/jackson/core/JsonLocation
instanceKlass com/fasterxml/jackson/databind/deser/impl/JDKValueInstantiators
instanceKlass com/fasterxml/jackson/databind/annotation/JsonValueInstantiator
instanceKlass com/fasterxml/jackson/databind/util/BeanUtil
instanceKlass com/fasterxml/jackson/databind/jsontype/impl/SubTypeValidator
instanceKlass com/fasterxml/jackson/databind/deser/std/JdkDeserializers
instanceKlass com/fasterxml/jackson/databind/ext/Java7Handlers
instanceKlass org/w3c/dom/Document
instanceKlass org/w3c/dom/Node
instanceKlass com/fasterxml/jackson/databind/ext/OptionalHandlerFactory
instanceKlass com/fasterxml/jackson/databind/util/ArrayIterator
instanceKlass com/fasterxml/jackson/annotation/JsonIdentityInfo
instanceKlass com/fasterxml/jackson/annotation/JsonAutoDetect
instanceKlass com/fasterxml/jackson/databind/introspect/POJOPropertiesCollector
instanceKlass com/fasterxml/jackson/databind/util/internal/PrivateMaxEntriesMap$AddTask
instanceKlass com/fasterxml/jackson/databind/util/internal/PrivateMaxEntriesMap$WeightedValue
instanceKlass com/fasterxml/jackson/databind/type/ClassStack
instanceKlass org/springframework/web/servlet/mvc/method/annotation/AbstractMessageConverterMethodArgumentResolver$EmptyBodyCheckingHttpInputMessage
instanceKlass org/springframework/security/web/firewall/StrictHttpFirewall$StrictFirewalledRequest$1
instanceKlass org/springframework/security/web/firewall/StrictHttpFirewall$StrictFirewalledRequest$2
instanceKlass org/apache/tomcat/util/http/NamesEnumerator
instanceKlass org/springframework/http/server/ServerHttpAsyncRequestControl
instanceKlass org/springframework/http/server/ServletServerHttpRequest
instanceKlass org/springframework/web/bind/annotation/MatrixVariable
instanceKlass jakarta/servlet/http/Part
instanceKlass org/springframework/web/multipart/support/MultipartResolutionDelegate
instanceKlass org/springframework/web/bind/annotation/RequestPart
instanceKlass org/springframework/web/bind/annotation/ModelAttribute
instanceKlass  @bci org/springframework/ui/ModelMap mergeAttributes (Ljava/util/Map;)Lorg/springframework/ui/ModelMap; 6 <appendix> member <vmtarget> ; # org/springframework/ui/ModelMap$$Lambda+0x0000020a28c2cfd0
instanceKlass org/springframework/web/servlet/support/RequestContextUtils
instanceKlass org/springframework/web/bind/support/SimpleSessionStatus
instanceKlass org/springframework/web/bind/support/SessionStatus
instanceKlass  @bci org/springframework/web/servlet/mvc/method/annotation/RequestMappingHandlerAdapter getModelFactory (Lorg/springframework/web/method/HandlerMethod;Lorg/springframework/web/bind/support/WebDataBinderFactory;)Lorg/springframework/web/method/annotation/ModelFactory; 76 <appendix> member <vmtarget> ; # org/springframework/web/servlet/mvc/method/annotation/RequestMappingHandlerAdapter$$Lambda+0x0000020a28c2b7f8
instanceKlass org/springframework/web/bind/annotation/SessionAttributes
instanceKlass  @bci org/springframework/web/servlet/mvc/method/annotation/RequestMappingHandlerAdapter getSessionAttributesHandler (Lorg/springframework/web/method/HandlerMethod;)Lorg/springframework/web/method/annotation/SessionAttributesHandler; 9 <appendix> member <vmtarget> ; # org/springframework/web/servlet/mvc/method/annotation/RequestMappingHandlerAdapter$$Lambda+0x0000020a28c2b3c0
instanceKlass org/springframework/validation/DataBinder$NameResolver
instanceKlass  @bci org/springframework/web/servlet/mvc/method/annotation/RequestMappingHandlerAdapter getDataBinderFactory (Lorg/springframework/web/method/HandlerMethod;)Lorg/springframework/web/bind/support/WebDataBinderFactory; 60 <appendix> member <vmtarget> ; # org/springframework/web/servlet/mvc/method/annotation/RequestMappingHandlerAdapter$$Lambda+0x0000020a28c2a0a8
instanceKlass org/springframework/web/bind/annotation/InitBinder
instanceKlass  @bci org/springframework/core/MethodIntrospector selectMethods (Ljava/lang/Class;Lorg/springframework/util/ReflectionUtils$MethodFilter;)Ljava/util/Set; 2 <appendix> member <vmtarget> ; # org/springframework/core/MethodIntrospector$$Lambda+0x0000020a28c29c90
instanceKlass  @bci org/springframework/web/context/request/async/WebAsyncManager setAsyncWebRequest (Lorg/springframework/web/context/request/async/AsyncWebRequest;)V 16 <appendix> member <vmtarget> ; # org/springframework/web/context/request/async/WebAsyncManager$$Lambda+0x0000020a28c29a70
instanceKlass org/springframework/orm/jpa/support/AsyncRequestInterceptor
instanceKlass org/springframework/transaction/support/ResourceHolderSupport
instanceKlass org/springframework/transaction/support/ResourceHolder
instanceKlass org/springframework/web/util/WebUtils
instanceKlass org/springframework/core/log/LogFormatUtils
instanceKlass  @bci org/springframework/web/servlet/DispatcherServlet logRequest (Ljakarta/servlet/http/HttpServletRequest;)V 6 <appendix> member <vmtarget> ; # org/springframework/web/servlet/DispatcherServlet$$Lambda+0x0000020a28c266c0
instanceKlass org/springframework/web/servlet/FrameworkServlet$RequestBindingInterceptor
instanceKlass  @bci org/springframework/web/servlet/DispatcherServlet buildLocaleContext (Ljakarta/servlet/http/HttpServletRequest;)Lorg/springframework/context/i18n/LocaleContext; 27 <appendix> member <vmtarget> ; # org/springframework/web/servlet/DispatcherServlet$$Lambda+0x0000020a28c26228
instanceKlass org/springframework/web/servlet/LocaleContextResolver
instanceKlass  @bci org/springframework/security/web/ObservationFilterChainDecorator$AroundFilterObservation$SimpleAroundFilterObservation wrap (Ljakarta/servlet/FilterChain;)Ljakarta/servlet/FilterChain; 2 <appendix> member <vmtarget> ; # org/springframework/security/web/ObservationFilterChainDecorator$AroundFilterObservation$SimpleAroundFilterObservation$$Lambda+0x0000020a28c25e10
instanceKlass  @bci org/springframework/security/web/ObservationFilterChainDecorator$FilterObservation$SimpleFilterObservation wrap (Ljakarta/servlet/FilterChain;)Ljakarta/servlet/FilterChain; 16 <appendix> member <vmtarget> ; # org/springframework/security/web/ObservationFilterChainDecorator$FilterObservation$SimpleFilterObservation$$Lambda+0x0000020a28c25bf0
instanceKlass org/springframework/security/web/ObservationFilterChainDecorator$FilterObservation$SimpleFilterObservation
instanceKlass  @bci io/micrometer/observation/Observation createNotStarted (Ljava/lang/String;Lio/micrometer/observation/ObservationRegistry;)Lio/micrometer/observation/Observation; 1 <appendix> argL0 ; # io/micrometer/observation/Observation$$Lambda+0x0000020a28c25770
instanceKlass  @bci org/springframework/security/web/access/intercept/AuthorizationFilter doFilter (Ljakarta/servlet/ServletRequest;Ljakarta/servlet/ServletResponse;Ljakarta/servlet/FilterChain;)V 101 <appendix> member <vmtarget> ; # org/springframework/security/web/access/intercept/AuthorizationFilter$$Lambda+0x0000020a28c25550
instanceKlass  @bci io/micrometer/observation/SimpleObservation notifyOnObservationStopped (Lio/micrometer/observation/Observation$Context;)V 10 <appendix> member <vmtarget> ; # io/micrometer/observation/SimpleObservation$$Lambda+0x0000020a28c25320
instanceKlass  @bci org/springframework/web/servlet/handler/PathPatternMatchableHandlerMapping match (Ljakarta/servlet/http/HttpServletRequest;Ljava/lang/String;)Lorg/springframework/web/servlet/handler/RequestMatchResult; 7 <appendix> member <vmtarget> ; # org/springframework/web/servlet/handler/PathPatternMatchableHandlerMapping$$Lambda+0x0000020a28c250e0
instanceKlass  @bci org/springframework/security/authorization/ObservationAuthorizationManager check (Ljava/util/function/Supplier;Ljava/lang/Object;)Lorg/springframework/security/authorization/AuthorizationDecision; 23 <appendix> member <vmtarget> ; # org/springframework/security/authorization/ObservationAuthorizationManager$$Lambda+0x0000020a28c24ec0
instanceKlass  @bci org/springframework/security/authorization/ObservationAuthorizationManager check (Ljava/util/function/Supplier;Ljava/lang/Object;)Lorg/springframework/security/authorization/AuthorizationDecision; 11 <appendix> member <vmtarget> ; # org/springframework/security/authorization/ObservationAuthorizationManager$$Lambda+0x0000020a28c24ca0
instanceKlass  @bci org/springframework/security/web/access/intercept/AuthorizationFilter doFilter (Ljakarta/servlet/ServletRequest;Ljakarta/servlet/ServletResponse;Ljakarta/servlet/FilterChain;)V 82 <appendix> member <vmtarget> ; # org/springframework/security/web/access/intercept/AuthorizationFilter$$Lambda+0x0000020a28c246d8
instanceKlass  @bci org/springframework/security/web/authentication/AnonymousAuthenticationFilter defaultWithAnonymous (Ljakarta/servlet/http/HttpServletRequest;Ljava/util/function/Supplier;)Ljava/util/function/Supplier; 3 <appendix> member <vmtarget> ; # org/springframework/security/web/authentication/AnonymousAuthenticationFilter$$Lambda+0x0000020a28c244b8
instanceKlass  @bci org/springframework/security/web/firewall/FirewalledResponse validateCrlf (Ljava/lang/String;Ljava/lang/String;)V 22 <appendix> member <vmtarget> ; # org/springframework/security/web/firewall/FirewalledResponse$$Lambda+0x0000020a28c23058
instanceKlass org/springframework/web/util/UriUtils
instanceKlass  @bci org/springframework/security/core/context/ThreadLocalSecurityContextHolderStrategy setDeferredContext (Ljava/util/function/Supplier;)V 7 <appendix> member <vmtarget> ; # org/springframework/security/core/context/ThreadLocalSecurityContextHolderStrategy$$Lambda+0x0000020a28c21818
instanceKlass org/springframework/security/web/context/DelegatingSecurityContextRepository$DelegatingDeferredSecurityContext
instanceKlass  @bci org/springframework/security/web/context/RequestAttributeSecurityContextRepository loadDeferredContext (Ljakarta/servlet/http/HttpServletRequest;)Lorg/springframework/security/core/context/DeferredSecurityContext; 2 <appendix> member <vmtarget> ; # org/springframework/security/web/context/RequestAttributeSecurityContextRepository$$Lambda+0x0000020a28c213c0
instanceKlass org/springframework/security/web/context/SupplierDeferredSecurityContext
instanceKlass  @bci org/springframework/security/web/context/HttpSessionSecurityContextRepository loadDeferredContext (Ljakarta/servlet/http/HttpServletRequest;)Lorg/springframework/security/core/context/DeferredSecurityContext; 2 <appendix> member <vmtarget> ; # org/springframework/security/web/context/HttpSessionSecurityContextRepository$$Lambda+0x0000020a28c20f68
instanceKlass org/springframework/security/web/context/request/async/SecurityContextCallableProcessingInterceptor
instanceKlass org/springframework/web/context/request/async/TimeoutDeferredResultProcessingInterceptor
instanceKlass org/springframework/web/context/request/async/TimeoutCallableProcessingInterceptor
instanceKlass org/springframework/web/context/request/async/AsyncWebRequest
instanceKlass org/springframework/web/context/request/async/WebAsyncUtils
instanceKlass io/micrometer/observation/SimpleEvent
instanceKlass  @bci org/springframework/security/web/ObservationFilterChainDecorator$AroundFilterObservation$SimpleAroundFilterObservation wrap (Ljakarta/servlet/Filter;)Ljakarta/servlet/Filter; 2 <appendix> member <vmtarget> ; # org/springframework/security/web/ObservationFilterChainDecorator$AroundFilterObservation$SimpleAroundFilterObservation$$Lambda+0x0000020a28c1f650
instanceKlass  @bci org/springframework/security/web/ObservationFilterChainDecorator$ObservationFilter doFilter (Ljakarta/servlet/ServletRequest;Ljakarta/servlet/ServletResponse;Ljakarta/servlet/FilterChain;)V 21 <appendix> member <vmtarget> ; # org/springframework/security/web/ObservationFilterChainDecorator$ObservationFilter$$Lambda+0x0000020a28c1f410
instanceKlass org/springframework/security/web/ObservationFilterChainDecorator$AroundFilterObservation$SimpleAroundFilterObservation$ObservationReference
instanceKlass org/springframework/security/web/ObservationFilterChainDecorator$AroundFilterObservation$SimpleAroundFilterObservation
instanceKlass org/springframework/security/web/ObservationFilterChainDecorator$FilterObservation$1
instanceKlass org/springframework/security/web/ObservationFilterChainDecorator$AroundFilterObservation$1
instanceKlass org/springframework/security/web/ObservationFilterChainDecorator$AroundFilterObservation
instanceKlass org/springframework/security/web/ObservationFilterChainDecorator$FilterObservation
instanceKlass  @bci org/springframework/security/web/ObservationFilterChainDecorator$ObservationFilter parent (Ljakarta/servlet/http/HttpServletRequest;)Lorg/springframework/security/web/ObservationFilterChainDecorator$AroundFilterObservation; 32 <appendix> member <vmtarget> ; # org/springframework/security/web/ObservationFilterChainDecorator$ObservationFilter$$Lambda+0x0000020a28c1e470
instanceKlass io/micrometer/observation/NoopObservationConvention
instanceKlass  @bci org/springframework/security/web/ObservationFilterChainDecorator$ObservationFilter parent (Ljakarta/servlet/http/HttpServletRequest;)Lorg/springframework/security/web/ObservationFilterChainDecorator$AroundFilterObservation; 13 <appendix> member <vmtarget> ; # org/springframework/security/web/ObservationFilterChainDecorator$ObservationFilter$$Lambda+0x0000020a28c1e018
instanceKlass org/springframework/security/web/ObservationFilterChainDecorator$FilterChainObservationConvention
instanceKlass org/springframework/security/web/ObservationFilterChainDecorator$ObservationFilter
instanceKlass  @bci org/springframework/security/web/ObservationFilterChainDecorator wrapSecured (Ljakarta/servlet/FilterChain;)Ljakarta/servlet/FilterChain; 2 <appendix> member <vmtarget> ; # org/springframework/security/web/ObservationFilterChainDecorator$$Lambda+0x0000020a28c1d5f0
instanceKlass org/springframework/security/web/ObservationFilterChainDecorator$VirtualFilterChain
instanceKlass  @bci org/springframework/security/web/FilterChainProxy doFilterInternal (Ljakarta/servlet/ServletRequest;Ljakarta/servlet/ServletResponse;Ljakarta/servlet/FilterChain;)V 139 <appendix> member <vmtarget> ; # org/springframework/security/web/FilterChainProxy$$Lambda+0x0000020a28c1d1b0
instanceKlass org/springframework/web/servlet/handler/HandlerMappingIntrospector$LookupPathMatchableHandlerMapping
instanceKlass org/springframework/web/servlet/handler/AbstractHandlerMapping$CorsInterceptor
instanceKlass  @bci org/springframework/web/servlet/mvc/method/RequestMappingInfoHandlerMapping extractMatchDetails (Lorg/springframework/web/servlet/mvc/condition/PathPatternsRequestCondition;Ljava/lang/String;Ljakarta/servlet/http/HttpServletRequest;)V 102 <appendix> member <vmtarget> ; # org/springframework/web/servlet/mvc/method/RequestMappingInfoHandlerMapping$$Lambda+0x0000020a28c1c598
instanceKlass  @bci org/springframework/web/servlet/mvc/method/RequestMappingInfoHandlerMapping extractMatchDetails (Lorg/springframework/web/servlet/mvc/condition/PathPatternsRequestCondition;Ljava/lang/String;Ljakarta/servlet/http/HttpServletRequest;)V 53 <appendix> member <vmtarget> ; # org/springframework/web/servlet/mvc/method/RequestMappingInfoHandlerMapping$$Lambda+0x0000020a28c1c378
instanceKlass org/springframework/web/util/pattern/PathPattern$PathMatchInfo
instanceKlass org/springframework/web/servlet/handler/AbstractHandlerMethodMapping$Match
instanceKlass  @bci org/springframework/web/util/ServletRequestPathUtils getParsedRequestPath (Ljakarta/servlet/ServletRequest;)Lorg/springframework/http/server/RequestPath; 14 <appendix> argL0 ; # org/springframework/web/util/ServletRequestPathUtils$$Lambda+0x0000020a28c1bd30
instanceKlass org/springframework/web/servlet/mvc/method/RequestMappingInfoHandlerMapping$PartialMatchHelper
instanceKlass org/springframework/web/cors/CorsUtils
instanceKlass org/springframework/http/server/DefaultRequestPath
instanceKlass org/apache/catalina/core/ApplicationMapping$MappingImpl
instanceKlass org/apache/catalina/core/ApplicationMapping$1
instanceKlass org/springframework/web/util/ServletRequestPathUtils$ServletRequestPath
instanceKlass org/springframework/web/util/ServletRequestPathUtils
instanceKlass  @bci org/springframework/web/servlet/handler/HandlerMappingIntrospector setCache (Ljakarta/servlet/http/HttpServletRequest;)Lorg/springframework/web/servlet/handler/HandlerMappingIntrospector$CachedResult; 40 <appendix> member <vmtarget> ; # org/springframework/web/servlet/handler/HandlerMappingIntrospector$$Lambda+0x0000020a28c1ab78
instanceKlass org/springframework/web/filter/CompositeFilter$VirtualFilterChain
instanceKlass org/springframework/context/i18n/SimpleLocaleContext
instanceKlass org/springframework/context/i18n/LocaleContextHolder
instanceKlass io/micrometer/observation/NoopObservation$NoopScope
instanceKlass io/micrometer/observation/SimpleObservation$SimpleScope
instanceKlass io/micrometer/core/instrument/Timer$Sample
instanceKlass  @bci io/micrometer/core/instrument/internal/DefaultLongTaskTimer takeSnapshot ()Lio/micrometer/core/instrument/distribution/HistogramSnapshot; 641 <appendix> argL0 ; # io/micrometer/core/instrument/internal/DefaultLongTaskTimer$$Lambda+0x0000020a28c19988
instanceKlass  @bci java/util/concurrent/ArrayBlockingQueue removeAll (Ljava/util/Collection;)Z 7 <appendix> member <vmtarget> ; # java/util/concurrent/ArrayBlockingQueue$$Lambda+0x0000020a28bee998
instanceKlass java/util/concurrent/ArrayBlockingQueue$Itr
instanceKlass  @bci io/micrometer/core/instrument/internal/DefaultLongTaskTimer takeSnapshot ()Lio/micrometer/core/instrument/distribution/HistogramSnapshot; 101 <appendix> member <vmtarget> ; # io/micrometer/core/instrument/internal/DefaultLongTaskTimer$$Lambda+0x0000020a28c19738
instanceKlass  @bci io/micrometer/core/instrument/MeterRegistry$More longTaskTimer (Lio/micrometer/core/instrument/Meter$Id;Lio/micrometer/core/instrument/distribution/DistributionStatisticConfig;)Lio/micrometer/core/instrument/LongTaskTimer; 14 <appendix> argL0 ; # io/micrometer/core/instrument/MeterRegistry$More$$Lambda+0x0000020a28c18f08
instanceKlass io/micrometer/core/instrument/LongTaskTimer$Sample
instanceKlass  @bci io/micrometer/core/instrument/MeterRegistry$More longTaskTimer (Lio/micrometer/core/instrument/Meter$Id;Lio/micrometer/core/instrument/distribution/DistributionStatisticConfig;)Lio/micrometer/core/instrument/LongTaskTimer; 9 <appendix> member <vmtarget> ; # io/micrometer/core/instrument/MeterRegistry$More$$Lambda+0x0000020a28c184e0
instanceKlass io/micrometer/core/instrument/LongTaskTimer$Builder
instanceKlass io/micrometer/common/KeyValues$ArrayIterator
instanceKlass org/springframework/http/server/observation/DefaultServerRequestObservationConvention$HttpOutcome
instanceKlass  @bci org/springframework/http/HttpStatusCode valueOf (I)Lorg/springframework/http/HttpStatusCode; 19 <appendix> member <vmtarget> ; # org/springframework/http/HttpStatusCode$$Lambda+0x0000020a28c17a58
instanceKlass io/micrometer/observation/SimpleObservation
instanceKlass io/micrometer/observation/NoopObservation
instanceKlass  @bci org/springframework/web/filter/ServerHttpObservationFilter createOrFetchObservation (Ljakarta/servlet/http/HttpServletRequest;Ljakarta/servlet/http/HttpServletResponse;)Lio/micrometer/observation/Observation; 40 <appendix> member <vmtarget> ; # org/springframework/web/filter/ServerHttpObservationFilter$$Lambda+0x0000020a28c16df8
instanceKlass  @bci org/springframework/http/server/observation/ServerRequestObservationContext <init> (Ljakarta/servlet/http/HttpServletRequest;Ljakarta/servlet/http/HttpServletResponse;)V 1 <appendix> argL0 ; # org/springframework/http/server/observation/ServerRequestObservationContext$$Lambda+0x0000020a28c15ec0
instanceKlass io/micrometer/observation/transport/Propagator$Getter
instanceKlass org/apache/catalina/util/TLSUtil
instanceKlass org/apache/catalina/connector/ResponseFacade
instanceKlass org/apache/catalina/core/ApplicationFilterFactory$1
instanceKlass org/apache/catalina/util/FilterUtil
instanceKlass org/apache/catalina/core/ApplicationFilterChain
instanceKlass org/apache/catalina/core/ApplicationFilterFactory
instanceKlass org/apache/coyote/AbstractProcessor$1
instanceKlass jakarta/security/auth/message/config/AuthConfigProvider
instanceKlass jakarta/security/auth/message/config/ServerAuthConfig
instanceKlass jakarta/security/auth/message/config/AuthConfig
instanceKlass jakarta/security/auth/message/config/ServerAuthContext
instanceKlass jakarta/security/auth/message/ServerAuth
instanceKlass  @bci jakarta/security/auth/message/config/AuthConfigFactory getFactory ()Ljakarta/security/auth/message/config/AuthConfigFactory; 32 <appendix> member <vmtarget> ; # jakarta/security/auth/message/config/AuthConfigFactory$$Lambda+0x0000020a28c13020
instanceKlass  @bci jakarta/security/auth/message/config/AuthConfigFactory getFactoryClassName ()Ljava/lang/String; 0 <appendix> argL0 ; # jakarta/security/auth/message/config/AuthConfigFactory$$Lambda+0x0000020a28c12e08
instanceKlass jakarta/security/auth/message/config/AuthConfigFactory
instanceKlass org/apache/catalina/connector/RequestFacade
instanceKlass org/apache/catalina/util/SessionConfig
instanceKlass org/apache/tomcat/util/buf/UEncoder
instanceKlass org/apache/tomcat/util/collections/ConcurrentCache
instanceKlass org/apache/tomcat/util/http/parser/MediaTypeCache
instanceKlass org/apache/catalina/connector/Response
instanceKlass org/apache/catalina/core/ApplicationMapping
instanceKlass org/apache/catalina/mapper/MappingData
instanceKlass org/apache/catalina/util/ParameterMap
instanceKlass org/apache/tomcat/util/buf/ByteChunk$ByteInputChannel
instanceKlass org/apache/catalina/connector/Request$8
instanceKlass org/apache/catalina/connector/Request$7
instanceKlass org/apache/catalina/connector/Request$6
instanceKlass org/apache/catalina/connector/Request$5
instanceKlass org/apache/catalina/connector/Request$4
instanceKlass org/apache/catalina/connector/Request$3
instanceKlass org/apache/catalina/connector/Request$2
instanceKlass org/apache/catalina/connector/Request$1
instanceKlass org/apache/catalina/connector/Request$SpecialAttributeAdapter
instanceKlass org/apache/tomcat/util/http/fileupload/RequestContext
instanceKlass org/apache/tomcat/util/http/fileupload/FileItemFactory
instanceKlass jakarta/servlet/http/PushBuilder
instanceKlass jakarta/servlet/AsyncContext
instanceKlass jakarta/servlet/http/HttpServletMapping
instanceKlass org/apache/catalina/connector/Request
instanceKlass org/apache/tomcat/util/http/parser/Host
instanceKlass sun/nio/cs/ThreadLocalCoders$Cache
instanceKlass sun/nio/cs/ThreadLocalCoders
instanceKlass org/apache/tomcat/util/http/parser/TokenList
instanceKlass org/apache/tomcat/util/http/ValuesEnumerator
instanceKlass org/apache/tomcat/util/buf/Ascii
instanceKlass  @bci org/apache/coyote/AbstractProtocol$ConnectionHandler register (Lorg/apache/coyote/Processor;)V 68 <adapter> ; # java/lang/invoke/LambdaForm$MH+0x0000020a28c0b800
# instanceKlass java/lang/invoke/LambdaForm$DMH+0x0000020a28c0b400
instanceKlass  @bci org/apache/coyote/AbstractProtocol$ConnectionHandler register (Lorg/apache/coyote/Processor;)V 68 <appendix> form vmentry <vmtarget> ; # java/lang/invoke/LambdaForm$MH+0x0000020a28c0b000
# instanceKlass java/lang/invoke/LambdaForm$MH+0x0000020a28c0ac00
instanceKlass  @bci org/apache/coyote/AbstractProtocol$ConnectionHandler register (Lorg/apache/coyote/Processor;)V 68 <appendix> form names 10 function resolvedHandle form vmentry <vmtarget> ; # java/lang/invoke/LambdaForm$DMH+0x0000020a28c0a800
instanceKlass  @bci org/apache/coyote/AbstractProtocol$ConnectionHandler register (Lorg/apache/coyote/Processor;)V 68 <appendix> argL3 form vmentry <vmtarget> ; # java/lang/invoke/LambdaForm$MH+0x0000020a28c0a400
# instanceKlass java/lang/invoke/LambdaForm$MH+0x0000020a28c0a000
# instanceKlass java/lang/invoke/LambdaForm$MH+0x0000020a28c09c00
# instanceKlass java/lang/invoke/LambdaForm$MH+0x0000020a28c09800
# instanceKlass java/lang/invoke/LambdaForm$MH+0x0000020a28c09400
instanceKlass  @bci org/apache/coyote/AbstractProtocol$ConnectionHandler register (Lorg/apache/coyote/Processor;)V 68 <appendix> form names 14 function resolvedHandle form vmentry <vmtarget> ; # java/lang/invoke/LambdaForm$DMH+0x0000020a28c09000
instanceKlass  @bci org/apache/coyote/AbstractProtocol$ConnectionHandler register (Lorg/apache/coyote/Processor;)V 68 <appendix> argL1 form vmentry <vmtarget> ; # java/lang/invoke/LambdaForm$MH+0x0000020a28c08c00
# instanceKlass java/lang/invoke/LambdaForm$MH+0x0000020a28c08800
# instanceKlass java/lang/invoke/LambdaForm$MH+0x0000020a28c08400
# instanceKlass java/lang/invoke/LambdaForm$MH+0x0000020a28c08000
instanceKlass org/apache/coyote/http11/filters/GzipOutputFilter
instanceKlass org/apache/coyote/http11/filters/BufferedInputFilter
instanceKlass org/apache/coyote/http11/filters/VoidOutputFilter
instanceKlass org/apache/coyote/http11/filters/VoidInputFilter
instanceKlass org/apache/coyote/http11/filters/ChunkedOutputFilter
instanceKlass org/apache/tomcat/util/http/parser/HttpHeaderParser$HeaderParseData
instanceKlass org/apache/tomcat/util/http/parser/HttpHeaderParser
instanceKlass org/apache/coyote/http11/filters/ChunkedInputFilter
instanceKlass org/apache/tomcat/util/http/parser/HttpHeaderParser$HeaderDataSource
instanceKlass org/apache/coyote/http11/filters/IdentityOutputFilter
instanceKlass org/apache/coyote/http11/filters/IdentityInputFilter
instanceKlass org/apache/coyote/http11/Http11OutputBuffer$SocketOutputBuffer
instanceKlass org/apache/coyote/http11/Http11OutputBuffer
instanceKlass org/apache/coyote/http11/Http11InputBuffer$SocketInputBuffer
instanceKlass org/apache/coyote/http11/Http11InputBuffer$HeaderParseData
instanceKlass org/apache/coyote/http11/Http11InputBuffer
instanceKlass org/apache/coyote/AsyncStateMachine
instanceKlass org/apache/coyote/RequestInfo
instanceKlass org/apache/tomcat/util/log/UserDataHelper
instanceKlass org/apache/tomcat/util/http/Parameters
instanceKlass org/apache/tomcat/util/http/ServerCookie
instanceKlass org/apache/tomcat/util/http/ServerCookies
instanceKlass org/apache/tomcat/util/http/MimeHeaderField
instanceKlass org/apache/tomcat/util/http/MimeHeaders
instanceKlass org/apache/tomcat/util/buf/AbstractChunk
instanceKlass org/apache/tomcat/util/buf/MessageBytes$MessageBytesFactory
instanceKlass org/apache/tomcat/util/buf/MessageBytes
instanceKlass org/apache/tomcat/util/net/ApplicationBufferHandler
instanceKlass jakarta/servlet/http/HttpUpgradeHandler
instanceKlass org/apache/coyote/http11/OutputFilter
instanceKlass org/apache/coyote/http11/HttpOutputBuffer
instanceKlass org/apache/coyote/http11/InputFilter
instanceKlass org/apache/coyote/OutputBuffer
instanceKlass org/apache/coyote/InputBuffer
instanceKlass org/apache/coyote/AbstractProcessorLight
instanceKlass org/apache/coyote/ActionHook
instanceKlass java/lang/invoke/ConstantBootstraps
instanceKlass java/nio/channels/SelectionKey
instanceKlass org/apache/tomcat/util/net/NioEndpoint$PollerEvent
instanceKlass sun/nio/ch/SocketChannelImpl$DefaultOptionsHolder
instanceKlass java/util/concurrent/Semaphore
instanceKlass java/util/concurrent/BlockingDeque
instanceKlass org/apache/tomcat/util/net/WriteBuffer
instanceKlass org/apache/tomcat/util/net/SocketWrapperBase$3
instanceKlass org/apache/tomcat/util/net/SocketWrapperBase$2
instanceKlass org/apache/tomcat/util/net/SocketWrapperBase$1
instanceKlass org/apache/tomcat/util/net/SocketWrapperBase$OperationState
instanceKlass org/apache/tomcat/util/net/SendfileDataBase
instanceKlass jakarta/servlet/ServletConnection
instanceKlass org/apache/tomcat/util/net/SocketWrapperBase$CompletionCheck
instanceKlass org/apache/tomcat/util/net/SocketBufferHandler
instanceKlass org/apache/tomcat/PeriodicEventListener
instanceKlass  @bci org/apache/catalina/webresources/Cache backgroundProcess ()V 4 <appendix> argL0 ; # org/apache/catalina/webresources/Cache$$Lambda+0x0000020a28bbdd10
instanceKlass  @bci org/springframework/boot/SpringApplicationRunListeners ready (Lorg/springframework/context/ConfigurableApplicationContext;Ljava/time/Duration;)V 5 <appendix> member <vmtarget> ; # org/springframework/boot/SpringApplicationRunListeners$$Lambda+0x0000020a28bbd8f0
instanceKlass  @bci org/springframework/boot/SpringApplication callRunners (Lorg/springframework/context/ConfigurableApplicationContext;Lorg/springframework/boot/ApplicationArguments;)V 125 <appendix> member <vmtarget> ; # org/springframework/boot/SpringApplication$$Lambda+0x0000020a28bbd6c0
instanceKlass java/util/IdentityHashMap$IdentityHashMapSpliterator
instanceKlass org/springframework/boot/SpringApplication$FactoryAwareOrderSourceProvider
instanceKlass org/springframework/boot/Runner
instanceKlass  @bci io/micrometer/core/instrument/binder/tomcat/TomcatMetrics registerSessionMetrics (Lio/micrometer/core/instrument/MeterRegistry;)V 172 <appendix> argL0 ; # io/micrometer/core/instrument/binder/tomcat/TomcatMetrics$$Lambda+0x0000020a28bbcca8
instanceKlass  @bci io/micrometer/core/instrument/binder/tomcat/TomcatMetrics registerSessionMetrics (Lio/micrometer/core/instrument/MeterRegistry;)V 138 <appendix> argL0 ; # io/micrometer/core/instrument/binder/tomcat/TomcatMetrics$$Lambda+0x0000020a28bbca90
instanceKlass  @bci io/micrometer/core/instrument/binder/tomcat/TomcatMetrics registerSessionMetrics (Lio/micrometer/core/instrument/MeterRegistry;)V 107 <appendix> argL0 ; # io/micrometer/core/instrument/binder/tomcat/TomcatMetrics$$Lambda+0x0000020a28bbc878
instanceKlass  @bci io/micrometer/core/instrument/binder/tomcat/TomcatMetrics registerSessionMetrics (Lio/micrometer/core/instrument/MeterRegistry;)V 76 <appendix> argL0 ; # io/micrometer/core/instrument/binder/tomcat/TomcatMetrics$$Lambda+0x0000020a28bbc660
instanceKlass  @bci io/micrometer/core/instrument/binder/tomcat/TomcatMetrics registerSessionMetrics (Lio/micrometer/core/instrument/MeterRegistry;)V 45 <appendix> argL0 ; # io/micrometer/core/instrument/binder/tomcat/TomcatMetrics$$Lambda+0x0000020a28bbc448
instanceKlass  @bci io/micrometer/core/instrument/binder/tomcat/TomcatMetrics registerSessionMetrics (Lio/micrometer/core/instrument/MeterRegistry;)V 14 <appendix> argL0 ; # io/micrometer/core/instrument/binder/tomcat/TomcatMetrics$$Lambda+0x0000020a28bbc230
instanceKlass  @bci io/micrometer/core/instrument/binder/tomcat/TomcatMetrics registerThreadPoolMetrics (Lio/micrometer/core/instrument/MeterRegistry;)V 5 <appendix> member <vmtarget> ; # io/micrometer/core/instrument/binder/tomcat/TomcatMetrics$$Lambda+0x0000020a28bbc000
instanceKlass  @bci io/micrometer/core/instrument/binder/tomcat/TomcatMetrics registerCacheMetrics (Lio/micrometer/core/instrument/MeterRegistry;)V 5 <appendix> member <vmtarget> ; # io/micrometer/core/instrument/binder/tomcat/TomcatMetrics$$Lambda+0x0000020a28bb3d88
instanceKlass  @bci io/micrometer/core/instrument/binder/tomcat/TomcatMetrics registerServletMetrics (Lio/micrometer/core/instrument/MeterRegistry;)V 5 <appendix> member <vmtarget> ; # io/micrometer/core/instrument/binder/tomcat/TomcatMetrics$$Lambda+0x0000020a28bb3b58
instanceKlass javax/management/NotificationBroadcasterSupport$ListenerInfo
instanceKlass com/sun/jmx/interceptor/DefaultMBeanServerInterceptor$ListenerWrapper
instanceKlass  @bci io/micrometer/core/instrument/binder/tomcat/TomcatMetrics registerMetricsEventually (Ljava/lang/String;Ljava/util/function/BiConsumer;)V 70 <appendix> member <vmtarget> ; # io/micrometer/core/instrument/binder/tomcat/TomcatMetrics$$Lambda+0x0000020a28bb3938
instanceKlass io/micrometer/core/instrument/binder/tomcat/TomcatMetrics$1
instanceKlass  @bci io/micrometer/core/instrument/binder/tomcat/TomcatMetrics registerGlobalRequestMetrics (Lio/micrometer/core/instrument/MeterRegistry;)V 5 <appendix> member <vmtarget> ; # io/micrometer/core/instrument/binder/tomcat/TomcatMetrics$$Lambda+0x0000020a28bb34e0
instanceKlass jdk/management/jfr/FlightRecorderMXBeanImpl$MXBeanListener
instanceKlass jdk/jfr/FlightRecorderListener
instanceKlass jdk/jfr/FlightRecorder
instanceKlass jdk/jfr/Recording
instanceKlass javax/management/StandardMBean$MBeanInfoSafeAction
instanceKlass jdk/jfr/internal/management/StreamManager
instanceKlass jdk/management/jfr/EventTypeInfo
instanceKlass jdk/management/jfr/RecordingInfo
instanceKlass jdk/management/jfr/ConfigurationInfo
instanceKlass jdk/management/jfr/SettingDescriptorInfo$1
instanceKlass jdk/management/jfr/SettingDescriptorInfo
instanceKlass com/sun/management/VMOption
instanceKlass com/sun/management/internal/HotSpotDiagnostic
instanceKlass com/sun/management/HotSpotDiagnosticMXBean
instanceKlass  @bci jdk/jfr/internal/dcmd/DCmdCheck printHelp ()[Ljava/lang/String; 6 <appendix> argL0 ; # jdk/jfr/internal/dcmd/DCmdCheck$$Lambda+0x0000020a28be78f8
instanceKlass  @bci jdk/jfr/internal/dcmd/DCmdDump printHelp ()[Ljava/lang/String; 27 <appendix> argL0 ; # jdk/jfr/internal/dcmd/DCmdDump$$Lambda+0x0000020a28be76e0
instanceKlass  @bci jdk/jfr/internal/dcmd/DCmdStart printHelp ()[Ljava/lang/String; 26 <appendix> argL0 ; # jdk/jfr/internal/dcmd/DCmdStart$$Lambda+0x0000020a28be74c8
instanceKlass  @bci jdk/jfr/internal/jfc/model/JFCModel add (Ljdk/jfr/internal/jfc/model/ControlElement;)V 10 <appendix> argL0 ; # jdk/jfr/internal/jfc/model/JFCModel$$Lambda+0x0000020a28be7290
instanceKlass  @bci jdk/jfr/internal/jfc/model/JFCModel <init> (Ljdk/jfr/internal/jfc/model/XmlConfiguration;)V 25 <appendix> argL0 ; # jdk/jfr/internal/jfc/model/JFCModel$$Lambda+0x0000020a28be7068
instanceKlass jdk/jfr/internal/jfc/model/ControlElement
# instanceKlass java/lang/invoke/LambdaForm$DMH+0x0000020a28bb8000
# instanceKlass java/lang/invoke/LambdaForm$DMH+0x0000020a28bb1c00
instanceKlass jdk/jfr/internal/jfc/model/SettingsLog
instanceKlass jdk/jfr/internal/jfc/model/Utilities
instanceKlass jdk/jfr/internal/jfc/model/XmlElement
instanceKlass jdk/internal/util/xml/impl/Input
instanceKlass jdk/internal/org/xml/sax/InputSource
instanceKlass jdk/internal/org/xml/sax/helpers/DefaultHandler
instanceKlass jdk/internal/org/xml/sax/ErrorHandler
instanceKlass jdk/internal/org/xml/sax/ContentHandler
instanceKlass jdk/internal/org/xml/sax/DTDHandler
instanceKlass jdk/internal/org/xml/sax/EntityResolver
instanceKlass jdk/internal/util/xml/impl/Pair
instanceKlass jdk/internal/util/xml/impl/Attrs
instanceKlass jdk/internal/org/xml/sax/Attributes
instanceKlass jdk/internal/util/xml/impl/Parser
instanceKlass jdk/internal/org/xml/sax/Locator
instanceKlass jdk/internal/org/xml/sax/XMLReader
instanceKlass jdk/internal/util/xml/SAXParser
instanceKlass jdk/jfr/internal/jfc/model/Parser
instanceKlass  @bci io/micrometer/core/instrument/binder/jvm/JvmGcMetrics$GcMetricsNotificationListener handleNotification (Ljavax/management/Notification;Ljava/lang/Object;)V 243 <appendix> member <vmtarget> ; # io/micrometer/core/instrument/binder/jvm/JvmGcMetrics$GcMetricsNotificationListener$$Lambda+0x0000020a28bb2a98
instanceKlass  @bci io/micrometer/core/instrument/binder/jvm/JvmGcMetrics$GcMetricsNotificationListener handleNotification (Ljavax/management/Notification;Ljava/lang/Object;)V 212 <appendix> member <vmtarget> ; # io/micrometer/core/instrument/binder/jvm/JvmGcMetrics$GcMetricsNotificationListener$$Lambda+0x0000020a28bb2878
instanceKlass  @bci io/micrometer/core/instrument/binder/jvm/JvmHeapPressureMetrics lambda$monitor$3 (Ljavax/management/Notification;Ljava/lang/Object;)V 115 <appendix> member <vmtarget> ; # io/micrometer/core/instrument/binder/jvm/JvmHeapPressureMetrics$$Lambda+0x0000020a28bb2658
instanceKlass java/util/stream/ReduceOps$8ReducingSink
instanceKlass  @bci java/util/stream/LongPipeline sum ()J 2 <appendix> argL0 ; # java/util/stream/LongPipeline$$Lambda+0x0000020a28be0f08
instanceKlass java/util/function/LongBinaryOperator
instanceKlass  @bci io/micrometer/core/instrument/binder/jvm/JvmHeapPressureMetrics lambda$monitor$3 (Ljavax/management/Notification;Ljava/lang/Object;)V 87 <appendix> member <vmtarget> ; # io/micrometer/core/instrument/binder/jvm/JvmHeapPressureMetrics$$Lambda+0x0000020a28bb2438
instanceKlass  @cpi io/micrometer/core/instrument/binder/jvm/JvmGcMetrics$GcMetricsNotificationListener 296 form vmentry <vmtarget> ; # java/lang/invoke/LambdaForm$DMH+0x0000020a28bb1800
instanceKlass  @bci sun/management/LazyCompositeData isTypeMatched (Ljavax/management/openmbean/CompositeType;Ljavax/management/openmbean/CompositeType;)Z 35 <appendix> member <vmtarget> ; # sun/management/LazyCompositeData$$Lambda+0x0000020a28be0ac0
instanceKlass  @bci jdk/jfr/internal/SecuritySupport newFileInputStream (Ljdk/jfr/internal/SecuritySupport$SafePath;)Ljava/io/InputStream; 1 <appendix> member <vmtarget> ; # jdk/jfr/internal/SecuritySupport$$Lambda+0x0000020a28be0638
instanceKlass  @bci jdk/jfr/internal/SecuritySupport getFileSize (Ljdk/jfr/internal/SecuritySupport$SafePath;)J 1 <appendix> member <vmtarget> ; # jdk/jfr/internal/SecuritySupport$$Lambda+0x0000020a28be0418
instanceKlass com/sun/management/internal/GarbageCollectionNotifInfoCompositeData$1
instanceKlass jdk/jfr/internal/jfc/JFC$KnownConfiguration
instanceKlass jdk/jfr/internal/jfc/model/JFCModel
instanceKlass javax/management/openmbean/CompositeDataSupport
instanceKlass  @bci jdk/jfr/internal/dcmd/DCmdStart jfcOptions ()Ljava/lang/String; 45 <appendix> argL0 ; # jdk/jfr/internal/dcmd/DCmdStart$$Lambda+0x0000020a28bdf920
instanceKlass jdk/jfr/internal/jfc/JFC
instanceKlass javax/management/openmbean/TabularDataSupport
instanceKlass com/sun/management/internal/GcInfoCompositeData$2
instanceKlass  @bci jdk/jfr/internal/SecuritySupport isDirectory (Ljdk/jfr/internal/SecuritySupport$SafePath;)Z 1 <appendix> member <vmtarget> ; # jdk/jfr/internal/SecuritySupport$$Lambda+0x0000020a28bdebc0
instanceKlass com/sun/management/internal/GcInfoCompositeData$1
instanceKlass jdk/jfr/internal/SecuritySupport$1
instanceKlass  @bci jdk/jfr/internal/SecuritySupport getPredefinedJFCFiles ()Ljava/util/List; 8 <appendix> argL0 ; # jdk/jfr/internal/SecuritySupport$$Lambda+0x0000020a28bde2a8
instanceKlass sun/management/MappedMXBeanType$CompositeDataMXBeanType$2
instanceKlass sun/management/MappedMXBeanType$CompositeDataMXBeanType$1
instanceKlass jdk/jfr/internal/consumer/FileAccess
instanceKlass jdk/jfr/internal/SecuritySupport$4
instanceKlass  @bci jdk/jfr/internal/SecuritySupport getPathInProperty (Ljava/lang/String;Ljava/lang/String;)Ljdk/jfr/internal/SecuritySupport$SafePath; 2 <appendix> member <vmtarget> ; # jdk/jfr/internal/SecuritySupport$$Lambda+0x0000020a28bdce90
instanceKlass jdk/jfr/internal/SecuritySupport$SafePath
instanceKlass jdk/jfr/internal/SecuritySupport$CallableWithoutCheckException
instanceKlass sun/management/MappedMXBeanType
instanceKlass jdk/jfr/internal/SecuritySupport
instanceKlass sun/management/LazyCompositeData
instanceKlass  @bci jdk/jfr/internal/dcmd/DCmdStop printHelp ()[Ljava/lang/String; 19 <appendix> argL0 ; # jdk/jfr/internal/dcmd/DCmdStop$$Lambda+0x0000020a28bdb5d0
instanceKlass  @bci sun/management/ManagementFactoryHelper getAllMemoryPoolNames ()[Ljava/lang/String; 16 <appendix> argL0 ; # sun/management/ManagementFactoryHelper$$Lambda+0x0000020a28bdb3b8
instanceKlass  @bci sun/management/ManagementFactoryHelper getAllMemoryPoolNames ()[Ljava/lang/String; 6 <appendix> argL0 ; # sun/management/ManagementFactoryHelper$$Lambda+0x0000020a28bdaf68
instanceKlass  @bci jdk/jfr/internal/dcmd/DCmdView printHelp ()[Ljava/lang/String; 111 <appendix> argL0 ; # jdk/jfr/internal/dcmd/DCmdView$$Lambda+0x0000020a28bdb1a0
instanceKlass com/sun/management/internal/GcInfoBuilder
instanceKlass com/sun/management/GcInfo
instanceKlass jdk/jfr/internal/util/Columnizer$Column
instanceKlass jdk/jfr/internal/util/Tokenizer
instanceKlass jdk/jfr/internal/query/ViewFile
instanceKlass jdk/jfr/internal/util/Columnizer
instanceKlass jdk/jfr/internal/query/ViewPrinter
instanceKlass java/lang/StringLatin1$LinesSpliterator
instanceKlass com/sun/management/internal/DiagnosticCommandImpl$Wrapper
instanceKlass jdk/jfr/internal/util/Output$LinePrinter
instanceKlass jdk/jfr/internal/util/Output
instanceKlass jdk/jfr/internal/dcmd/AbstractDCmd
instanceKlass com/sun/management/internal/DiagnosticCommandArgumentInfo
instanceKlass com/sun/management/internal/DiagnosticCommandInfo
instanceKlass com/sun/management/internal/DiagnosticCommandImpl$OperationInfoComparator
instanceKlass javax/management/MBeanInfo$ArrayGettersSafeAction
instanceKlass javax/management/openmbean/OpenMBeanOperationInfo
instanceKlass java/util/logging/Logging
instanceKlass java/util/logging/LoggingMXBean
instanceKlass sun/management/ManagementFactoryHelper$PlatformLoggingImpl
instanceKlass java/lang/management/PlatformLoggingMXBean
instanceKlass  @bci java/lang/management/DefaultPlatformMBeanProvider$5 nameToMBeanMap ()Ljava/util/Map; 21 <appendix> argL0 ; # java/lang/management/DefaultPlatformMBeanProvider$5$$Lambda+0x0000020a28bd5aa0
instanceKlass  @bci java/lang/management/DefaultPlatformMBeanProvider$5 nameToMBeanMap ()Ljava/util/Map; 11 <appendix> member <vmtarget> ; # java/lang/management/DefaultPlatformMBeanProvider$5$$Lambda+0x0000020a28bd5850
instanceKlass javax/management/DescriptorKey
instanceKlass com/sun/jmx/mbeanserver/PerInterface$MethodAndSig
instanceKlass java/lang/management/LockInfo
instanceKlass com/sun/jmx/mbeanserver/WeakIdentityHashMap
instanceKlass com/sun/jmx/mbeanserver/MXBeanLookup
instanceKlass com/sun/jmx/mbeanserver/PerInterface$InitMaps
instanceKlass com/sun/jmx/mbeanserver/PerInterface
instanceKlass javax/management/openmbean/OpenMBeanAttributeInfo
instanceKlass javax/management/openmbean/OpenMBeanParameterInfo
instanceKlass com/sun/jmx/mbeanserver/MBeanIntrospector$MBeanInfoMaker
instanceKlass com/sun/jmx/mbeanserver/MBeanAnalyzer$MBeanVisitor
instanceKlass com/sun/jmx/mbeanserver/MBeanAnalyzer$AttrMethods
instanceKlass com/sun/jmx/mbeanserver/MXBeanMapping
instanceKlass javax/management/openmbean/TabularData
instanceKlass javax/management/openmbean/CompositeData
instanceKlass javax/management/openmbean/OpenType
instanceKlass com/sun/jmx/mbeanserver/MXBeanMappingFactory
instanceKlass com/sun/jmx/mbeanserver/ConvertingMethod
instanceKlass com/sun/jmx/mbeanserver/MBeanAnalyzer$MethodOrder
instanceKlass com/sun/jmx/mbeanserver/MBeanAnalyzer
instanceKlass com/sun/jmx/mbeanserver/MBeanIntrospector
instanceKlass javax/management/MXBean
instanceKlass com/sun/jmx/mbeanserver/MBeanSupport
instanceKlass com/sun/jmx/mbeanserver/DescriptorCache
instanceKlass javax/management/JMX
instanceKlass javax/management/StandardMBean
instanceKlass  @bci java/lang/management/ManagementFactory addMXBean (Ljavax/management/MBeanServer;Ljava/lang/String;Ljava/lang/Object;)V 8 <appendix> member <vmtarget> ; # java/lang/management/ManagementFactory$$Lambda+0x0000020a28bcd570
instanceKlass  @bci java/lang/management/ManagementFactory getPlatformMBeanServer ()Ljavax/management/MBeanServer; 63 <appendix> argL0 ; # java/lang/management/ManagementFactory$$Lambda+0x0000020a28bcd348
instanceKlass  @bci java/lang/management/ManagementFactory getPlatformMBeanServer ()Ljavax/management/MBeanServer; 53 <appendix> argL0 ; # java/lang/management/ManagementFactory$$Lambda+0x0000020a28bcd110
instanceKlass  @bci java/lang/management/ManagementFactory getPlatformMBeanServer ()Ljavax/management/MBeanServer; 43 <appendix> argL0 ; # java/lang/management/ManagementFactory$$Lambda+0x0000020a28bccec8
instanceKlass com/sun/jmx/mbeanserver/JmxMBeanServer$3
instanceKlass javax/management/ObjectInstance
instanceKlass com/sun/jmx/mbeanserver/NamedObject
instanceKlass com/sun/jmx/interceptor/DefaultMBeanServerInterceptor$ResourceContext$1
instanceKlass com/sun/jmx/interceptor/DefaultMBeanServerInterceptor$ResourceContext
instanceKlass com/sun/jmx/mbeanserver/Repository$RegistrationContext
instanceKlass com/sun/jmx/mbeanserver/DynamicMBean2
instanceKlass com/sun/jmx/defaults/JmxProperties
instanceKlass com/sun/jmx/mbeanserver/Introspector
instanceKlass com/sun/jmx/mbeanserver/JmxMBeanServer$2
instanceKlass com/sun/jmx/interceptor/DefaultMBeanServerInterceptor
instanceKlass com/sun/jmx/interceptor/MBeanServerInterceptor
instanceKlass com/sun/jmx/mbeanserver/Repository
instanceKlass com/sun/jmx/mbeanserver/JmxMBeanServer$1
instanceKlass com/sun/jmx/mbeanserver/SecureClassLoaderRepository
instanceKlass com/sun/jmx/mbeanserver/MBeanInstantiator
instanceKlass com/sun/jmx/mbeanserver/ClassLoaderRepositorySupport$LoaderEntry
instanceKlass com/sun/jmx/mbeanserver/ClassLoaderRepositorySupport
instanceKlass com/sun/jmx/mbeanserver/ModifiableClassLoaderRepository
instanceKlass javax/management/loading/ClassLoaderRepository
instanceKlass javax/management/ImmutableDescriptor
instanceKlass javax/management/Descriptor
instanceKlass javax/management/MBeanInfo
instanceKlass javax/management/MBeanServerDelegate
instanceKlass javax/management/MBeanServerDelegateMBean
instanceKlass com/sun/jmx/mbeanserver/JmxMBeanServer
instanceKlass com/sun/jmx/mbeanserver/SunJmxMBeanServer
instanceKlass javax/management/MBeanServerBuilder
instanceKlass javax/management/MBeanServerFactory
instanceKlass  @bci io/micrometer/core/instrument/TimeGauge builder (Ljava/lang/String;Ljava/util/function/Supplier;Ljava/util/concurrent/TimeUnit;)Lio/micrometer/core/instrument/TimeGauge$Builder; 7 <appendix> argL0 ; # io/micrometer/core/instrument/TimeGauge$$Lambda+0x0000020a28bb2220
instanceKlass  @bci org/springframework/boot/actuate/metrics/startup/StartupTimeMetricsListener registerGauge (Ljava/lang/String;Ljava/lang/String;Ljava/time/Duration;Lorg/springframework/boot/SpringApplication;)V 19 <appendix> member <vmtarget> ; # org/springframework/boot/actuate/metrics/startup/StartupTimeMetricsListener$$Lambda+0x0000020a28bb2000
instanceKlass  @bci org/springframework/boot/SpringApplicationRunListeners started (Lorg/springframework/context/ConfigurableApplicationContext;Ljava/time/Duration;)V 5 <appendix> member <vmtarget> ; # org/springframework/boot/SpringApplicationRunListeners$$Lambda+0x0000020a28bb7dc0
instanceKlass jdk/internal/math/MathUtils
instanceKlass jdk/internal/math/DoubleToDecimal
instanceKlass  @bci org/springframework/web/servlet/resource/ResourceUrlProvider lambda$detectResourceHandlers$1 (Lorg/springframework/web/servlet/handler/AbstractUrlHandlerMapping;)V 5 <appendix> member <vmtarget> ; # org/springframework/web/servlet/resource/ResourceUrlProvider$$Lambda+0x0000020a28bb7b90
instanceKlass  @bci org/springframework/web/servlet/resource/ResourceUrlProvider detectResourceHandlers (Lorg/springframework/context/ApplicationContext;)V 48 <appendix> member <vmtarget> ; # org/springframework/web/servlet/resource/ResourceUrlProvider$$Lambda+0x0000020a28bb7960
instanceKlass  @bci org/springframework/web/servlet/resource/ResourceUrlProvider detectResourceHandlers (Lorg/springframework/context/ApplicationContext;)V 37 <appendix> member <vmtarget> ; # org/springframework/web/servlet/resource/ResourceUrlProvider$$Lambda+0x0000020a28bb7720
instanceKlass  @bci org/springframework/web/servlet/resource/ResourceUrlProvider detectResourceHandlers (Lorg/springframework/context/ApplicationContext;)V 20 <appendix> member <vmtarget> ; # org/springframework/web/servlet/resource/ResourceUrlProvider$$Lambda+0x0000020a28bb74d0
instanceKlass  @bci org/springframework/boot/autoconfigure/condition/ConditionEvaluationReport addNoMatchOutcomeToAncestors (Ljava/lang/String;)V 13 <appendix> member <vmtarget> ; # org/springframework/boot/autoconfigure/condition/ConditionEvaluationReport$$Lambda+0x0000020a28bb72a0
instanceKlass  @bci org/springframework/boot/autoconfigure/condition/ConditionEvaluationReport getConditionAndOutcomesBySource ()Ljava/util/Map; 12 <appendix> member <vmtarget> ; # org/springframework/boot/autoconfigure/condition/ConditionEvaluationReport$$Lambda+0x0000020a28bb7070
instanceKlass  @bci io/micrometer/core/instrument/binder/logging/MetricsTurboFilter decide (Lorg/slf4j/Marker;Lch/qos/logback/classic/Logger;Lch/qos/logback/classic/Level;Ljava/lang/String;[Ljava/lang/Object;Ljava/lang/Throwable;)Lch/qos/logback/core/spi/FilterReply; 50 <appendix> member <vmtarget> ; # io/micrometer/core/instrument/binder/logging/MetricsTurboFilter$$Lambda+0x0000020a28bb6c30
instanceKlass  @bci org/springframework/boot/web/embedded/tomcat/TomcatWebServer getContextPath ()Ljava/lang/String; 70 <appendix> argL0 ; # org/springframework/boot/web/embedded/tomcat/TomcatWebServer$$Lambda+0x0000020a28bb69f8
instanceKlass  @bci org/springframework/boot/web/embedded/tomcat/TomcatWebServer getContextPath ()Ljava/lang/String; 60 <appendix> argL0 ; # org/springframework/boot/web/embedded/tomcat/TomcatWebServer$$Lambda+0x0000020a28bb67c0
instanceKlass  @bci org/springframework/boot/web/embedded/tomcat/TomcatWebServer getContextPath ()Ljava/lang/String; 50 <appendix> member <vmtarget> ; # org/springframework/boot/web/embedded/tomcat/TomcatWebServer$$Lambda+0x0000020a28bb6570
instanceKlass  @bci org/springframework/boot/web/embedded/tomcat/TomcatWebServer getContextPath ()Ljava/lang/String; 39 <appendix> member <vmtarget> ; # org/springframework/boot/web/embedded/tomcat/TomcatWebServer$$Lambda+0x0000020a28bb6330
instanceKlass  @bci org/springframework/boot/web/embedded/tomcat/TomcatWebServer getContextPath ()Ljava/lang/String; 22 <appendix> member <vmtarget> ; # org/springframework/boot/web/embedded/tomcat/TomcatWebServer$$Lambda+0x0000020a28bb60e0
instanceKlass  @bci org/springframework/boot/web/embedded/tomcat/TomcatEmbeddedContext lambda$deferredLoadOnStartup$0 ()V 9 <appendix> member <vmtarget> ; # org/springframework/boot/web/embedded/tomcat/TomcatEmbeddedContext$$Lambda+0x0000020a28bb5eb0
instanceKlass  @bci org/springframework/boot/web/embedded/tomcat/TomcatEmbeddedContext getLoadOnStartupWrappers ([Lorg/apache/catalina/Container;)Ljava/util/stream/Stream; 95 <appendix> argL0 ; # org/springframework/boot/web/embedded/tomcat/TomcatEmbeddedContext$$Lambda+0x0000020a28bb5c78
instanceKlass java/util/TreeMap$TreeMapSpliterator
instanceKlass  @bci org/springframework/boot/web/embedded/tomcat/TomcatEmbeddedContext deferredLoadOnStartup ()V 11 <appendix> member <vmtarget> ; # org/springframework/boot/web/embedded/tomcat/TomcatEmbeddedContext$$Lambda+0x0000020a28bb5a58
instanceKlass  @bci org/apache/coyote/AbstractProtocol startAsyncTimeout ()V 77 <appendix> member <vmtarget> ; # org/apache/coyote/AbstractProtocol$$Lambda+0x0000020a28bb5838
instanceKlass  @bci org/apache/coyote/AbstractProtocol start ()V 58 <appendix> member <vmtarget> ; # org/apache/coyote/AbstractProtocol$$Lambda+0x0000020a28bb5618
instanceKlass org/apache/tomcat/util/net/Acceptor
instanceKlass java/nio/channels/spi/AbstractSelector$1
instanceKlass java/nio/BufferMismatch
instanceKlass java/nio/channels/spi/AbstractInterruptibleChannel$1
instanceKlass sun/nio/ch/Interruptible
instanceKlass  @bci sun/nio/ch/UnixDomainSocketsUtil getTempDir ()Ljava/lang/String; 0 <appendix> argL0 ; # sun/nio/ch/UnixDomainSocketsUtil$$Lambda+0x0000020a28bc53f8
instanceKlass sun/nio/ch/UnixDomainSocketsUtil
instanceKlass sun/nio/ch/UnixDomainSockets
instanceKlass sun/nio/ch/PipeImpl$Initializer$LoopbackConnector
instanceKlass sun/nio/ch/PipeImpl$Initializer
instanceKlass java/nio/channels/Pipe
instanceKlass sun/nio/ch/WEPoll
instanceKlass sun/nio/ch/Util$2
instanceKlass java/nio/channels/Selector
instanceKlass org/apache/tomcat/util/collections/SynchronizedQueue
instanceKlass org/apache/tomcat/util/net/NioEndpoint$Poller
instanceKlass org/apache/tomcat/util/threads/ThreadPoolExecutor$RejectPolicy
instanceKlass org/apache/tomcat/util/threads/ThreadPoolExecutor$RejectedExecutionHandler
instanceKlass  @bci sun/nio/ch/ServerSocketAdaptor create (Lsun/nio/ch/ServerSocketChannelImpl;)Ljava/net/ServerSocket; 1 <appendix> member <vmtarget> ; # sun/nio/ch/ServerSocketAdaptor$$Lambda+0x0000020a28bc2c80
instanceKlass  @bci sun/nio/ch/DefaultSelectorProvider <clinit> ()V 0 <appendix> argL0 ; # sun/nio/ch/DefaultSelectorProvider$$Lambda+0x0000020a28bc2360
instanceKlass sun/nio/ch/DefaultSelectorProvider
instanceKlass  @bci java/nio/channels/spi/SelectorProvider$Holder provider ()Ljava/nio/channels/spi/SelectorProvider; 0 <appendix> argL0 ; # java/nio/channels/spi/SelectorProvider$Holder$$Lambda+0x0000020a28bc1aa8
instanceKlass java/nio/channels/spi/SelectorProvider$Holder
instanceKlass java/nio/channels/spi/SelectorProvider
instanceKlass  @bci org/springframework/context/support/DefaultLifecycleProcessor startBeans (Z)V 43 <appendix> argL0 ; # org/springframework/context/support/DefaultLifecycleProcessor$$Lambda+0x0000020a28baf310
instanceKlass  @bci org/springframework/context/support/DefaultLifecycleProcessor lambda$startBeans$1 (ZLjava/util/Map;Ljava/util/Map;Ljava/lang/String;Lorg/springframework/context/Lifecycle;)V 32 <appendix> member <vmtarget> ; # org/springframework/context/support/DefaultLifecycleProcessor$$Lambda+0x0000020a28baeec8
instanceKlass  @bci org/springframework/context/support/DefaultLifecycleProcessor startBeans (Z)V 18 <adapter> ; # java/lang/invoke/LambdaForm$MH+0x0000020a28bb1400
# instanceKlass java/lang/invoke/LambdaForm$DMH+0x0000020a28bb1000
instanceKlass  @bci org/springframework/context/support/DefaultLifecycleProcessor startBeans (Z)V 18 <appendix> form vmentry <vmtarget> ; # java/lang/invoke/LambdaForm$DMH+0x0000020a28bb0c00
instanceKlass  @bci org/springframework/context/support/DefaultLifecycleProcessor startBeans (Z)V 18 <appendix> member <vmtarget> ; # org/springframework/context/support/DefaultLifecycleProcessor$$Lambda+0x0000020a28baec98
instanceKlass  @cpi org/springframework/context/support/DefaultLifecycleProcessor 497 form vmentry <vmtarget> ; # java/lang/invoke/LambdaForm$DMH+0x0000020a28bb0800
instanceKlass java/util/AbstractMap$KeyIterator
instanceKlass  @bci org/springframework/beans/CachedIntrospectionResults clearClassLoader (Ljava/lang/ClassLoader;)V 44 <appendix> member <vmtarget> ; # org/springframework/beans/CachedIntrospectionResults$$Lambda+0x0000020a28baea48
instanceKlass  @bci org/springframework/beans/CachedIntrospectionResults clearClassLoader (Ljava/lang/ClassLoader;)V 24 <appendix> member <vmtarget> ; # org/springframework/beans/CachedIntrospectionResults$$Lambda+0x0000020a28bae7f8
instanceKlass  @bci org/springframework/beans/CachedIntrospectionResults clearClassLoader (Ljava/lang/ClassLoader;)V 4 <appendix> member <vmtarget> ; # org/springframework/beans/CachedIntrospectionResults$$Lambda+0x0000020a28bae5a8
instanceKlass  @bci org/springframework/boot/actuate/metrics/jdbc/DataSourcePoolMetrics bindTo (Lio/micrometer/core/instrument/MeterRegistry;)V 62 <appendix> argL0 ; # org/springframework/boot/actuate/metrics/jdbc/DataSourcePoolMetrics$$Lambda+0x0000020a28bae370
instanceKlass  @bci org/springframework/boot/actuate/metrics/jdbc/DataSourcePoolMetrics bindTo (Lio/micrometer/core/instrument/MeterRegistry;)V 48 <appendix> argL0 ; # org/springframework/boot/actuate/metrics/jdbc/DataSourcePoolMetrics$$Lambda+0x0000020a28bae138
instanceKlass  @bci org/springframework/boot/actuate/metrics/jdbc/DataSourcePoolMetrics bindTo (Lio/micrometer/core/instrument/MeterRegistry;)V 34 <appendix> argL0 ; # org/springframework/boot/actuate/metrics/jdbc/DataSourcePoolMetrics$$Lambda+0x0000020a28badf00
instanceKlass  @bci org/springframework/boot/actuate/metrics/jdbc/DataSourcePoolMetrics bindDataSource (Lio/micrometer/core/instrument/MeterRegistry;Ljava/lang/String;Ljava/lang/String;Ljava/util/function/Function;)V 26 <appendix> member <vmtarget> ; # org/springframework/boot/actuate/metrics/jdbc/DataSourcePoolMetrics$$Lambda+0x0000020a28badce0
# instanceKlass java/lang/invoke/LambdaForm$MH+0x0000020a28bb0400
# instanceKlass java/lang/invoke/LambdaForm$MH+0x0000020a28bb0000
instanceKlass  @bci org/springframework/boot/actuate/metrics/jdbc/DataSourcePoolMetrics$CachingDataSourcePoolMetadataProvider getValueFunction (Ljava/util/function/Function;)Ljava/util/function/Function; 2 <appendix> member <vmtarget> ; # org/springframework/boot/actuate/metrics/jdbc/DataSourcePoolMetrics$CachingDataSourcePoolMetadataProvider$$Lambda+0x0000020a28bad328
instanceKlass  @bci org/springframework/boot/actuate/metrics/jdbc/DataSourcePoolMetrics bindTo (Lio/micrometer/core/instrument/MeterRegistry;)V 20 <appendix> argL0 ; # org/springframework/boot/actuate/metrics/jdbc/DataSourcePoolMetrics$$Lambda+0x0000020a28bad0f0
instanceKlass  @bci org/springframework/boot/actuate/metrics/jdbc/DataSourcePoolMetrics$CachingDataSourcePoolMetadataProvider getDataSourcePoolMetadata (Ljavax/sql/DataSource;)Lorg/springframework/boot/jdbc/metadata/DataSourcePoolMetadata; 6 <appendix> member <vmtarget> ; # org/springframework/boot/actuate/metrics/jdbc/DataSourcePoolMetrics$CachingDataSourcePoolMetadataProvider$$Lambda+0x0000020a28baceb0
instanceKlass org/springframework/boot/actuate/metrics/jdbc/DataSourcePoolMetrics$CachingDataSourcePoolMetadataProvider
instanceKlass org/springframework/boot/actuate/metrics/jdbc/DataSourcePoolMetrics
instanceKlass  @bci org/springframework/boot/actuate/autoconfigure/metrics/jdbc/DataSourcePoolMetricsAutoConfiguration$DataSourcePoolMetadataMetricsConfiguration$DataSourcePoolMetadataMeterBinder bindTo (Lio/micrometer/core/instrument/MeterRegistry;)V 22 <appendix> member <vmtarget> ; # org/springframework/boot/actuate/autoconfigure/metrics/jdbc/DataSourcePoolMetricsAutoConfiguration$DataSourcePoolMetadataMetricsConfiguration$DataSourcePoolMetadataMeterBinder$$Lambda+0x0000020a28bac828
instanceKlass  @bci com/zaxxer/hikari/metrics/micrometer/MicrometerMetricsTracker <init> (Ljava/lang/String;Lcom/zaxxer/hikari/metrics/PoolStats;Lio/micrometer/core/instrument/MeterRegistry;)V 354 <appendix> argL0 ; # com/zaxxer/hikari/metrics/micrometer/MicrometerMetricsTracker$$Lambda+0x0000020a28bac610
instanceKlass  @bci com/zaxxer/hikari/metrics/micrometer/MicrometerMetricsTracker <init> (Ljava/lang/String;Lcom/zaxxer/hikari/metrics/PoolStats;Lio/micrometer/core/instrument/MeterRegistry;)V 314 <appendix> argL0 ; # com/zaxxer/hikari/metrics/micrometer/MicrometerMetricsTracker$$Lambda+0x0000020a28bac3f8
instanceKlass  @bci com/zaxxer/hikari/metrics/micrometer/MicrometerMetricsTracker <init> (Ljava/lang/String;Lcom/zaxxer/hikari/metrics/PoolStats;Lio/micrometer/core/instrument/MeterRegistry;)V 274 <appendix> argL0 ; # com/zaxxer/hikari/metrics/micrometer/MicrometerMetricsTracker$$Lambda+0x0000020a28bac1e0
instanceKlass  @bci com/zaxxer/hikari/metrics/micrometer/MicrometerMetricsTracker <init> (Ljava/lang/String;Lcom/zaxxer/hikari/metrics/PoolStats;Lio/micrometer/core/instrument/MeterRegistry;)V 234 <appendix> argL0 ; # com/zaxxer/hikari/metrics/micrometer/MicrometerMetricsTracker$$Lambda+0x0000020a28babfc8
instanceKlass  @bci com/zaxxer/hikari/metrics/micrometer/MicrometerMetricsTracker <init> (Ljava/lang/String;Lcom/zaxxer/hikari/metrics/PoolStats;Lio/micrometer/core/instrument/MeterRegistry;)V 194 <appendix> argL0 ; # com/zaxxer/hikari/metrics/micrometer/MicrometerMetricsTracker$$Lambda+0x0000020a28babdb0
instanceKlass  @bci com/zaxxer/hikari/metrics/micrometer/MicrometerMetricsTracker <init> (Ljava/lang/String;Lcom/zaxxer/hikari/metrics/PoolStats;Lio/micrometer/core/instrument/MeterRegistry;)V 154 <appendix> argL0 ; # com/zaxxer/hikari/metrics/micrometer/MicrometerMetricsTracker$$Lambda+0x0000020a28babb98
instanceKlass io/micrometer/core/instrument/distribution/HistogramSnapshot
instanceKlass  @bci io/micrometer/core/instrument/distribution/TimeWindowMax poll (Ljava/util/concurrent/TimeUnit;)D 3 <appendix> member <vmtarget> ; # io/micrometer/core/instrument/distribution/TimeWindowMax$$Lambda+0x0000020a28bab388
instanceKlass java/util/function/DoubleSupplier
instanceKlass io/micrometer/core/instrument/util/TimeUtils$1
instanceKlass io/micrometer/core/instrument/util/TimeUtils
instanceKlass  @bci io/micrometer/core/instrument/distribution/HistogramGauges getHistogramGauges (Lio/micrometer/core/instrument/distribution/HistogramSupport;Lio/micrometer/core/instrument/Meter$Id;Ljava/util/concurrent/TimeUnit;Lio/micrometer/core/instrument/MeterRegistry;)Lio/micrometer/core/instrument/distribution/HistogramGauges; 28 <appendix> member <vmtarget> ; # io/micrometer/core/instrument/distribution/HistogramGauges$$Lambda+0x0000020a28baad48
instanceKlass  @bci io/micrometer/core/instrument/distribution/HistogramGauges getHistogramGauges (Lio/micrometer/core/instrument/distribution/HistogramSupport;Lio/micrometer/core/instrument/Meter$Id;Ljava/util/concurrent/TimeUnit;Lio/micrometer/core/instrument/MeterRegistry;)Lio/micrometer/core/instrument/distribution/HistogramGauges; 21 <appendix> member <vmtarget> ; # io/micrometer/core/instrument/distribution/HistogramGauges$$Lambda+0x0000020a28baab08
instanceKlass io/micrometer/core/instrument/distribution/CountAtBucket
instanceKlass  @bci io/micrometer/core/instrument/distribution/HistogramGauges getHistogramGauges (Lio/micrometer/core/instrument/distribution/HistogramSupport;Lio/micrometer/core/instrument/Meter$Id;Ljava/util/concurrent/TimeUnit;Lio/micrometer/core/instrument/MeterRegistry;)Lio/micrometer/core/instrument/distribution/HistogramGauges; 15 <appendix> member <vmtarget> ; # io/micrometer/core/instrument/distribution/HistogramGauges$$Lambda+0x0000020a28baa6c8
instanceKlass  @bci io/micrometer/core/instrument/distribution/HistogramGauges getHistogramGauges (Lio/micrometer/core/instrument/distribution/HistogramSupport;Lio/micrometer/core/instrument/Meter$Id;Ljava/util/concurrent/TimeUnit;Lio/micrometer/core/instrument/MeterRegistry;)Lio/micrometer/core/instrument/distribution/HistogramGauges; 9 <appendix> member <vmtarget> ; # io/micrometer/core/instrument/distribution/HistogramGauges$$Lambda+0x0000020a28baa488
instanceKlass  @bci io/micrometer/core/instrument/distribution/HistogramGauges getHistogramGauges (Lio/micrometer/core/instrument/distribution/HistogramSupport;Lio/micrometer/core/instrument/Meter$Id;Ljava/util/concurrent/TimeUnit;Lio/micrometer/core/instrument/MeterRegistry;)Lio/micrometer/core/instrument/distribution/HistogramGauges; 3 <appendix> member <vmtarget> ; # io/micrometer/core/instrument/distribution/HistogramGauges$$Lambda+0x0000020a28baa248
instanceKlass io/micrometer/core/instrument/distribution/ValueAtPercentile
instanceKlass io/micrometer/core/instrument/distribution/HistogramGauges
instanceKlass io/micrometer/core/instrument/distribution/TimeWindowMax
instanceKlass io/micrometer/core/instrument/distribution/NoopHistogram
instanceKlass io/micrometer/core/instrument/distribution/Histogram
instanceKlass  @bci io/micrometer/core/instrument/MeterRegistry timer (Lio/micrometer/core/instrument/Meter$Id;Lio/micrometer/core/instrument/distribution/DistributionStatisticConfig;Lio/micrometer/core/instrument/distribution/pause/PauseDetector;)Lio/micrometer/core/instrument/Timer; 12 <appendix> argL0 ; # io/micrometer/core/instrument/MeterRegistry$$Lambda+0x0000020a28ba8d80
instanceKlass  @bci io/micrometer/core/instrument/MeterRegistry timer (Lio/micrometer/core/instrument/Meter$Id;Lio/micrometer/core/instrument/distribution/DistributionStatisticConfig;Lio/micrometer/core/instrument/distribution/pause/PauseDetector;)Lio/micrometer/core/instrument/Timer; 7 <appendix> member <vmtarget> ; # io/micrometer/core/instrument/MeterRegistry$$Lambda+0x0000020a28ba8748
instanceKlass io/micrometer/core/instrument/distribution/DistributionStatisticConfig$Builder
instanceKlass com/zaxxer/hikari/metrics/micrometer/MicrometerMetricsTracker
instanceKlass com/zaxxer/hikari/pool/PoolBase$MetricsTrackerDelegate
instanceKlass com/zaxxer/hikari/metrics/IMetricsTracker
instanceKlass com/zaxxer/hikari/metrics/micrometer/MicrometerMetricsTrackerFactory
instanceKlass  @bci io/micrometer/core/instrument/binder/system/DiskSpaceMetrics bindTo (Lio/micrometer/core/instrument/MeterRegistry;)V 67 <appendix> argL0 ; # io/micrometer/core/instrument/binder/system/DiskSpaceMetrics$$Lambda+0x0000020a28ba5890
instanceKlass  @bci io/micrometer/core/instrument/binder/system/DiskSpaceMetrics bindTo (Lio/micrometer/core/instrument/MeterRegistry;)V 30 <appendix> argL0 ; # io/micrometer/core/instrument/binder/system/DiskSpaceMetrics$$Lambda+0x0000020a28ba5678
instanceKlass io/micrometer/core/instrument/binder/system/DiskSpaceMetrics
instanceKlass  @bci org/springframework/boot/actuate/metrics/system/DiskSpaceMetricsBinder bindTo (Lio/micrometer/core/instrument/MeterRegistry;)V 6 <appendix> member <vmtarget> ; # org/springframework/boot/actuate/metrics/system/DiskSpaceMetricsBinder$$Lambda+0x0000020a28ba5220
instanceKlass  @bci io/micrometer/core/instrument/binder/system/ProcessorMetrics bindTo (Lio/micrometer/core/instrument/MeterRegistry;)V 169 <appendix> member <vmtarget> ; # io/micrometer/core/instrument/binder/system/ProcessorMetrics$$Lambda+0x0000020a28ba5000
instanceKlass  @bci io/micrometer/core/instrument/binder/system/ProcessorMetrics bindTo (Lio/micrometer/core/instrument/MeterRegistry;)V 130 <appendix> member <vmtarget> ; # io/micrometer/core/instrument/binder/system/ProcessorMetrics$$Lambda+0x0000020a28ba7d48
instanceKlass  @bci io/micrometer/core/instrument/binder/system/ProcessorMetrics bindTo (Lio/micrometer/core/instrument/MeterRegistry;)V 91 <appendix> member <vmtarget> ; # io/micrometer/core/instrument/binder/system/ProcessorMetrics$$Lambda+0x0000020a28ba7b28
instanceKlass  @bci io/micrometer/core/instrument/binder/system/ProcessorMetrics bindTo (Lio/micrometer/core/instrument/MeterRegistry;)V 7 <appendix> argL0 ; # io/micrometer/core/instrument/binder/system/ProcessorMetrics$$Lambda+0x0000020a28ba7910
instanceKlass  @bci io/micrometer/core/instrument/binder/system/UptimeMetrics bindTo (Lio/micrometer/core/instrument/MeterRegistry;)V 43 <appendix> argL0 ; # io/micrometer/core/instrument/binder/system/UptimeMetrics$$Lambda+0x0000020a28ba76f8
instanceKlass io/micrometer/core/instrument/MeterRegistry$1
instanceKlass  @bci io/micrometer/core/instrument/MeterRegistry newTimeGauge (Lio/micrometer/core/instrument/Meter$Id;Ljava/lang/Object;Ljava/util/concurrent/TimeUnit;Ljava/util/function/ToDoubleFunction;)Lio/micrometer/core/instrument/TimeGauge; 18 <appendix> member <vmtarget> ; # io/micrometer/core/instrument/MeterRegistry$$Lambda+0x0000020a28ba7200
instanceKlass  @cpi io/micrometer/core/instrument/MeterRegistry 828 form vmentry <vmtarget> ; # java/lang/invoke/LambdaForm$DMH+0x0000020a28ba4c00
instanceKlass  @bci io/micrometer/core/instrument/MeterRegistry$More timeGauge (Lio/micrometer/core/instrument/Meter$Id;Ljava/lang/Object;Ljava/util/concurrent/TimeUnit;Ljava/util/function/ToDoubleFunction;)Lio/micrometer/core/instrument/TimeGauge; 17 <appendix> argL0 ; # io/micrometer/core/instrument/MeterRegistry$More$$Lambda+0x0000020a28ba6fc8
instanceKlass  @bci io/micrometer/core/instrument/MeterRegistry$More timeGauge (Lio/micrometer/core/instrument/Meter$Id;Ljava/lang/Object;Ljava/util/concurrent/TimeUnit;Ljava/util/function/ToDoubleFunction;)Lio/micrometer/core/instrument/TimeGauge; 12 <appendix> member <vmtarget> ; # io/micrometer/core/instrument/MeterRegistry$More$$Lambda+0x0000020a28ba6aa8
instanceKlass io/micrometer/core/instrument/TimeGauge$Builder
instanceKlass  @bci io/micrometer/core/instrument/binder/system/UptimeMetrics bindTo (Lio/micrometer/core/instrument/MeterRegistry;)V 9 <appendix> argL0 ; # io/micrometer/core/instrument/binder/system/UptimeMetrics$$Lambda+0x0000020a28ba6658
instanceKlass  @bci io/micrometer/core/instrument/binder/jvm/JvmCompilationMetrics bindTo (Lio/micrometer/core/instrument/MeterRegistry;)V 20 <appendix> argL0 ; # io/micrometer/core/instrument/binder/jvm/JvmCompilationMetrics$$Lambda+0x0000020a28ba6440
instanceKlass sun/management/CompilationImpl
instanceKlass sun/management/VMManagementImpl$1
instanceKlass java/lang/management/CompilationMXBean
instanceKlass io/micrometer/core/instrument/StrongReferenceGaugeFunction
instanceKlass  @bci io/micrometer/core/instrument/Gauge builder (Ljava/lang/String;Ljava/util/function/Supplier;)Lio/micrometer/core/instrument/Gauge$Builder; 6 <appendix> argL0 ; # io/micrometer/core/instrument/Gauge$$Lambda+0x0000020a28ba6000
instanceKlass  @bci io/micrometer/core/instrument/binder/jvm/JvmInfoMetrics bindTo (Lio/micrometer/core/instrument/MeterRegistry;)V 2 <appendix> argL0 ; # io/micrometer/core/instrument/binder/jvm/JvmInfoMetrics$$Lambda+0x0000020a28ba3ca0
instanceKlass  @bci io/micrometer/core/instrument/binder/jvm/ClassLoaderMetrics bindTo (Lio/micrometer/core/instrument/MeterRegistry;)V 40 <appendix> argL0 ; # io/micrometer/core/instrument/binder/jvm/ClassLoaderMetrics$$Lambda+0x0000020a28ba3a88
instanceKlass  @bci io/micrometer/core/instrument/binder/jvm/ClassLoaderMetrics bindTo (Lio/micrometer/core/instrument/MeterRegistry;)V 7 <appendix> argL0 ; # io/micrometer/core/instrument/binder/jvm/ClassLoaderMetrics$$Lambda+0x0000020a28ba3870
instanceKlass sun/management/ClassLoadingImpl
instanceKlass java/lang/management/ClassLoadingMXBean
instanceKlass  @bci io/micrometer/core/instrument/binder/jvm/JvmThreadMetrics bindTo (Lio/micrometer/core/instrument/MeterRegistry;)V 172 <appendix> member <vmtarget> ; # io/micrometer/core/instrument/binder/jvm/JvmThreadMetrics$$Lambda+0x0000020a28ba3650
instanceKlass  @cpi org/springframework/boot/actuate/metrics/jdbc/DataSourcePoolMetrics 208 form vmentry <vmtarget> ; # java/lang/invoke/LambdaForm$DMH+0x0000020a28ba4800
instanceKlass java/util/stream/Nodes$LongArrayNode
instanceKlass java/util/stream/Node$Builder$OfLong
instanceKlass java/util/stream/Sink$OfLong
instanceKlass java/util/function/LongConsumer
instanceKlass  @bci java/util/stream/LongPipeline toArray ()[J 1 <appendix> argL0 ; # java/util/stream/LongPipeline$$Lambda+0x0000020a286bf6a0
instanceKlass java/util/stream/LongStream
instanceKlass  @bci sun/management/ThreadImpl threadIds ([Ljava/lang/Thread;)[J 4 <appendix> argL0 ; # sun/management/ThreadImpl$$Lambda+0x0000020a286be390
instanceKlass  @bci io/micrometer/core/instrument/binder/jvm/JvmThreadMetrics bindTo (Lio/micrometer/core/instrument/MeterRegistry;)V 106 <appendix> argL0 ; # io/micrometer/core/instrument/binder/jvm/JvmThreadMetrics$$Lambda+0x0000020a28ba3438
instanceKlass  @bci io/micrometer/core/instrument/binder/jvm/JvmThreadMetrics bindTo (Lio/micrometer/core/instrument/MeterRegistry;)V 73 <appendix> argL0 ; # io/micrometer/core/instrument/binder/jvm/JvmThreadMetrics$$Lambda+0x0000020a28ba3220
instanceKlass  @bci io/micrometer/core/instrument/binder/jvm/JvmThreadMetrics bindTo (Lio/micrometer/core/instrument/MeterRegistry;)V 40 <appendix> argL0 ; # io/micrometer/core/instrument/binder/jvm/JvmThreadMetrics$$Lambda+0x0000020a28ba3008
instanceKlass  @bci io/micrometer/core/instrument/binder/jvm/JvmThreadMetrics bindTo (Lio/micrometer/core/instrument/MeterRegistry;)V 7 <appendix> argL0 ; # io/micrometer/core/instrument/binder/jvm/JvmThreadMetrics$$Lambda+0x0000020a28ba2df0
instanceKlass sun/management/ThreadImpl
instanceKlass com/sun/management/ThreadMXBean
instanceKlass  @bci io/micrometer/core/instrument/binder/jvm/JvmMemoryMetrics bindTo (Lio/micrometer/core/instrument/MeterRegistry;)V 309 <appendix> argL0 ; # io/micrometer/core/instrument/binder/jvm/JvmMemoryMetrics$$Lambda+0x0000020a28ba2bd8
instanceKlass  @bci io/micrometer/core/instrument/binder/jvm/JvmMemoryMetrics bindTo (Lio/micrometer/core/instrument/MeterRegistry;)V 278 <appendix> argL0 ; # io/micrometer/core/instrument/binder/jvm/JvmMemoryMetrics$$Lambda+0x0000020a28ba29c0
instanceKlass  @bci io/micrometer/core/instrument/binder/jvm/JvmMemoryMetrics bindTo (Lio/micrometer/core/instrument/MeterRegistry;)V 247 <appendix> argL0 ; # io/micrometer/core/instrument/binder/jvm/JvmMemoryMetrics$$Lambda+0x0000020a28ba27a8
instanceKlass  @bci io/micrometer/core/instrument/binder/jvm/JvmMemoryMetrics bindTo (Lio/micrometer/core/instrument/MeterRegistry;)V 122 <appendix> argL0 ; # io/micrometer/core/instrument/binder/jvm/JvmMemoryMetrics$$Lambda+0x0000020a28ba2590
instanceKlass  @bci io/micrometer/core/instrument/binder/jvm/JvmMemoryMetrics bindTo (Lio/micrometer/core/instrument/MeterRegistry;)V 91 <appendix> argL0 ; # io/micrometer/core/instrument/binder/jvm/JvmMemoryMetrics$$Lambda+0x0000020a28ba2378
instanceKlass  @bci io/micrometer/core/instrument/binder/jvm/JvmMemoryMetrics bindTo (Lio/micrometer/core/instrument/MeterRegistry;)V 60 <appendix> argL0 ; # io/micrometer/core/instrument/binder/jvm/JvmMemoryMetrics$$Lambda+0x0000020a28ba2160
instanceKlass  @bci java/lang/management/DefaultPlatformMBeanProvider$10 nameToMBeanMap ()Ljava/util/Map; 36 <appendix> member <vmtarget> ; # java/lang/management/DefaultPlatformMBeanProvider$10$$Lambda+0x0000020a286bd580
instanceKlass sun/management/ManagementFactoryHelper$1
instanceKlass  @bci sun/management/ManagementFactoryHelper getBufferPoolMXBeans ()Ljava/util/List; 25 <appendix> argL0 ; # sun/management/ManagementFactoryHelper$$Lambda+0x0000020a286bd0d0
instanceKlass sun/nio/ch/FileChannelImpl$2
instanceKlass sun/nio/ch/FileChannelImpl$1
instanceKlass jdk/internal/misc/VM$BufferPoolsHolder
instanceKlass java/lang/management/BufferPoolMXBean
instanceKlass  @bci io/micrometer/core/instrument/binder/jvm/JvmHeapPressureMetrics bindTo (Lio/micrometer/core/instrument/MeterRegistry;)V 64 <appendix> member <vmtarget> ; # io/micrometer/core/instrument/binder/jvm/JvmHeapPressureMetrics$$Lambda+0x0000020a28ba1f40
instanceKlass  @cpi io/micrometer/core/instrument/distribution/TimeWindowMax 190 form vmentry <vmtarget> ; # java/lang/invoke/LambdaForm$DMH+0x0000020a28ba4400
instanceKlass  @bci io/micrometer/core/instrument/binder/jvm/JvmHeapPressureMetrics bindTo (Lio/micrometer/core/instrument/MeterRegistry;)V 18 <appendix> argL0 ; # io/micrometer/core/instrument/binder/jvm/JvmHeapPressureMetrics$$Lambda+0x0000020a28ba1d28
instanceKlass  @bci io/micrometer/core/instrument/binder/jvm/JvmGcMetrics bindTo (Lio/micrometer/core/instrument/MeterRegistry;)V 293 <appendix> member <vmtarget> ; # io/micrometer/core/instrument/binder/jvm/JvmGcMetrics$$Lambda+0x0000020a28ba1b08
instanceKlass  @bci io/micrometer/core/instrument/binder/jvm/JvmGcMetrics bindTo (Lio/micrometer/core/instrument/MeterRegistry;)V 275 <appendix> argL0 ; # io/micrometer/core/instrument/binder/jvm/JvmGcMetrics$$Lambda+0x0000020a28ba18f0
instanceKlass  @bci io/micrometer/core/instrument/MeterRegistry counter (Lio/micrometer/core/instrument/Meter$Id;)Lio/micrometer/core/instrument/Counter; 10 <appendix> argL0 ; # io/micrometer/core/instrument/MeterRegistry$$Lambda+0x0000020a28ba1400
instanceKlass  @bci io/micrometer/core/instrument/MeterRegistry counter (Lio/micrometer/core/instrument/Meter$Id;)Lio/micrometer/core/instrument/Counter; 5 <appendix> member <vmtarget> ; # io/micrometer/core/instrument/MeterRegistry$$Lambda+0x0000020a28ba0f00
instanceKlass io/micrometer/core/instrument/Counter$Builder
instanceKlass  @bci io/micrometer/core/instrument/binder/jvm/JvmGcMetrics bindTo (Lio/micrometer/core/instrument/MeterRegistry;)V 106 <appendix> argL0 ; # io/micrometer/core/instrument/binder/jvm/JvmGcMetrics$$Lambda+0x0000020a28ba0aa8
instanceKlass  @bci io/micrometer/core/instrument/binder/jvm/JvmGcMetrics bindTo (Lio/micrometer/core/instrument/MeterRegistry;)V 59 <appendix> argL0 ; # io/micrometer/core/instrument/binder/jvm/JvmGcMetrics$$Lambda+0x0000020a28ba0890
instanceKlass  @bci io/micrometer/core/instrument/binder/jvm/JvmGcMetrics lambda$bindTo$0 (Ljava/lang/management/MemoryPoolMXBean;)D 1 <appendix> argL0 ; # io/micrometer/core/instrument/binder/jvm/JvmGcMetrics$$Lambda+0x0000020a28ba0678
instanceKlass java/lang/management/MemoryUsage
instanceKlass java/util/stream/Sink$OfDouble
instanceKlass java/util/function/DoubleConsumer
instanceKlass  @bci java/util/stream/DoublePipeline collect (Ljava/util/function/Supplier;Ljava/util/function/ObjDoubleConsumer;Ljava/util/function/BiConsumer;)Ljava/lang/Object; 6 <appendix> member <vmtarget> ; # java/util/stream/DoublePipeline$$Lambda+0x0000020a286bb6e8
instanceKlass  @bci java/util/stream/DoublePipeline sum ()D 11 <appendix> argL0 ; # java/util/stream/DoublePipeline$$Lambda+0x0000020a286bb4c0
instanceKlass  @bci java/util/stream/DoublePipeline sum ()D 6 <appendix> argL0 ; # java/util/stream/DoublePipeline$$Lambda+0x0000020a286bb2a8
instanceKlass  @cpi java/util/stream/DoublePipeline 596 form vmentry <vmtarget> ; # java/lang/invoke/LambdaForm$DMH+0x0000020a28ba4000
instanceKlass java/util/function/ObjDoubleConsumer
instanceKlass  @bci java/util/stream/DoublePipeline sum ()D 1 <appendix> argL0 ; # java/util/stream/DoublePipeline$$Lambda+0x0000020a286bae98
instanceKlass java/util/stream/DoubleStream
instanceKlass  @bci io/micrometer/core/instrument/binder/jvm/JvmGcMetrics bindTo (Lio/micrometer/core/instrument/MeterRegistry;)V 24 <appendix> argL0 ; # io/micrometer/core/instrument/binder/jvm/JvmGcMetrics$$Lambda+0x0000020a28ba0460
instanceKlass  @bci org/springframework/boot/actuate/autoconfigure/metrics/MeterRegistryPostProcessor applyBinders (Lio/micrometer/core/instrument/MeterRegistry;)V 55 <appendix> member <vmtarget> ; # org/springframework/boot/actuate/autoconfigure/metrics/MeterRegistryPostProcessor$$Lambda+0x0000020a28ba0230
instanceKlass  @bci org/springframework/boot/actuate/autoconfigure/metrics/MeterRegistryPostProcessor afterSingletonsInstantiated ()V 17 <appendix> member <vmtarget> ; # org/springframework/boot/actuate/autoconfigure/metrics/MeterRegistryPostProcessor$$Lambda+0x0000020a28ba0000
instanceKlass  @bci org/springframework/boot/actuate/autoconfigure/health/HealthEndpointConfiguration$HealthEndpointGroupMembershipValidator validateGroups ()V 8 <appendix> member <vmtarget> ; # org/springframework/boot/actuate/autoconfigure/health/HealthEndpointConfiguration$HealthEndpointGroupMembershipValidator$$Lambda+0x0000020a28b98400
instanceKlass jakarta/servlet/descriptor/JspConfigDescriptor
instanceKlass  @bci org/springframework/context/event/EventListenerMethodProcessor processBean (Ljava/lang/String;Ljava/lang/Class;)V 32 <appendix> argL0 ; # org/springframework/context/event/EventListenerMethodProcessor$$Lambda+0x0000020a28b989f8
instanceKlass org/springframework/context/event/EventListener
instanceKlass  @bci org/springframework/boot/actuate/autoconfigure/security/servlet/SecurityRequestMatchersManagementContextConfiguration$MvcRequestMatcherConfiguration requestMatcherProvider (Lorg/springframework/boot/autoconfigure/web/servlet/DispatcherServletPath;)Lorg/springframework/boot/autoconfigure/security/servlet/RequestMatcherProvider; 10 <appendix> member <vmtarget> ; # org/springframework/boot/actuate/autoconfigure/security/servlet/SecurityRequestMatchersManagementContextConfiguration$MvcRequestMatcherConfiguration$$Lambda+0x0000020a28b99b88
instanceKlass org/springframework/boot/autoconfigure/security/servlet/AntPathRequestMatcherProvider
instanceKlass org/springframework/web/multipart/MultipartHttpServletRequest
instanceKlass org/springframework/web/multipart/MultipartRequest
instanceKlass org/springframework/transaction/reactive/TransactionalOperator
instanceKlass org/springframework/transaction/support/TransactionCallback
instanceKlass org/springframework/security/web/servlet/support/csrf/CsrfRequestDataValueProcessor
instanceKlass org/springframework/security/web/debug/DebugFilter
instanceKlass org/springframework/web/filter/CompositeFilter
instanceKlass org/springframework/security/web/ObservationFilterChainDecorator
instanceKlass org/springframework/security/web/firewall/ObservationMarkingRequestRejectedHandler
instanceKlass org/springframework/security/web/firewall/CompositeRequestRejectedHandler
instanceKlass org/springframework/security/web/FilterChainProxy$VirtualFilterChainDecorator
instanceKlass org/springframework/security/web/firewall/HttpStatusRequestRejectedHandler
instanceKlass  @bci org/springframework/security/web/firewall/StrictHttpFirewall <init> ()V 64 <appendix> argL0 ; # org/springframework/security/web/firewall/StrictHttpFirewall$$Lambda+0x0000020a28b9a490
instanceKlass  @bci org/springframework/security/web/firewall/StrictHttpFirewall <init> ()V 34 <appendix> argL0 ; # org/springframework/security/web/firewall/StrictHttpFirewall$$Lambda+0x0000020a28b9a248
instanceKlass  @bci org/springframework/security/web/firewall/StrictHttpFirewall <clinit> ()V 312 <appendix> argL0 ; # org/springframework/security/web/firewall/StrictHttpFirewall$$Lambda+0x0000020a28b9a000
instanceKlass  @bci org/springframework/security/web/firewall/StrictHttpFirewall <clinit> ()V 295 <appendix> argL0 ; # org/springframework/security/web/firewall/StrictHttpFirewall$$Lambda+0x0000020a28b9fc58
instanceKlass  @bci java/util/regex/CharPredicates CONTROL ()Ljava/util/regex/Pattern$CharPredicate; 0 <appendix> argL0 ; # java/util/regex/CharPredicates$$Lambda+0x0000020a286b9b60
instanceKlass  @bci java/util/regex/CharPredicates ASSIGNED ()Ljava/util/regex/Pattern$CharPredicate; 0 <appendix> argL0 ; # java/util/regex/CharPredicates$$Lambda+0x0000020a286b9908
instanceKlass org/springframework/security/web/firewall/StrictHttpFirewall
instanceKlass org/springframework/security/web/FilterChainProxy$NullFilterChainValidator
instanceKlass org/springframework/security/web/access/RequestMatcherDelegatingWebInvocationPrivilegeEvaluator
instanceKlass  @bci org/springframework/security/config/annotation/web/builders/WebSecurity getRequestMatcherPrivilegeEvaluatorsEntry (Lorg/springframework/security/web/SecurityFilterChain;)Lorg/springframework/security/web/util/matcher/RequestMatcherEntry; 159 <appendix> member <vmtarget> ; # org/springframework/security/config/annotation/web/builders/WebSecurity$$Lambda+0x0000020a28b9e860
instanceKlass  @bci org/springframework/security/web/access/AuthorizationManagerWebInvocationPrivilegeEvaluator$HttpServletRequestTransformer <clinit> ()V 0 <appendix> argL0 ; # org/springframework/security/web/access/AuthorizationManagerWebInvocationPrivilegeEvaluator$HttpServletRequestTransformer$$Lambda+0x0000020a28b9e648
instanceKlass org/springframework/security/web/access/AuthorizationManagerWebInvocationPrivilegeEvaluator
instanceKlass  @bci org/springframework/security/config/annotation/web/builders/WebSecurity performBuild ()Ljakarta/servlet/Filter; 17 <appendix> argL0 ; # org/springframework/security/config/annotation/web/builders/WebSecurity$$Lambda+0x0000020a28b9e1f0
instanceKlass  @bci org/springframework/security/config/annotation/web/configuration/WebSecurityConfiguration springSecurityFilterChain ()Ljakarta/servlet/Filter; 70 <appendix> member <vmtarget> ; # org/springframework/security/config/annotation/web/configuration/WebSecurityConfiguration$$Lambda+0x0000020a28b9dfd0
instanceKlass  @bci org/springframework/web/servlet/handler/HandlerMappingIntrospector createCacheFilter ()Ljakarta/servlet/Filter; 1 <appendix> member <vmtarget> ; # org/springframework/web/servlet/handler/HandlerMappingIntrospector$$Lambda+0x0000020a28b9dd90
instanceKlass  @bci org/springframework/beans/factory/support/DefaultSingletonBeanRegistry registerContainedBean (Ljava/lang/String;Ljava/lang/String;)V 12 <appendix> argL0 ; # org/springframework/beans/factory/support/DefaultSingletonBeanRegistry$$Lambda+0x0000020a28b9db58
instanceKlass  @bci org/springframework/beans/factory/support/BeanDefinitionValueResolver resolveValueIfNecessary (Ljava/lang/Object;Ljava/lang/Object;)Ljava/lang/Object; 135 <appendix> member <vmtarget> ; # org/springframework/beans/factory/support/BeanDefinitionValueResolver$$Lambda+0x0000020a28b9d928
instanceKlass org/springframework/beans/factory/support/BeanDefinitionValueResolver$KeyedArgName
instanceKlass org/springframework/security/web/FilterChainProxy$FilterChainValidator
instanceKlass org/springframework/security/config/annotation/web/configuration/WebSecurityCustomizer
instanceKlass org/springframework/security/config/annotation/web/WebSecurityConfigurer
instanceKlass org/springframework/security/config/annotation/web/configuration/AutowiredWebSecurityConfigurersIgnoreParents
instanceKlass org/springframework/security/web/firewall/HttpFirewall
instanceKlass  @bci org/springframework/security/config/annotation/web/builders/WebSecurity <init> (Lorg/springframework/security/config/annotation/ObjectPostProcessor;)V 65 <appendix> argL0 ; # org/springframework/security/config/annotation/web/builders/WebSecurity$$Lambda+0x0000020a28b93d90
instanceKlass org/springframework/security/web/FilterChainProxy$FilterChainDecorator
instanceKlass org/springframework/security/web/firewall/RequestRejectedHandler
# instanceKlass java/lang/invoke/LambdaForm$MH+0x0000020a28b98000
# instanceKlass java/lang/invoke/LambdaForm$MH+0x0000020a28b92c00
# instanceKlass java/lang/invoke/LambdaForm$MH+0x0000020a28b92800
# instanceKlass java/lang/invoke/LambdaForm$MH+0x0000020a28b92400
instanceKlass org/springframework/jdbc/core/simple/JdbcClient$StatementSpec
instanceKlass org/springframework/jdbc/core/simple/DefaultJdbcClient
instanceKlass org/springframework/jdbc/core/PreparedStatementCreatorFactory
instanceKlass  @bci org/springframework/jdbc/core/namedparam/NamedParameterJdbcTemplate <init> (Lorg/springframework/jdbc/core/JdbcOperations;)V 12 <appendix> argL0 ; # org/springframework/jdbc/core/namedparam/NamedParameterJdbcTemplate$$Lambda+0x0000020a28b97820
instanceKlass org/springframework/jdbc/core/namedparam/ParsedSql
instanceKlass org/springframework/jdbc/core/namedparam/NamedParameterUtils
instanceKlass org/springframework/jdbc/core/namedparam/SqlParameterSource
instanceKlass org/springframework/jdbc/support/rowset/SqlRowSet
instanceKlass org/springframework/jdbc/core/ParameterizedPreparedStatementSetter
instanceKlass org/springframework/jdbc/core/RowCallbackHandler
instanceKlass org/springframework/jdbc/core/CallableStatementCallback
instanceKlass org/springframework/jdbc/support/KeyHolder
instanceKlass org/springframework/data/domain/OffsetScrollPosition
instanceKlass  @bci org/springframework/data/web/config/SpringDataWebConfiguration customizeOffsetResolver (Lorg/springframework/data/web/OffsetScrollPositionHandlerMethodArgumentResolver;)V 8 <appendix> member <vmtarget> ; # org/springframework/data/web/config/SpringDataWebConfiguration$$Lambda+0x0000020a28b963b0
instanceKlass  @bci org/springframework/data/repository/config/RepositoryRegistrationAotProcessor setBeanFactory (Lorg/springframework/beans/factory/BeanFactory;)V 4 <appendix> member <vmtarget> ; # org/springframework/data/repository/config/RepositoryRegistrationAotProcessor$$Lambda+0x0000020a28b96190
instanceKlass org/springframework/data/repository/config/RepositoryRegistrationAotContribution
instanceKlass org/springframework/aot/hint/RuntimeHints
instanceKlass org/springframework/aot/hint/annotation/ReflectiveRuntimeHintsRegistrar
instanceKlass org/springframework/data/jpa/repository/support/JpaEvaluationContextExtension$JpaRootObject
# instanceKlass java/lang/invoke/LambdaForm$MH+0x0000020a28b92000
instanceKlass org/springframework/context/support/DefaultLifecycleProcessor$LifecycleGroup
instanceKlass org/springframework/scheduling/config/ScheduledTaskRegistrar
instanceKlass org/springframework/scheduling/config/ScheduledTaskHolder
instanceKlass  @bci org/springframework/boot/actuate/autoconfigure/observation/web/client/RestTemplateObservationConfiguration observationRestTemplateCustomizer (Lio/micrometer/observation/ObservationRegistry;Lorg/springframework/beans/factory/ObjectProvider;Lorg/springframework/boot/actuate/autoconfigure/observation/ObservationProperties;)Lorg/springframework/boot/actuate/metrics/web/client/ObservationRestTemplateCustomizer; 18 <appendix> member <vmtarget> ; # org/springframework/boot/actuate/autoconfigure/observation/web/client/RestTemplateObservationConfiguration$$Lambda+0x0000020a28b94ef8
instanceKlass org/springframework/boot/actuate/metrics/web/client/ObservationRestClientCustomizer
instanceKlass  @bci org/springframework/boot/actuate/autoconfigure/observation/web/client/RestClientObservationConfiguration observationRestClientCustomizer (Lio/micrometer/observation/ObservationRegistry;Lorg/springframework/beans/factory/ObjectProvider;Lorg/springframework/boot/actuate/autoconfigure/observation/ObservationProperties;)Lorg/springframework/boot/web/client/RestClientCustomizer; 18 <appendix> member <vmtarget> ; # org/springframework/boot/actuate/autoconfigure/observation/web/client/RestClientObservationConfiguration$$Lambda+0x0000020a28b94ab0
# instanceKlass java/lang/invoke/LambdaForm$MH+0x0000020a28b91c00
# instanceKlass java/lang/invoke/LambdaForm$MH+0x0000020a28b91800
# instanceKlass java/lang/invoke/LambdaForm$MH+0x0000020a28b91400
instanceKlass  @bci io/micrometer/observation/aop/ObservedAspect <clinit> ()V 0 <appendix> argL0 ; # io/micrometer/observation/aop/ObservedAspect$$Lambda+0x0000020a28b94868
instanceKlass  @bci org/springframework/boot/LazyInitializationExcludeFilter forBeanTypes ([Ljava/lang/Class;)Lorg/springframework/boot/LazyInitializationExcludeFilter; 1 <appendix> member <vmtarget> ; # org/springframework/boot/LazyInitializationExcludeFilter$$Lambda+0x0000020a28b94648
instanceKlass  @bci io/micrometer/core/instrument/binder/jvm/ExecutorServiceMetrics monitor (Lio/micrometer/core/instrument/MeterRegistry;Ljava/util/concurrent/ThreadPoolExecutor;)V 355 <appendix> argL0 ; # io/micrometer/core/instrument/binder/jvm/ExecutorServiceMetrics$$Lambda+0x0000020a28b94430
instanceKlass  @bci io/micrometer/core/instrument/binder/jvm/ExecutorServiceMetrics monitor (Lio/micrometer/core/instrument/MeterRegistry;Ljava/util/concurrent/ThreadPoolExecutor;)V 300 <appendix> argL0 ; # io/micrometer/core/instrument/binder/jvm/ExecutorServiceMetrics$$Lambda+0x0000020a28b94218
instanceKlass  @bci io/micrometer/core/instrument/binder/jvm/ExecutorServiceMetrics monitor (Lio/micrometer/core/instrument/MeterRegistry;Ljava/util/concurrent/ThreadPoolExecutor;)V 245 <appendix> argL0 ; # io/micrometer/core/instrument/binder/jvm/ExecutorServiceMetrics$$Lambda+0x0000020a28b94000
instanceKlass  @bci io/micrometer/core/instrument/binder/jvm/ExecutorServiceMetrics monitor (Lio/micrometer/core/instrument/MeterRegistry;Ljava/util/concurrent/ThreadPoolExecutor;)V 190 <appendix> argL0 ; # io/micrometer/core/instrument/binder/jvm/ExecutorServiceMetrics$$Lambda+0x0000020a28b8fce0
instanceKlass  @bci io/micrometer/core/instrument/binder/jvm/ExecutorServiceMetrics monitor (Lio/micrometer/core/instrument/MeterRegistry;Ljava/util/concurrent/ThreadPoolExecutor;)V 135 <appendix> argL0 ; # io/micrometer/core/instrument/binder/jvm/ExecutorServiceMetrics$$Lambda+0x0000020a28b8fac8
instanceKlass  @cpi io/micrometer/core/instrument/TimeGauge 93 form vmentry <vmtarget> ; # java/lang/invoke/LambdaForm$DMH+0x0000020a28b91000
instanceKlass io/micrometer/common/util/internal/logging/WarnThenDebugLogger
instanceKlass  @bci io/micrometer/core/instrument/MeterRegistry gauge (Lio/micrometer/core/instrument/Meter$Id;Ljava/lang/Object;Ljava/util/function/ToDoubleFunction;)Lio/micrometer/core/instrument/Gauge; 12 <appendix> argL0 ; # io/micrometer/core/instrument/MeterRegistry$$Lambda+0x0000020a28b8f3d0
instanceKlass  @bci io/micrometer/core/instrument/MeterRegistry gauge (Lio/micrometer/core/instrument/Meter$Id;Ljava/lang/Object;Ljava/util/function/ToDoubleFunction;)Lio/micrometer/core/instrument/Gauge; 7 <appendix> member <vmtarget> ; # io/micrometer/core/instrument/MeterRegistry$$Lambda+0x0000020a28b8eef0
instanceKlass io/micrometer/core/instrument/Gauge$Builder
instanceKlass  @bci io/micrometer/core/instrument/binder/jvm/ExecutorServiceMetrics monitor (Lio/micrometer/core/instrument/MeterRegistry;Ljava/util/concurrent/ThreadPoolExecutor;)V 81 <appendix> argL0 ; # io/micrometer/core/instrument/binder/jvm/ExecutorServiceMetrics$$Lambda+0x0000020a28b8ea90
instanceKlass io/micrometer/core/instrument/simple/SimpleMeterRegistry$1
instanceKlass  @bci io/micrometer/core/instrument/MeterRegistry registerMeterIfNecessary (Ljava/lang/Class;Lio/micrometer/core/instrument/Meter$Id;Ljava/util/function/Function;Ljava/util/function/Function;)Lio/micrometer/core/instrument/Meter; 5 <appendix> member <vmtarget> ; # io/micrometer/core/instrument/MeterRegistry$$Lambda+0x0000020a28b8dfe0
instanceKlass  @bci io/micrometer/core/instrument/MeterRegistry$More counter (Lio/micrometer/core/instrument/Meter$Id;Ljava/lang/Object;Ljava/util/function/ToDoubleFunction;)Lio/micrometer/core/instrument/FunctionCounter; 15 <appendix> argL0 ; # io/micrometer/core/instrument/MeterRegistry$More$$Lambda+0x0000020a28b8dda8
instanceKlass io/micrometer/core/instrument/AbstractMeter
instanceKlass  @bci io/micrometer/core/instrument/MeterRegistry$More counter (Lio/micrometer/core/instrument/Meter$Id;Ljava/lang/Object;Ljava/util/function/ToDoubleFunction;)Lio/micrometer/core/instrument/FunctionCounter; 10 <appendix> member <vmtarget> ; # io/micrometer/core/instrument/MeterRegistry$More$$Lambda+0x0000020a28b8d3f0
instanceKlass io/micrometer/core/instrument/FunctionCounter$Builder
instanceKlass  @bci io/micrometer/core/instrument/binder/jvm/ExecutorServiceMetrics monitor (Lio/micrometer/core/instrument/MeterRegistry;Ljava/util/concurrent/ThreadPoolExecutor;)V 28 <appendix> argL0 ; # io/micrometer/core/instrument/binder/jvm/ExecutorServiceMetrics$$Lambda+0x0000020a28b8cdb0
instanceKlass io/micrometer/common/util/StringUtils
instanceKlass io/micrometer/core/instrument/Tags$ArrayIterator
instanceKlass  @bci org/springframework/boot/actuate/autoconfigure/metrics/task/TaskExecutorMetricsAutoConfiguration bindTaskExecutorsToRegistry (Ljava/util/Map;Lio/micrometer/core/instrument/MeterRegistry;)V 3 <appendix> member <vmtarget> ; # org/springframework/boot/actuate/autoconfigure/metrics/task/TaskExecutorMetricsAutoConfiguration$$Lambda+0x0000020a28b8c720
# instanceKlass java/lang/invoke/LambdaForm$MH+0x0000020a28b90c00
# instanceKlass java/lang/invoke/LambdaForm$MH+0x0000020a28b90800
# instanceKlass java/lang/invoke/LambdaForm$MH+0x0000020a28b90400
# instanceKlass java/lang/invoke/LambdaForm$MH+0x0000020a28b90000
instanceKlass  @bci org/springframework/boot/task/SimpleAsyncTaskSchedulerBuilder append (Ljava/util/Set;Ljava/lang/Iterable;)Ljava/util/Set; 26 <appendix> member <vmtarget> ; # org/springframework/boot/task/SimpleAsyncTaskSchedulerBuilder$$Lambda+0x0000020a28b8bd60
instanceKlass  @bci org/springframework/boot/autoconfigure/task/TaskSchedulingConfigurations$SimpleAsyncTaskSchedulerBuilderConfiguration builder ()Lorg/springframework/boot/task/SimpleAsyncTaskSchedulerBuilder; 35 <appendix> member <vmtarget> ; # org/springframework/boot/autoconfigure/task/TaskSchedulingConfigurations$SimpleAsyncTaskSchedulerBuilderConfiguration$$Lambda+0x0000020a28b8bb20
instanceKlass org/springframework/boot/task/SimpleAsyncTaskSchedulerCustomizer
instanceKlass  @bci org/springframework/boot/task/TaskSchedulerBuilder append (Ljava/util/Set;Ljava/lang/Iterable;)Ljava/util/Set; 26 <appendix> member <vmtarget> ; # org/springframework/boot/task/TaskSchedulerBuilder$$Lambda+0x0000020a28b8b508
instanceKlass  @bci org/springframework/boot/autoconfigure/task/TaskSchedulingConfigurations$ThreadPoolTaskSchedulerBuilderConfiguration threadPoolTaskSchedulerBuilder (Lorg/springframework/boot/autoconfigure/task/TaskSchedulingProperties;Lorg/springframework/beans/factory/ObjectProvider;Lorg/springframework/beans/factory/ObjectProvider;)Lorg/springframework/boot/task/ThreadPoolTaskSchedulerBuilder; 81 <appendix> member <vmtarget> ; # org/springframework/boot/autoconfigure/task/TaskSchedulingConfigurations$ThreadPoolTaskSchedulerBuilderConfiguration$$Lambda+0x0000020a28b8b0d8
instanceKlass org/springframework/boot/autoconfigure/task/TaskSchedulingConfigurations
instanceKlass  @bci org/springframework/boot/task/ThreadPoolTaskSchedulerBuilder append (Ljava/util/Set;Ljava/lang/Iterable;)Ljava/util/Set; 26 <appendix> member <vmtarget> ; # org/springframework/boot/task/ThreadPoolTaskSchedulerBuilder$$Lambda+0x0000020a28b8aca8
instanceKlass com/sun/management/UnixOperatingSystemMXBean
instanceKlass sun/management/BaseOperatingSystemImpl
instanceKlass com/sun/management/OperatingSystemMXBean
instanceKlass java/lang/management/OperatingSystemMXBean
instanceKlass io/micrometer/core/instrument/binder/logging/LogbackMetrics$1
instanceKlass java/lang/management/ThreadInfo
instanceKlass java/lang/management/ThreadMXBean
instanceKlass  @bci io/micrometer/core/instrument/binder/jvm/JvmHeapPressureMetrics monitor ()V 72 <appendix> member <vmtarget> ; # io/micrometer/core/instrument/binder/jvm/JvmHeapPressureMetrics$$Lambda+0x0000020a28b8a318
instanceKlass sun/management/NotificationEmitterSupport$ListenerInfo
instanceKlass  @bci io/micrometer/core/instrument/binder/jvm/JvmHeapPressureMetrics monitor ()V 54 <appendix> argL0 ; # io/micrometer/core/instrument/binder/jvm/JvmHeapPressureMetrics$$Lambda+0x0000020a28b8a100
instanceKlass  @bci io/micrometer/core/instrument/binder/jvm/JvmHeapPressureMetrics monitor ()V 39 <appendix> member <vmtarget> ; # io/micrometer/core/instrument/binder/jvm/JvmHeapPressureMetrics$$Lambda+0x0000020a28b89ee0
instanceKlass com/sun/management/GarbageCollectorMXBean
instanceKlass java/lang/management/GarbageCollectorMXBean
instanceKlass java/lang/management/MemoryManagerMXBean
instanceKlass  @bci io/micrometer/core/instrument/binder/jvm/JvmHeapPressureMetrics <init> (Ljava/lang/Iterable;Ljava/time/Duration;Ljava/time/Duration;)V 75 <appendix> argL0 ; # io/micrometer/core/instrument/binder/jvm/JvmHeapPressureMetrics$$Lambda+0x0000020a28b89ca8
instanceKlass  @bci io/micrometer/core/instrument/binder/jvm/JvmMemory getLongLivedHeapPools ()Ljava/util/stream/Stream; 18 <appendix> argL0 ; # io/micrometer/core/instrument/binder/jvm/JvmMemory$$Lambda+0x0000020a28b89a60
instanceKlass  @bci io/micrometer/core/instrument/binder/jvm/JvmMemory getLongLivedHeapPools ()Ljava/util/stream/Stream; 8 <appendix> argL0 ; # io/micrometer/core/instrument/binder/jvm/JvmMemory$$Lambda+0x0000020a28b89818
instanceKlass io/micrometer/core/instrument/distribution/TimeWindowSum
instanceKlass java/lang/invoke/SerializedLambda
instanceKlass io/micrometer/core/instrument/binder/jvm/JvmGcMetrics$GcMetricsNotificationListener
instanceKlass io/micrometer/core/instrument/binder/jvm/JvmMemory
instanceKlass com/sun/management/GarbageCollectionNotificationInfo
instanceKlass javax/management/openmbean/CompositeDataView
instanceKlass sun/management/Util
instanceKlass sun/management/Sensor
instanceKlass sun/management/MemoryPoolImpl
instanceKlass java/lang/management/MemoryMXBean
instanceKlass  @bci java/lang/management/ManagementFactory getPlatformMXBeans (Ljava/lang/Class;)Ljava/util/List; 35 <appendix> member <vmtarget> ; # java/lang/management/ManagementFactory$$Lambda+0x0000020a286b50e8
instanceKlass  @bci java/lang/management/ManagementFactory$PlatformMBeanFinder findFirst (Ljava/lang/Class;)Lsun/management/spi/PlatformMBeanProvider$PlatformComponent; 19 <appendix> member <vmtarget> ; # java/lang/management/ManagementFactory$PlatformMBeanFinder$$Lambda+0x0000020a286b4e98
instanceKlass java/lang/management/MemoryPoolMXBean
instanceKlass io/micrometer/common/util/internal/logging/AbstractInternalLogger
instanceKlass io/micrometer/common/util/internal/logging/InternalLogger
instanceKlass io/micrometer/common/util/internal/logging/InternalLoggerFactory
instanceKlass javax/management/NotificationListener
instanceKlass  @bci org/springframework/boot/actuate/endpoint/web/PathMappedEndpoints lambda$getEndpoints$1 (Ljava/util/Map;Lorg/springframework/boot/actuate/endpoint/EndpointsSupplier;)V 7 <appendix> member <vmtarget> ; # org/springframework/boot/actuate/endpoint/web/PathMappedEndpoints$$Lambda+0x0000020a28b88000
instanceKlass  @bci org/springframework/boot/actuate/endpoint/web/PathMappedEndpoints getEndpoints (Ljava/util/Collection;)Ljava/util/Map; 10 <appendix> member <vmtarget> ; # org/springframework/boot/actuate/endpoint/web/PathMappedEndpoints$$Lambda+0x0000020a28b84400
instanceKlass  @bci org/springframework/boot/actuate/autoconfigure/web/servlet/ServletManagementContextAutoConfiguration managementServletContext (Lorg/springframework/boot/actuate/autoconfigure/endpoint/web/WebEndpointProperties;)Lorg/springframework/boot/actuate/autoconfigure/web/servlet/ManagementServletContext; 6 <appendix> member <vmtarget> ; # org/springframework/boot/actuate/autoconfigure/web/servlet/ServletManagementContextAutoConfiguration$$Lambda+0x0000020a28b84c30
instanceKlass org/springframework/boot/actuate/info/JavaInfoContributor
instanceKlass org/springframework/boot/actuate/info/ProcessInfoContributor
instanceKlass org/springframework/boot/actuate/info/OsInfoContributor
instanceKlass org/springframework/boot/actuate/info/InfoPropertiesInfoContributor
instanceKlass org/springframework/boot/actuate/info/EnvironmentInfoContributor
instanceKlass org/springframework/boot/actuate/info/InfoContributor
instanceKlass org/springframework/transaction/support/AbstractPlatformTransactionManager$SuspendedResourcesHolder
instanceKlass org/springframework/jdbc/datasource/JdbcTransactionObjectSupport
instanceKlass org/springframework/transaction/support/SmartTransactionObject
instanceKlass org/springframework/transaction/support/AbstractTransactionStatus
instanceKlass  @bci org/springframework/boot/autoconfigure/transaction/ExecutionListenersTransactionManagerCustomizer customize (Lorg/springframework/transaction/ConfigurableTransactionManager;)V 10 <appendix> member <vmtarget> ; # org/springframework/boot/autoconfigure/transaction/ExecutionListenersTransactionManagerCustomizer$$Lambda+0x0000020a28b86460
instanceKlass  @bci org/springframework/boot/autoconfigure/transaction/TransactionManagerCustomizers customize (Lorg/springframework/transaction/TransactionManager;)V 23 <appendix> member <vmtarget> ; # org/springframework/boot/autoconfigure/transaction/TransactionManagerCustomizers$$Lambda+0x0000020a28b86230
instanceKlass  @bci org/springframework/boot/autoconfigure/orm/jpa/JpaBaseConfiguration transactionManager (Lorg/springframework/beans/factory/ObjectProvider;)Lorg/springframework/transaction/PlatformTransactionManager; 10 <appendix> member <vmtarget> ; # org/springframework/boot/autoconfigure/orm/jpa/JpaBaseConfiguration$$Lambda+0x0000020a28b86000
instanceKlass org/springframework/transaction/TransactionExecutionListener
instanceKlass org/springframework/core/NestedExceptionUtils
instanceKlass org/springframework/web/servlet/view/ContentNegotiatingViewResolver$1
instanceKlass  @bci org/springframework/web/servlet/view/AbstractCachingViewResolver <clinit> ()V 10 <appendix> argL0 ; # org/springframework/web/servlet/view/AbstractCachingViewResolver$$Lambda+0x0000020a28b81460
instanceKlass  @cpi org/springframework/web/servlet/view/AbstractCachingViewResolver 223 form vmentry <vmtarget> ; # java/lang/invoke/LambdaForm$DMH+0x0000020a28b84000
instanceKlass org/springframework/web/servlet/view/AbstractCachingViewResolver$CacheFilter
instanceKlass org/springframework/web/servlet/view/AbstractCachingViewResolver$1
instanceKlass org/springframework/web/servlet/SmartView
instanceKlass org/springframework/web/servlet/view/DefaultRequestToViewNameTranslator
instanceKlass org/springframework/web/servlet/view/ViewResolverComposite
instanceKlass org/springframework/web/servlet/config/annotation/UrlBasedViewResolverRegistration
instanceKlass org/springframework/web/servlet/handler/HandlerExceptionResolverComposite
instanceKlass org/springframework/web/util/DisconnectedClientHelper
instanceKlass org/springframework/web/util/UriComponentsBuilder
instanceKlass org/springframework/web/servlet/function/ServerResponse$Context
instanceKlass  @bci org/springframework/validation/beanvalidation/MethodValidationAdapter <init> (Ljakarta/validation/Validator;)V 35 <appendix> member <vmtarget> ; # org/springframework/validation/beanvalidation/MethodValidationAdapter$$Lambda+0x0000020a28b7d7a8
instanceKlass org/springframework/web/method/annotation/HandlerMethodValidator$WebObjectNameResolver
instanceKlass org/springframework/web/method/annotation/HandlerMethodValidator
instanceKlass  @bci org/springframework/web/servlet/mvc/method/annotation/RequestMappingHandlerAdapter methodParamPredicate (Ljava/util/List;Ljava/lang/Class;)Ljava/util/function/Predicate; 2 <appendix> member <vmtarget> ; # org/springframework/web/servlet/mvc/method/annotation/RequestMappingHandlerAdapter$$Lambda+0x0000020a28b7cd28
instanceKlass org/springframework/web/servlet/mvc/method/annotation/ViewNameMethodReturnValueHandler
instanceKlass org/springframework/web/servlet/mvc/method/annotation/AsyncTaskMethodReturnValueHandler
instanceKlass org/springframework/util/concurrent/ListenableFutureCallback
instanceKlass org/springframework/web/servlet/mvc/method/annotation/DeferredResultMethodReturnValueHandler
instanceKlass org/springframework/web/servlet/mvc/method/annotation/CallableMethodReturnValueHandler
instanceKlass org/springframework/web/servlet/mvc/method/annotation/HttpHeadersReturnValueHandler
instanceKlass org/springframework/web/servlet/mvc/method/annotation/StreamingResponseBodyReturnValueHandler
instanceKlass org/springframework/web/servlet/mvc/method/annotation/ResponseBodyEmitter
instanceKlass org/springframework/web/servlet/mvc/method/annotation/ReactiveTypeHandler
instanceKlass org/springframework/web/servlet/mvc/method/annotation/ResponseBodyEmitter$Handler
instanceKlass org/springframework/web/servlet/mvc/method/annotation/ResponseBodyEmitterReturnValueHandler
instanceKlass org/springframework/web/servlet/mvc/method/annotation/ViewMethodReturnValueHandler
instanceKlass org/springframework/web/servlet/mvc/method/annotation/ModelAndViewMethodReturnValueHandler
instanceKlass org/springframework/web/servlet/mvc/method/annotation/PrincipalMethodArgumentResolver
instanceKlass org/springframework/web/servlet/mvc/method/annotation/UriComponentsBuilderMethodArgumentResolver
instanceKlass org/springframework/web/method/annotation/SessionStatusMethodArgumentResolver
instanceKlass org/springframework/web/method/annotation/ErrorsMethodArgumentResolver
instanceKlass org/springframework/web/method/annotation/MapMethodProcessor
instanceKlass org/springframework/web/method/annotation/ModelMethodProcessor
instanceKlass org/springframework/web/servlet/mvc/support/RedirectAttributes
instanceKlass org/springframework/ui/Model
instanceKlass org/springframework/web/servlet/mvc/method/annotation/RedirectAttributesMethodArgumentResolver
instanceKlass org/springframework/web/servlet/mvc/method/annotation/ServletResponseMethodArgumentResolver
instanceKlass org/springframework/web/servlet/mvc/method/annotation/ServletRequestMethodArgumentResolver
instanceKlass org/springframework/web/method/annotation/RequestHeaderMapMethodArgumentResolver
instanceKlass  @bci org/springframework/web/accept/ContentNegotiationManager getAllFileExtensions ()Ljava/util/List; 1 <appendix> argL0 ; # org/springframework/web/accept/ContentNegotiationManager$$Lambda+0x0000020a28b76960
instanceKlass org/springframework/core/io/support/ResourceRegion
instanceKlass org/springframework/web/servlet/mvc/method/annotation/AbstractMessageConverterMethodArgumentResolver
instanceKlass org/springframework/validation/DataBinder
instanceKlass org/springframework/web/servlet/mvc/method/annotation/MatrixVariableMapMethodArgumentResolver
instanceKlass org/springframework/web/servlet/mvc/method/annotation/PathVariableMapMethodArgumentResolver
instanceKlass org/springframework/web/method/annotation/RequestParamMapMethodArgumentResolver
instanceKlass org/springframework/web/method/annotation/AbstractNamedValueMethodArgumentResolver$NamedValueInfo
instanceKlass org/springframework/web/method/annotation/AbstractNamedValueMethodArgumentResolver
instanceKlass  @bci org/springframework/web/servlet/mvc/method/annotation/RequestMappingHandlerAdapter initControllerAdviceCache ()V 297 <adapter> ; # java/lang/invoke/LambdaForm$MH+0x0000020a28b73800
# instanceKlass java/lang/invoke/LambdaForm$DMH+0x0000020a28b73400
instanceKlass  @bci org/springframework/web/servlet/mvc/method/annotation/RequestMappingHandlerAdapter initControllerAdviceCache ()V 297 <appendix> form vmentry <vmtarget> ; # java/lang/invoke/LambdaForm$MH+0x0000020a28b73000
instanceKlass  @bci org/springframework/web/servlet/mvc/method/annotation/RequestMappingHandlerAdapter initControllerAdviceCache ()V 297 <appendix> form names 6 function resolvedHandle form vmentry <vmtarget> ; # java/lang/invoke/LambdaForm$DMH+0x0000020a28b72c00
instanceKlass  @bci org/springframework/web/servlet/mvc/method/annotation/RequestMappingHandlerAdapter initControllerAdviceCache ()V 297 <appendix> argL3 form vmentry <vmtarget> ; # java/lang/invoke/LambdaForm$MH+0x0000020a28b72800
# instanceKlass java/lang/invoke/LambdaForm$MH+0x0000020a28b72400
# instanceKlass java/lang/invoke/LambdaForm$MH+0x0000020a28b72000
# instanceKlass java/lang/invoke/LambdaForm$MH+0x0000020a28b71c00
# instanceKlass java/lang/invoke/LambdaForm$MH+0x0000020a28b71800
instanceKlass  @bci org/springframework/web/servlet/mvc/method/annotation/RequestMappingHandlerAdapter initControllerAdviceCache ()V 297 <appendix> form names 10 function resolvedHandle form vmentry <vmtarget> ; # java/lang/invoke/LambdaForm$DMH+0x0000020a28b71400
instanceKlass  @bci org/springframework/web/servlet/mvc/method/annotation/RequestMappingHandlerAdapter initControllerAdviceCache ()V 297 <appendix> argL1 form vmentry <vmtarget> ; # java/lang/invoke/LambdaForm$MH+0x0000020a28b71000
# instanceKlass java/lang/invoke/LambdaForm$MH+0x0000020a28b70c00
# instanceKlass java/lang/invoke/LambdaForm$MH+0x0000020a28b70800
# instanceKlass java/lang/invoke/LambdaForm$MH+0x0000020a28b70400
instanceKlass org/springframework/web/servlet/mvc/method/annotation/RequestResponseBodyAdviceChain
instanceKlass org/springframework/web/bind/annotation/ControllerAdvice
instanceKlass org/springframework/web/method/ControllerAdviceBean
instanceKlass org/springframework/web/method/annotation/SessionAttributesHandler
instanceKlass org/springframework/web/method/annotation/ModelFactory
instanceKlass org/springframework/web/method/support/HandlerMethodReturnValueHandlerComposite
instanceKlass org/springframework/web/method/support/HandlerMethodArgumentResolverComposite
instanceKlass org/springframework/scheduling/concurrent/ExecutorLifecycleDelegate
instanceKlass  @bci org/springframework/boot/task/ThreadPoolTaskExecutorBuilder configure (Lorg/springframework/scheduling/concurrent/ThreadPoolTaskExecutor;)Lorg/springframework/scheduling/concurrent/ThreadPoolTaskExecutor; 238 <appendix> member <vmtarget> ; # org/springframework/boot/task/ThreadPoolTaskExecutorBuilder$$Lambda+0x0000020a28b6ce48
instanceKlass  @bci org/springframework/boot/task/ThreadPoolTaskExecutorBuilder configure (Lorg/springframework/scheduling/concurrent/ThreadPoolTaskExecutor;)Lorg/springframework/scheduling/concurrent/ThreadPoolTaskExecutor; 216 <appendix> member <vmtarget> ; # org/springframework/boot/task/ThreadPoolTaskExecutorBuilder$$Lambda+0x0000020a28b6cc18
instanceKlass  @bci org/springframework/boot/task/ThreadPoolTaskExecutorBuilder configure (Lorg/springframework/scheduling/concurrent/ThreadPoolTaskExecutor;)Lorg/springframework/scheduling/concurrent/ThreadPoolTaskExecutor; 191 <appendix> member <vmtarget> ; # org/springframework/boot/task/ThreadPoolTaskExecutorBuilder$$Lambda+0x0000020a28b6c9e8
instanceKlass  @cpi org/springframework/boot/task/ThreadPoolTaskExecutorBuilder 302 form vmentry <vmtarget> ; # java/lang/invoke/LambdaForm$DMH+0x0000020a28b70000
instanceKlass  @bci org/springframework/boot/task/ThreadPoolTaskExecutorBuilder configure (Lorg/springframework/scheduling/concurrent/ThreadPoolTaskExecutor;)Lorg/springframework/scheduling/concurrent/ThreadPoolTaskExecutor; 177 <appendix> argL0 ; # org/springframework/boot/task/ThreadPoolTaskExecutorBuilder$$Lambda+0x0000020a28b6c7b0
instanceKlass  @bci org/springframework/boot/task/ThreadPoolTaskExecutorBuilder configure (Lorg/springframework/scheduling/concurrent/ThreadPoolTaskExecutor;)Lorg/springframework/scheduling/concurrent/ThreadPoolTaskExecutor; 161 <appendix> member <vmtarget> ; # org/springframework/boot/task/ThreadPoolTaskExecutorBuilder$$Lambda+0x0000020a28b6c580
instanceKlass  @bci org/springframework/boot/task/ThreadPoolTaskExecutorBuilder configure (Lorg/springframework/scheduling/concurrent/ThreadPoolTaskExecutor;)Lorg/springframework/scheduling/concurrent/ThreadPoolTaskExecutor; 139 <appendix> member <vmtarget> ; # org/springframework/boot/task/ThreadPoolTaskExecutorBuilder$$Lambda+0x0000020a28b6c350
instanceKlass  @bci org/springframework/boot/task/ThreadPoolTaskExecutorBuilder configure (Lorg/springframework/scheduling/concurrent/ThreadPoolTaskExecutor;)Lorg/springframework/scheduling/concurrent/ThreadPoolTaskExecutor; 117 <appendix> member <vmtarget> ; # org/springframework/boot/task/ThreadPoolTaskExecutorBuilder$$Lambda+0x0000020a28b6c120
instanceKlass  @bci org/springframework/boot/task/ThreadPoolTaskExecutorBuilder configure (Lorg/springframework/scheduling/concurrent/ThreadPoolTaskExecutor;)Lorg/springframework/scheduling/concurrent/ThreadPoolTaskExecutor; 95 <appendix> member <vmtarget> ; # org/springframework/boot/task/ThreadPoolTaskExecutorBuilder$$Lambda+0x0000020a28b6bef0
instanceKlass  @bci org/springframework/boot/task/ThreadPoolTaskExecutorBuilder configure (Lorg/springframework/scheduling/concurrent/ThreadPoolTaskExecutor;)Lorg/springframework/scheduling/concurrent/ThreadPoolTaskExecutor; 81 <appendix> argL0 ; # org/springframework/boot/task/ThreadPoolTaskExecutorBuilder$$Lambda+0x0000020a28b6bcb8
instanceKlass  @bci org/springframework/boot/task/ThreadPoolTaskExecutorBuilder configure (Lorg/springframework/scheduling/concurrent/ThreadPoolTaskExecutor;)Lorg/springframework/scheduling/concurrent/ThreadPoolTaskExecutor; 65 <appendix> member <vmtarget> ; # org/springframework/boot/task/ThreadPoolTaskExecutorBuilder$$Lambda+0x0000020a28b6ba88
instanceKlass  @bci org/springframework/boot/task/ThreadPoolTaskExecutorBuilder configure (Lorg/springframework/scheduling/concurrent/ThreadPoolTaskExecutor;)Lorg/springframework/scheduling/concurrent/ThreadPoolTaskExecutor; 43 <appendix> member <vmtarget> ; # org/springframework/boot/task/ThreadPoolTaskExecutorBuilder$$Lambda+0x0000020a28b6b858
instanceKlass  @bci org/springframework/boot/task/ThreadPoolTaskExecutorBuilder configure (Lorg/springframework/scheduling/concurrent/ThreadPoolTaskExecutor;)Lorg/springframework/scheduling/concurrent/ThreadPoolTaskExecutor; 21 <appendix> member <vmtarget> ; # org/springframework/boot/task/ThreadPoolTaskExecutorBuilder$$Lambda+0x0000020a28b6b628
instanceKlass org/springframework/web/servlet/mvc/method/annotation/AbstractMappingJacksonResponseBodyAdvice
instanceKlass org/springframework/web/servlet/mvc/method/annotation/ResponseBodyAdvice
instanceKlass org/springframework/web/servlet/mvc/method/annotation/RequestBodyAdviceAdapter
instanceKlass org/springframework/web/servlet/mvc/method/annotation/RequestBodyAdvice
instanceKlass org/springframework/security/web/method/annotation/CsrfTokenArgumentResolver
instanceKlass org/springframework/security/web/method/annotation/CurrentSecurityContextArgumentResolver
instanceKlass org/springframework/security/web/bind/support/AuthenticationPrincipalArgumentResolver
instanceKlass org/springframework/security/web/method/annotation/AuthenticationPrincipalArgumentResolver
instanceKlass  @bci org/springframework/data/web/config/SpringDataWebConfiguration customizePageableResolver (Lorg/springframework/data/web/PageableHandlerMethodArgumentResolver;)V 8 <appendix> member <vmtarget> ; # org/springframework/data/web/config/SpringDataWebConfiguration$$Lambda+0x0000020a28b69a48
instanceKlass  @bci org/springframework/boot/autoconfigure/data/web/SpringDataWebAutoConfiguration pageableCustomizer ()Lorg/springframework/data/web/config/PageableHandlerMethodArgumentResolverCustomizer; 1 <appendix> member <vmtarget> ; # org/springframework/boot/autoconfigure/data/web/SpringDataWebAutoConfiguration$$Lambda+0x0000020a28b69828
instanceKlass org/springframework/data/domain/AbstractPageRequest
instanceKlass org/springframework/web/method/support/ModelAndViewContainer
instanceKlass  @bci org/springframework/data/web/config/SpringDataWebConfiguration customizeSortResolver (Lorg/springframework/data/web/SortHandlerMethodArgumentResolver;)V 8 <appendix> member <vmtarget> ; # org/springframework/data/web/config/SpringDataWebConfiguration$$Lambda+0x0000020a28b68ce8
instanceKlass  @bci org/springframework/boot/autoconfigure/data/web/SpringDataWebAutoConfiguration sortCustomizer ()Lorg/springframework/data/web/config/SortHandlerMethodArgumentResolverCustomizer; 1 <appendix> member <vmtarget> ; # org/springframework/boot/autoconfigure/data/web/SpringDataWebAutoConfiguration$$Lambda+0x0000020a28b68ac8
instanceKlass org/springframework/data/web/SortDefault
instanceKlass org/springframework/data/web/SortDefault$SortDefaults
instanceKlass org/springframework/web/bind/support/DefaultSessionAttributeStore
instanceKlass org/springframework/core/ReactiveAdapter
instanceKlass org/springframework/util/ConcurrencyThrottleSupport
instanceKlass  @bci org/springframework/web/servlet/mvc/method/annotation/RequestMappingHandlerAdapter <clinit> ()V 8 <appendix> argL0 ; # org/springframework/web/servlet/mvc/method/annotation/RequestMappingHandlerAdapter$$Lambda+0x0000020a28b65228
instanceKlass  @bci org/springframework/web/servlet/mvc/method/annotation/RequestMappingHandlerAdapter <clinit> ()V 0 <appendix> argL0 ; # org/springframework/web/servlet/mvc/method/annotation/RequestMappingHandlerAdapter$$Lambda+0x0000020a28b65000
instanceKlass org/springframework/web/bind/support/DefaultDataBinderFactory
instanceKlass org/springframework/web/bind/support/WebDataBinderFactory
instanceKlass org/springframework/web/bind/support/SessionAttributeStore
instanceKlass org/springframework/boot/autoconfigure/validation/ValidatorAdapter
instanceKlass org/springframework/web/servlet/support/AbstractFlashMapManager
instanceKlass org/springframework/web/servlet/theme/AbstractThemeResolver
instanceKlass org/springframework/web/servlet/i18n/AbstractLocaleResolver
instanceKlass org/springframework/boot/autoconfigure/web/servlet/error/ErrorMvcAutoConfiguration$StaticView
instanceKlass  @bci org/springframework/boot/autoconfigure/validation/ValidationAutoConfiguration lambda$defaultValidator$1 (Lorg/springframework/beans/factory/ObjectProvider;Ljakarta/validation/Configuration;)V 7 <appendix> member <vmtarget> ; # org/springframework/boot/autoconfigure/validation/ValidationAutoConfiguration$$Lambda+0x0000020a28b63308
instanceKlass  @bci org/springframework/validation/beanvalidation/LocalValidatorFactoryBean afterPropertiesSet ()V 356 <appendix> member <vmtarget> ; # org/springframework/validation/beanvalidation/LocalValidatorFactoryBean$$Lambda+0x0000020a28b630d8
instanceKlass  @cpi org/springframework/validation/beanvalidation/LocalValidatorFactoryBean 430 form vmentry <vmtarget> ; # java/lang/invoke/LambdaForm$DMH+0x0000020a28b64800
instanceKlass org/springframework/validation/beanvalidation/SpringConstraintValidatorFactory
instanceKlass org/springframework/validation/beanvalidation/LocaleContextMessageInterpolator
instanceKlass org/springframework/boot/validation/MessageSourceMessageInterpolator
instanceKlass org/springframework/boot/validation/MessageInterpolatorFactory
instanceKlass  @bci org/springframework/boot/autoconfigure/validation/ValidationAutoConfiguration defaultValidator (Lorg/springframework/context/ApplicationContext;Lorg/springframework/beans/factory/ObjectProvider;)Lorg/springframework/validation/beanvalidation/LocalValidatorFactoryBean; 10 <appendix> member <vmtarget> ; # org/springframework/boot/autoconfigure/validation/ValidationAutoConfiguration$$Lambda+0x0000020a28b625d0
instanceKlass org/springframework/context/support/DefaultMessageSourceResolvable
# instanceKlass java/lang/invoke/LambdaForm$MH+0x0000020a28b64400
# instanceKlass java/lang/invoke/LambdaForm$MH+0x0000020a28b64000
instanceKlass  @bci org/springframework/boot/task/SimpleAsyncTaskExecutorBuilder append (Ljava/util/Set;Ljava/lang/Iterable;)Ljava/util/Set; 26 <appendix> member <vmtarget> ; # org/springframework/boot/task/SimpleAsyncTaskExecutorBuilder$$Lambda+0x0000020a28b61538
instanceKlass  @bci org/springframework/boot/autoconfigure/task/TaskExecutorConfigurations$SimpleAsyncTaskExecutorBuilderConfiguration builder ()Lorg/springframework/boot/task/SimpleAsyncTaskExecutorBuilder; 35 <appendix> member <vmtarget> ; # org/springframework/boot/autoconfigure/task/TaskExecutorConfigurations$SimpleAsyncTaskExecutorBuilderConfiguration$$Lambda+0x0000020a28b612f8
instanceKlass org/springframework/boot/task/SimpleAsyncTaskExecutorCustomizer
instanceKlass  @bci org/springframework/boot/task/TaskExecutorBuilder append (Ljava/util/Set;Ljava/lang/Iterable;)Ljava/util/Set; 26 <appendix> member <vmtarget> ; # org/springframework/boot/task/TaskExecutorBuilder$$Lambda+0x0000020a28b60ce0
instanceKlass  @bci org/springframework/boot/autoconfigure/task/TaskExecutorConfigurations$TaskExecutorBuilderConfiguration taskExecutorBuilder (Lorg/springframework/boot/autoconfigure/task/TaskExecutionProperties;Lorg/springframework/beans/factory/ObjectProvider;Lorg/springframework/beans/factory/ObjectProvider;)Lorg/springframework/boot/task/TaskExecutorBuilder; 129 <appendix> member <vmtarget> ; # org/springframework/boot/autoconfigure/task/TaskExecutorConfigurations$TaskExecutorBuilderConfiguration$$Lambda+0x0000020a28b60aa0
instanceKlass  @bci org/springframework/boot/autoconfigure/task/TaskExecutorConfigurations$ThreadPoolTaskExecutorBuilderConfiguration threadPoolTaskExecutorBuilder (Lorg/springframework/boot/autoconfigure/task/TaskExecutionProperties;Lorg/springframework/beans/factory/ObjectProvider;Lorg/springframework/beans/factory/ObjectProvider;Lorg/springframework/beans/factory/ObjectProvider;)Lorg/springframework/boot/task/ThreadPoolTaskExecutorBuilder; 180 <appendix> member <vmtarget> ; # org/springframework/boot/autoconfigure/task/TaskExecutorConfigurations$ThreadPoolTaskExecutorBuilderConfiguration$$Lambda+0x0000020a28b60670
instanceKlass  @bci org/springframework/boot/task/ThreadPoolTaskExecutorBuilder append (Ljava/util/Set;Ljava/lang/Iterable;)Ljava/util/Set; 26 <appendix> member <vmtarget> ; # org/springframework/boot/task/ThreadPoolTaskExecutorBuilder$$Lambda+0x0000020a28b60440
instanceKlass  @bci org/springframework/boot/autoconfigure/task/TaskExecutorConfigurations$ThreadPoolTaskExecutorBuilderConfiguration threadPoolTaskExecutorBuilder (Lorg/springframework/boot/autoconfigure/task/TaskExecutionProperties;Lorg/springframework/beans/factory/ObjectProvider;Lorg/springframework/beans/factory/ObjectProvider;Lorg/springframework/beans/factory/ObjectProvider;)Lorg/springframework/boot/task/ThreadPoolTaskExecutorBuilder; 144 <appendix> member <vmtarget> ; # org/springframework/boot/autoconfigure/task/TaskExecutorConfigurations$ThreadPoolTaskExecutorBuilderConfiguration$$Lambda+0x0000020a28b60200
instanceKlass org/springframework/boot/autoconfigure/task/TaskExecutorConfigurations
instanceKlass org/springframework/boot/autoconfigure/task/TaskExecutionProperties$Pool$Shutdown
instanceKlass org/springframework/core/task/TaskDecorator
instanceKlass  @bci org/springframework/security/web/access/intercept/AuthorizationFilter <init> (Lorg/springframework/security/authorization/AuthorizationManager;)V 12 <appendix> argL0 ; # org/springframework/security/web/access/intercept/AuthorizationFilter$$Lambda+0x0000020a28b5f878
instanceKlass  @bci org/springframework/security/config/annotation/web/configurers/AuthorizeHttpRequestsConfigurer$AuthorizationManagerRequestMatcherRegistry createAuthorizationManager ()Lorg/springframework/security/authorization/AuthorizationManager; 13 <appendix> member <vmtarget> ; # org/springframework/security/config/annotation/web/configurers/AuthorizeHttpRequestsConfigurer$AuthorizationManagerRequestMatcherRegistry$$Lambda+0x0000020a28b5f658
instanceKlass  @bci org/springframework/security/config/annotation/web/configurers/CorsConfigurer configure (Lorg/springframework/security/config/annotation/web/HttpSecurityBuilder;)V 27 <appendix> argL0 ; # org/springframework/security/config/annotation/web/configurers/CorsConfigurer$$Lambda+0x0000020a28b5f440
instanceKlass org/springframework/security/web/util/matcher/OrRequestMatcher
instanceKlass org/springframework/security/web/authentication/logout/CompositeLogoutHandler
instanceKlass  @bci java/util/regex/Pattern CIRange (II)Ljava/util/regex/Pattern$CharPredicate; 2 <appendix> member <vmtarget> ; # java/util/regex/Pattern$$Lambda+0x0000020a286b45f8
instanceKlass org/springframework/security/web/util/UrlUtils
instanceKlass org/springframework/security/web/DefaultRedirectStrategy
instanceKlass org/springframework/security/web/RedirectStrategy
instanceKlass org/springframework/security/web/authentication/AbstractAuthenticationTargetUrlRequestHandler
instanceKlass org/springframework/security/web/authentication/logout/LogoutSuccessEventPublishingLogoutHandler
instanceKlass org/springframework/security/web/servletapi/HttpServlet3RequestFactory
instanceKlass org/springframework/security/web/authentication/WebAuthenticationDetailsSource
instanceKlass org/springframework/security/authentication/AuthenticationDetailsSource
instanceKlass  @bci org/springframework/security/web/access/ExceptionTranslationFilter$DefaultThrowableAnalyzer initExtractorMap ()V 7 <appendix> argL0 ; # org/springframework/security/web/access/ExceptionTranslationFilter$DefaultThrowableAnalyzer$$Lambda+0x0000020a28b5ce30
instanceKlass  @bci org/springframework/security/web/util/ThrowableAnalyzer <clinit> ()V 16 <appendix> argL0 ; # org/springframework/security/web/util/ThrowableAnalyzer$$Lambda+0x0000020a28b5cba0
instanceKlass  @bci org/springframework/security/web/util/ThrowableAnalyzer <clinit> ()V 8 <appendix> argL0 ; # org/springframework/security/web/util/ThrowableAnalyzer$$Lambda+0x0000020a28b5c988
instanceKlass  @bci org/springframework/security/web/util/ThrowableAnalyzer <clinit> ()V 0 <appendix> argL0 ; # org/springframework/security/web/util/ThrowableAnalyzer$$Lambda+0x0000020a28b5c770
instanceKlass org/springframework/security/web/util/ThrowableCauseExtractor
instanceKlass org/springframework/security/web/access/AccessDeniedHandlerImpl
instanceKlass org/springframework/security/web/util/ThrowableAnalyzer
instanceKlass org/springframework/security/web/authentication/Http403ForbiddenEntryPoint
instanceKlass org/springframework/security/authentication/AuthenticationObservationConvention
instanceKlass org/springframework/security/authentication/ObservationAuthenticationManager
instanceKlass  @bci org/springframework/security/config/annotation/web/configurers/DefaultLoginPageConfigurer init (Lorg/springframework/security/config/annotation/web/HttpSecurityBuilder;)V 18 <appendix> member <vmtarget> ; # org/springframework/security/config/annotation/web/configurers/DefaultLoginPageConfigurer$$Lambda+0x0000020a28b5b410
instanceKlass  @bci org/springframework/security/config/annotation/web/configurers/DefaultLoginPageConfigurer init (Lorg/springframework/security/config/annotation/web/HttpSecurityBuilder;)V 5 <appendix> member <vmtarget> ; # org/springframework/security/config/annotation/web/configurers/DefaultLoginPageConfigurer$$Lambda+0x0000020a28b5b1d0
instanceKlass org/springframework/security/authentication/AnonymousAuthenticationProvider
instanceKlass org/springframework/security/web/util/matcher/AndRequestMatcher
instanceKlass org/springframework/security/web/util/matcher/MediaTypeRequestMatcher
instanceKlass org/springframework/security/web/util/matcher/RequestHeaderRequestMatcher
instanceKlass org/springframework/security/web/util/matcher/NegatedRequestMatcher
instanceKlass org/springframework/security/web/PortMapperImpl
instanceKlass org/springframework/security/web/PortMapper
instanceKlass org/springframework/security/web/PortResolverImpl
instanceKlass org/springframework/security/web/PortResolver
instanceKlass org/springframework/security/web/savedrequest/HttpSessionRequestCache
instanceKlass  @bci org/springframework/security/web/authentication/session/CompositeSessionAuthenticationStrategy <init> (Ljava/util/List;)V 49 <appendix> member <vmtarget> ; # org/springframework/security/web/authentication/session/CompositeSessionAuthenticationStrategy$$Lambda+0x0000020a28b599a0
instanceKlass org/springframework/security/web/authentication/session/CompositeSessionAuthenticationStrategy
instanceKlass org/springframework/security/web/context/RequestAttributeSecurityContextRepository
instanceKlass org/springframework/security/web/context/DelegatingSecurityContextRepository
instanceKlass  @bci org/springframework/security/config/annotation/AbstractConfiguredSecurityBuilder removeConfigurer (Ljava/lang/Class;)Lorg/springframework/security/config/annotation/SecurityConfigurer; 40 <appendix> member <vmtarget> ; # org/springframework/security/config/annotation/AbstractConfiguredSecurityBuilder$$Lambda+0x0000020a28b58ab0
instanceKlass  @bci org/springframework/security/config/annotation/AbstractConfiguredSecurityBuilder removeFromConfigurersAddedInInitializing (Ljava/lang/Class;)V 10 <appendix> member <vmtarget> ; # org/springframework/security/config/annotation/AbstractConfiguredSecurityBuilder$$Lambda+0x0000020a28b58860
instanceKlass  @bci org/springframework/security/config/annotation/AbstractConfiguredSecurityBuilder getConfigurer (Ljava/lang/Class;)Lorg/springframework/security/config/annotation/SecurityConfigurer; 35 <appendix> member <vmtarget> ; # org/springframework/security/config/annotation/AbstractConfiguredSecurityBuilder$$Lambda+0x0000020a28b58640
instanceKlass  @bci com/example/WebApartment/Configurations/WebSecurityConfig securityFilterChain (Lorg/springframework/security/config/annotation/web/builders/HttpSecurity;)Lorg/springframework/security/web/SecurityFilterChain; 25 <appendix> argL0 ; # com/example/WebApartment/Configurations/WebSecurityConfig$$Lambda+0x0000020a28b58428
instanceKlass org/springframework/security/authorization/AuthenticatedAuthorizationManager$AbstractAuthorizationStrategy
instanceKlass org/springframework/security/authorization/AuthenticatedAuthorizationManager
instanceKlass org/springframework/security/web/util/matcher/AntPathRequestMatcher$SubpathMatcher
instanceKlass org/springframework/security/web/util/matcher/RequestMatcherEntry
instanceKlass org/springframework/security/config/annotation/web/configurers/AuthorizeHttpRequestsConfigurer$AuthorizedUrl
instanceKlass  @bci org/springframework/security/config/annotation/web/AbstractRequestMatcherRegistry$DeferredRequestMatcher <init> (Ljava/util/function/Function;[Lorg/springframework/security/web/util/matcher/RequestMatcher;)V 29 <appendix> member <vmtarget> ; # org/springframework/security/config/annotation/web/AbstractRequestMatcherRegistry$DeferredRequestMatcher$$Lambda+0x0000020a28b57408
instanceKlass  @bci org/springframework/security/config/annotation/web/AbstractRequestMatcherRegistry requestMatchers (Lorg/springframework/http/HttpMethod;[Ljava/lang/String;)Ljava/lang/Object; 160 <appendix> member <vmtarget> ; # org/springframework/security/config/annotation/web/AbstractRequestMatcherRegistry$$Lambda+0x0000020a28b56fd8
instanceKlass org/springframework/security/config/annotation/web/AbstractRequestMatcherRegistry$DeferredRequestMatcher
instanceKlass org/springframework/security/web/util/matcher/RequestMatcher$MatchResult
instanceKlass org/springframework/security/web/servlet/util/matcher/MvcRequestMatcher$DefaultMatcher
instanceKlass org/springframework/security/web/servlet/util/matcher/MvcRequestMatcher
instanceKlass  @bci org/springframework/web/servlet/handler/HandlerMappingIntrospector afterPropertiesSet ()V 62 <appendix> argL0 ; # org/springframework/web/servlet/handler/HandlerMappingIntrospector$$Lambda+0x0000020a28b564a8
instanceKlass org/springframework/web/servlet/handler/PathPatternMatchableHandlerMapping
instanceKlass  @bci org/springframework/web/servlet/handler/HandlerMappingIntrospector afterPropertiesSet ()V 57 <appendix> argL0 ; # org/springframework/web/servlet/handler/HandlerMappingIntrospector$$Lambda+0x0000020a28b56000
instanceKlass  @bci org/springframework/web/servlet/handler/HandlerMappingIntrospector afterPropertiesSet ()V 47 <appendix> argL0 ; # org/springframework/web/servlet/handler/HandlerMappingIntrospector$$Lambda+0x0000020a28b4fcb0
instanceKlass  @bci org/springframework/web/servlet/handler/HandlerMappingIntrospector afterPropertiesSet ()V 37 <appendix> argL0 ; # org/springframework/web/servlet/handler/HandlerMappingIntrospector$$Lambda+0x0000020a28b4fa68
# instanceKlass java/lang/invoke/LambdaForm$MH+0x0000020a28b55400
instanceKlass  @bci org/springframework/boot/actuate/endpoint/web/servlet/ControllerEndpointHandlerMapping initHandlerMethods ()V 10 <appendix> member <vmtarget> ; # org/springframework/boot/actuate/endpoint/web/servlet/ControllerEndpointHandlerMapping$$Lambda+0x0000020a28b4f838
instanceKlass  @bci org/springframework/boot/actuate/endpoint/web/servlet/ControllerEndpointHandlerMapping getHandlers (Ljava/util/Collection;)Ljava/util/Map; 10 <appendix> member <vmtarget> ; # org/springframework/boot/actuate/endpoint/web/servlet/ControllerEndpointHandlerMapping$$Lambda+0x0000020a28b4f608
# instanceKlass java/lang/invoke/LambdaForm$MH+0x0000020a28b55000
# instanceKlass java/lang/invoke/LambdaForm$MH+0x0000020a28b54c00
# instanceKlass java/lang/invoke/LambdaForm$MH+0x0000020a28b54800
instanceKlass org/springframework/boot/actuate/endpoint/web/servlet/WebMvcEndpointHandlerMapping$WebMvcLinksHandler
instanceKlass org/springframework/boot/actuate/endpoint/web/servlet/AbstractWebMvcEndpointHandlerMapping$ServletWebOperationAdapter
instanceKlass  @bci org/springframework/boot/actuate/endpoint/web/EndpointLinksResolver <init> (Ljava/util/Collection;Ljava/lang/String;)V 49 <adapter> ; # java/lang/invoke/LambdaForm$MH+0x0000020a28b54400
instanceKlass  @bci org/springframework/boot/actuate/endpoint/web/EndpointLinksResolver <init> (Ljava/util/Collection;Ljava/lang/String;)V 49 <appendix> form vmentry <vmtarget> ; # java/lang/invoke/LambdaForm$MH+0x0000020a28b54000
# instanceKlass java/lang/invoke/LambdaForm$MH+0x0000020a28b53c00
instanceKlass  @bci org/springframework/boot/actuate/endpoint/web/EndpointLinksResolver <init> (Ljava/util/Collection;Ljava/lang/String;)V 49 <appendix> form names 8 function resolvedHandle form vmentry <vmtarget> ; # java/lang/invoke/LambdaForm$DMH+0x0000020a28b53800
instanceKlass  @bci org/springframework/boot/actuate/endpoint/web/EndpointLinksResolver <init> (Ljava/util/Collection;Ljava/lang/String;)V 49 <appendix> argL3 form vmentry <vmtarget> ; # java/lang/invoke/LambdaForm$MH+0x0000020a28b53400
# instanceKlass java/lang/invoke/LambdaForm$MH+0x0000020a28b53000
# instanceKlass java/lang/invoke/LambdaForm$MH+0x0000020a28b52c00
# instanceKlass java/lang/invoke/LambdaForm$MH+0x0000020a28b52800
# instanceKlass java/lang/invoke/LambdaForm$MH+0x0000020a28b52400
instanceKlass  @bci org/springframework/boot/actuate/endpoint/web/EndpointLinksResolver <init> (Ljava/util/Collection;Ljava/lang/String;)V 49 <appendix> form names 12 function resolvedHandle form vmentry <vmtarget> ; # java/lang/invoke/LambdaForm$DMH+0x0000020a28b52000
instanceKlass  @bci org/springframework/boot/actuate/endpoint/web/EndpointLinksResolver <init> (Ljava/util/Collection;Ljava/lang/String;)V 49 <appendix> argL1 form vmentry <vmtarget> ; # java/lang/invoke/LambdaForm$MH+0x0000020a28b51c00
# instanceKlass java/lang/invoke/LambdaForm$MH+0x0000020a28b51800
# instanceKlass java/lang/invoke/LambdaForm$MH+0x0000020a28b51400
# instanceKlass java/lang/invoke/LambdaForm$MH+0x0000020a28b51000
instanceKlass org/springframework/boot/actuate/endpoint/web/EndpointLinksResolver
instanceKlass org/springframework/boot/actuate/endpoint/web/annotation/RestControllerEndpoint
instanceKlass org/springframework/boot/actuate/endpoint/web/annotation/ControllerEndpoint
# instanceKlass java/lang/invoke/LambdaForm$MH+0x0000020a28b50c00
# instanceKlass java/lang/invoke/LambdaForm$MH+0x0000020a28b50800
# instanceKlass java/lang/invoke/LambdaForm$MH+0x0000020a28b50400
# instanceKlass java/lang/invoke/LambdaForm$MH+0x0000020a28b50000
# instanceKlass java/lang/invoke/LambdaForm$MH+0x0000020a28b4dc00
# instanceKlass java/lang/invoke/LambdaForm$MH+0x0000020a28b4d800
# instanceKlass java/lang/invoke/LambdaForm$MH+0x0000020a28b4d400
# instanceKlass java/lang/invoke/LambdaForm$MH+0x0000020a28b4d000
# instanceKlass java/lang/invoke/LambdaForm$MH+0x0000020a28b4cc00
# instanceKlass java/lang/invoke/LambdaForm$DMH+0x0000020a28b4c800
instanceKlass  @bci org/springframework/boot/actuate/autoconfigure/endpoint/web/WebEndpointAutoConfiguration controllerEndpointDiscoverer (Lorg/springframework/beans/factory/ObjectProvider;Lorg/springframework/beans/factory/ObjectProvider;)Lorg/springframework/boot/actuate/endpoint/web/annotation/ControllerEndpointDiscoverer; 20 <appendix> argL0 ; # org/springframework/boot/actuate/autoconfigure/endpoint/web/WebEndpointAutoConfiguration$$Lambda+0x0000020a28b4e000
instanceKlass org/springframework/boot/actuate/endpoint/web/servlet/SkipPathExtensionContentNegotiation
instanceKlass org/springframework/boot/actuate/endpoint/web/servlet/AbstractWebMvcEndpointHandlerMapping$LinksHandler
instanceKlass org/springframework/boot/actuate/endpoint/web/servlet/AbstractWebMvcEndpointHandlerMapping$OperationHandler
instanceKlass org/springframework/boot/actuate/endpoint/web/EndpointMapping
instanceKlass  @bci org/springframework/boot/actuate/health/HealthEndpointGroups getAllWithAdditionalPath (Lorg/springframework/boot/actuate/endpoint/web/WebServerNamespace;)Ljava/util/Set; 53 <appendix> member <vmtarget> ; # org/springframework/boot/actuate/health/HealthEndpointGroups$$Lambda+0x0000020a28b4b538
instanceKlass  @bci org/springframework/boot/actuate/health/HealthEndpointGroups getAllWithAdditionalPath (Lorg/springframework/boot/actuate/endpoint/web/WebServerNamespace;)Ljava/util/Set; 37 <appendix> member <vmtarget> ; # org/springframework/boot/actuate/health/HealthEndpointGroups$$Lambda+0x0000020a28b4b2e8
instanceKlass  @bci org/springframework/boot/actuate/health/HealthEndpointGroups getAllWithAdditionalPath (Lorg/springframework/boot/actuate/endpoint/web/WebServerNamespace;)Ljava/util/Set; 26 <appendix> member <vmtarget> ; # org/springframework/boot/actuate/health/HealthEndpointGroups$$Lambda+0x0000020a28b4b0a8
instanceKlass org/springframework/boot/actuate/endpoint/web/servlet/AbstractWebMvcEndpointHandlerMapping$ServletWebOperation
instanceKlass  @bci org/springframework/boot/actuate/autoconfigure/health/HealthEndpointWebExtensionConfiguration getHealthEndpoint (Lorg/springframework/boot/actuate/endpoint/web/WebEndpointsSupplier;)Lorg/springframework/boot/actuate/endpoint/web/ExposableWebEndpoint; 28 <appendix> argL0 ; # org/springframework/boot/actuate/autoconfigure/health/HealthEndpointWebExtensionConfiguration$$Lambda+0x0000020a28b4a9f8
instanceKlass  @bci org/springframework/boot/actuate/autoconfigure/health/HealthEndpointWebExtensionConfiguration getHealthEndpoint (Lorg/springframework/boot/actuate/endpoint/web/WebEndpointsSupplier;)Lorg/springframework/boot/actuate/endpoint/web/ExposableWebEndpoint; 13 <appendix> argL0 ; # org/springframework/boot/actuate/autoconfigure/health/HealthEndpointWebExtensionConfiguration$$Lambda+0x0000020a28b4a7b0
instanceKlass  @bci org/springframework/boot/actuate/endpoint/annotation/EndpointDiscoverer convertToEndpoint (Lorg/springframework/boot/actuate/endpoint/annotation/EndpointDiscoverer$EndpointBean;)Lorg/springframework/boot/actuate/endpoint/ExposableEndpoint; 167 <appendix> argL0 ; # org/springframework/boot/actuate/endpoint/annotation/EndpointDiscoverer$$Lambda+0x0000020a28b4a568
instanceKlass  @bci org/springframework/boot/actuate/endpoint/annotation/EndpointDiscoverer convertToEndpoint (Lorg/springframework/boot/actuate/endpoint/annotation/EndpointDiscoverer$EndpointBean;)Lorg/springframework/boot/actuate/endpoint/ExposableEndpoint; 157 <appendix> member <vmtarget> ; # org/springframework/boot/actuate/endpoint/annotation/EndpointDiscoverer$$Lambda+0x0000020a28b4a328
instanceKlass  @bci org/springframework/boot/actuate/endpoint/annotation/EndpointDiscoverer assertNoDuplicateOperations (Lorg/springframework/boot/actuate/endpoint/annotation/EndpointDiscoverer$EndpointBean;Lorg/springframework/util/MultiValueMap;)V 21 <appendix> argL0 ; # org/springframework/boot/actuate/endpoint/annotation/EndpointDiscoverer$$Lambda+0x0000020a28b4a0f0
instanceKlass  @bci org/springframework/boot/actuate/endpoint/annotation/EndpointDiscoverer assertNoDuplicateOperations (Lorg/springframework/boot/actuate/endpoint/annotation/EndpointDiscoverer$EndpointBean;Lorg/springframework/util/MultiValueMap;)V 11 <appendix> argL0 ; # org/springframework/boot/actuate/endpoint/annotation/EndpointDiscoverer$$Lambda+0x0000020a28b49ea8
# instanceKlass java/lang/invoke/LambdaForm$MH+0x0000020a28b4c400
# instanceKlass java/lang/invoke/LambdaForm$MH+0x0000020a28b4c000
instanceKlass  @bci org/springframework/boot/actuate/endpoint/web/annotation/WebEndpointDiscoverer createOperationKey (Lorg/springframework/boot/actuate/endpoint/web/WebOperation;)Lorg/springframework/boot/actuate/endpoint/annotation/EndpointDiscoverer$OperationKey; 11 <appendix> member <vmtarget> ; # org/springframework/boot/actuate/endpoint/web/annotation/WebEndpointDiscoverer$$Lambda+0x0000020a28b49c88
instanceKlass  @bci org/springframework/boot/actuate/endpoint/invoker/cache/CachingOperationInvoker$CacheKey containsType (Ljava/lang/Class;)Z 7 <appendix> member <vmtarget> ; # org/springframework/boot/actuate/endpoint/invoker/cache/CachingOperationInvoker$CacheKey$$Lambda+0x0000020a28b49a38
instanceKlass org/springframework/boot/actuate/endpoint/invoker/cache/CachingOperationInvoker$CacheKey
instanceKlass sun/reflect/annotation/AnnotationSupport
instanceKlass org/springframework/boot/actuate/endpoint/annotation/Selector
instanceKlass org/springframework/boot/actuate/endpoint/invoke/reflect/OperationMethodParameter
instanceKlass  @bci org/springframework/boot/actuate/endpoint/web/annotation/DiscoveredWebOperation getId (Lorg/springframework/boot/actuate/endpoint/EndpointId;Lorg/springframework/boot/actuate/endpoint/invoke/reflect/OperationMethod;)Ljava/lang/String; 22 <appendix> member <vmtarget> ; # org/springframework/boot/actuate/endpoint/web/annotation/DiscoveredWebOperation$$Lambda+0x0000020a28b48930
instanceKlass  @bci org/springframework/boot/actuate/endpoint/web/annotation/DiscoveredWebOperation getId (Lorg/springframework/boot/actuate/endpoint/EndpointId;Lorg/springframework/boot/actuate/endpoint/invoke/reflect/OperationMethod;)Ljava/lang/String; 11 <appendix> member <vmtarget> ; # org/springframework/boot/actuate/endpoint/web/annotation/DiscoveredWebOperation$$Lambda+0x0000020a28b486e0
instanceKlass org/springframework/boot/actuate/endpoint/annotation/AbstractDiscoveredOperation
instanceKlass org/springframework/boot/actuate/endpoint/web/WebOperationRequestPredicate
instanceKlass org/springframework/boot/actuate/endpoint/web/WebEndpointResponse
instanceKlass  @bci org/springframework/boot/actuate/endpoint/web/annotation/RequestPredicateFactory getRequestPredicate (Ljava/lang/String;Lorg/springframework/boot/actuate/endpoint/annotation/DiscoveredOperationMethod;)Lorg/springframework/boot/actuate/endpoint/web/WebOperationRequestPredicate; 25 <appendix> argL0 ; # org/springframework/boot/actuate/endpoint/web/annotation/RequestPredicateFactory$$Lambda+0x0000020a28b469f0
instanceKlass  @bci org/springframework/boot/actuate/endpoint/web/annotation/RequestPredicateFactory getRequestPredicate (Ljava/lang/String;Lorg/springframework/boot/actuate/endpoint/annotation/DiscoveredOperationMethod;)Lorg/springframework/boot/actuate/endpoint/web/WebOperationRequestPredicate; 15 <appendix> member <vmtarget> ; # org/springframework/boot/actuate/endpoint/web/annotation/RequestPredicateFactory$$Lambda+0x0000020a28b47d28
instanceKlass  @bci org/springframework/boot/actuate/autoconfigure/endpoint/EndpointIdTimeToLivePropertyFunction apply (Lorg/springframework/boot/actuate/endpoint/EndpointId;)Ljava/lang/Long; 33 <appendix> argL0 ; # org/springframework/boot/actuate/autoconfigure/endpoint/EndpointIdTimeToLivePropertyFunction$$Lambda+0x0000020a28b47af0
instanceKlass org/springframework/boot/actuate/endpoint/invoker/cache/CachingOperationInvoker$CachedResponse
instanceKlass org/springframework/boot/actuate/endpoint/invoker/cache/CachingOperationInvoker
instanceKlass org/springframework/boot/actuate/endpoint/invoke/reflect/ReflectiveOperationInvoker
instanceKlass  @bci org/springframework/boot/actuate/endpoint/invoke/reflect/OperationMethodParameters <init> (Ljava/lang/reflect/Method;Lorg/springframework/core/ParameterNameDiscoverer;)V 40 <appendix> member <vmtarget> ; # org/springframework/boot/actuate/endpoint/invoke/reflect/OperationMethodParameters$$Lambda+0x0000020a28b43db0
instanceKlass org/springframework/boot/actuate/endpoint/invoke/reflect/OperationMethodParameters
instanceKlass java/util/EnumMap$EntryIterator$Entry
instanceKlass  @bci org/springframework/boot/actuate/endpoint/annotation/DiscoveredOperationsFactory createOperation (Lorg/springframework/boot/actuate/endpoint/EndpointId;Ljava/lang/Object;Ljava/lang/reflect/Method;)Lorg/springframework/boot/actuate/endpoint/Operation; 27 <appendix> argL0 ; # org/springframework/boot/actuate/endpoint/annotation/DiscoveredOperationsFactory$$Lambda+0x0000020a28b438b8
instanceKlass  @bci org/springframework/boot/actuate/endpoint/annotation/DiscoveredOperationsFactory createOperation (Lorg/springframework/boot/actuate/endpoint/EndpointId;Ljava/lang/Object;Ljava/lang/reflect/Method;)Lorg/springframework/boot/actuate/endpoint/Operation; 17 <appendix> member <vmtarget> ; # org/springframework/boot/actuate/endpoint/annotation/DiscoveredOperationsFactory$$Lambda+0x0000020a28b43678
instanceKlass  @bci org/springframework/boot/actuate/endpoint/annotation/DiscoveredOperationsFactory createOperations (Lorg/springframework/boot/actuate/endpoint/EndpointId;Ljava/lang/Object;)Ljava/util/Collection; 7 <appendix> member <vmtarget> ; # org/springframework/boot/actuate/endpoint/annotation/DiscoveredOperationsFactory$$Lambda+0x0000020a28b43458
instanceKlass  @bci org/springframework/boot/actuate/endpoint/annotation/EndpointDiscoverer addExtensionBean (Lorg/springframework/boot/actuate/endpoint/annotation/EndpointDiscoverer$EndpointBean;Lorg/springframework/boot/actuate/endpoint/annotation/EndpointDiscoverer$ExtensionBean;)V 32 <appendix> member <vmtarget> ; # org/springframework/boot/actuate/endpoint/annotation/EndpointDiscoverer$$Lambda+0x0000020a28b43238
instanceKlass  @bci org/springframework/boot/util/LambdaSafe$Callback invokeAnd (Ljava/util/function/Function;)Lorg/springframework/boot/util/LambdaSafe$InvocationResult; 7 <appendix> member <vmtarget> ; # org/springframework/boot/util/LambdaSafe$Callback$$Lambda+0x0000020a28b43018
instanceKlass  @bci org/springframework/boot/actuate/endpoint/annotation/EndpointDiscoverer isFilterMatch (Lorg/springframework/boot/actuate/endpoint/EndpointFilter;Lorg/springframework/boot/actuate/endpoint/ExposableEndpoint;)Z 21 <appendix> member <vmtarget> ; # org/springframework/boot/actuate/endpoint/annotation/EndpointDiscoverer$$Lambda+0x0000020a28b42dd8
instanceKlass org/springframework/boot/actuate/endpoint/AbstractExposableEndpoint
instanceKlass org/springframework/boot/actuate/endpoint/annotation/DiscoveredEndpoint
instanceKlass org/springframework/boot/actuate/health/HealthEndpointSupport$HealthResult
instanceKlass org/springframework/boot/actuate/endpoint/SecurityContext
# instanceKlass java/lang/invoke/LambdaForm$MH+0x0000020a28b46000
# instanceKlass java/lang/invoke/LambdaForm$MH+0x0000020a28b45c00
# instanceKlass java/lang/invoke/LambdaForm$MH+0x0000020a28b45800
# instanceKlass java/lang/invoke/LambdaForm$MH+0x0000020a28b45400
instanceKlass org/springframework/boot/actuate/health/NamedContributor
instanceKlass  @bci org/springframework/boot/actuate/autoconfigure/health/AutoConfiguredHealthContributorRegistry assertDoesNotClashWithGroup (Ljava/lang/String;)V 19 <appendix> member <vmtarget> ; # org/springframework/boot/actuate/autoconfigure/health/AutoConfiguredHealthContributorRegistry$$Lambda+0x0000020a28b41140
instanceKlass  @bci org/springframework/boot/actuate/autoconfigure/health/AutoConfiguredHealthContributorRegistry <init> (Ljava/util/Map;Ljava/util/Collection;)V 17 <appendix> member <vmtarget> ; # org/springframework/boot/actuate/autoconfigure/health/AutoConfiguredHealthContributorRegistry$$Lambda+0x0000020a28b40f10
instanceKlass  @bci org/springframework/boot/actuate/health/DefaultContributorRegistry <init> (Ljava/util/Map;Ljava/util/function/Function;)V 43 <appendix> member <vmtarget> ; # org/springframework/boot/actuate/health/DefaultContributorRegistry$$Lambda+0x0000020a28b40ce0
instanceKlass org/springframework/boot/actuate/health/HealthContributorNameFactory
instanceKlass org/springframework/boot/actuate/health/DefaultContributorRegistry
# instanceKlass java/lang/invoke/LambdaForm$MH+0x0000020a28b45000
# instanceKlass java/lang/invoke/LambdaForm$MH+0x0000020a28b44c00
# instanceKlass java/lang/invoke/LambdaForm$MH+0x0000020a28b44800
# instanceKlass java/lang/invoke/LambdaForm$MH+0x0000020a28b44400
# instanceKlass java/lang/invoke/LambdaForm$MH+0x0000020a28b44000
instanceKlass org/springframework/mail/javamail/MimeMessagePreparator
instanceKlass jakarta/mail/Service
instanceKlass org/springframework/mail/SimpleMailMessage
instanceKlass org/eclipse/angus/activation/LogSupport
instanceKlass jakarta/activation/MimeTypeEntry
instanceKlass jakarta/activation/SecuritySupport$2
instanceKlass jakarta/activation/SecuritySupport$3
instanceKlass jakarta/activation/SecuritySupport$1
instanceKlass jakarta/activation/SecuritySupport
instanceKlass org/eclipse/angus/activation/MimeTypeFile
instanceKlass jakarta/activation/MimeTypeRegistry
instanceKlass org/eclipse/angus/activation/MimeTypeRegistryProviderImpl
instanceKlass jakarta/activation/ServiceLoaderUtil
instanceKlass jakarta/activation/FactoryFinder$2
instanceKlass jakarta/activation/FactoryFinder$3
instanceKlass jakarta/activation/ServiceLoaderUtil$ExceptionHandler
instanceKlass jakarta/activation/FactoryFinder
instanceKlass jakarta/activation/spi/MimeTypeRegistryProvider
instanceKlass jakarta/activation/LogSupport
instanceKlass jakarta/activation/MimetypesFileTypeMap$1
instanceKlass org/springframework/mail/MailMessage
instanceKlass jakarta/activation/FileTypeMap
instanceKlass  @bci org/springframework/boot/actuate/autoconfigure/mail/MailHealthContributorAutoConfiguration <init> ()V 1 <appendix> argL0 ; # org/springframework/boot/actuate/autoconfigure/mail/MailHealthContributorAutoConfiguration$$Lambda+0x0000020a28b39c58
instanceKlass org/springframework/jdbc/core/BatchPreparedStatementSetter
instanceKlass org/springframework/jdbc/core/PreparedStatementSetter
instanceKlass org/springframework/jdbc/core/SqlParameter
instanceKlass org/springframework/jdbc/core/PreparedStatementCallback
instanceKlass org/springframework/jdbc/core/ResultSetExtractor
instanceKlass org/springframework/jdbc/core/CallableStatementCreator
instanceKlass org/springframework/jdbc/core/StatementCallback
instanceKlass org/springframework/jdbc/core/PreparedStatementCreator
instanceKlass org/springframework/jdbc/core/RowMapper
instanceKlass org/springframework/core/convert/support/MapToMapConverter$MapEntry
instanceKlass org/springframework/boot/actuate/health/HealthComponent
instanceKlass org/springframework/boot/actuate/health/Health$Builder
instanceKlass  @bci org/springframework/boot/actuate/health/AbstractHealthIndicator <init> (Ljava/lang/String;)V 17 <appendix> member <vmtarget> ; # org/springframework/boot/actuate/health/AbstractHealthIndicator$$Lambda+0x0000020a28b33820
instanceKlass org/springframework/boot/actuate/health/ReactiveHealthContributor
instanceKlass  @bci org/springframework/boot/actuate/autoconfigure/health/HealthEndpointConfiguration$HealthEndpointGroupsBeanPostProcessor applyPostProcessors (Lorg/springframework/boot/actuate/health/HealthEndpointGroups;)Ljava/lang/Object; 9 <appendix> argL0 ; # org/springframework/boot/actuate/autoconfigure/health/HealthEndpointConfiguration$HealthEndpointGroupsBeanPostProcessor$$Lambda+0x0000020a28b33410
instanceKlass org/springframework/boot/actuate/endpoint/web/WebServerNamespace
instanceKlass org/springframework/boot/actuate/health/AdditionalHealthEndpointPath
instanceKlass  @bci org/springframework/boot/actuate/autoconfigure/health/AutoConfiguredHealthEndpointGroups createGroups (Ljava/util/Map;Lorg/springframework/beans/factory/BeanFactory;Lorg/springframework/boot/actuate/health/StatusAggregator;Lorg/springframework/boot/actuate/health/HttpCodeStatusMapper;Lorg/springframework/boot/actuate/endpoint/Show;Lorg/springframework/boot/actuate/endpoint/Show;Ljava/util/Set;)Ljava/util/Map; 23 <appendix> form vmentry <vmtarget> ; # java/lang/invoke/LambdaForm$DMH+0x0000020a28b32000
instanceKlass  @bci org/springframework/boot/actuate/autoconfigure/health/AutoConfiguredHealthEndpointGroups createGroups (Ljava/util/Map;Lorg/springframework/beans/factory/BeanFactory;Lorg/springframework/boot/actuate/health/StatusAggregator;Lorg/springframework/boot/actuate/health/HttpCodeStatusMapper;Lorg/springframework/boot/actuate/endpoint/Show;Lorg/springframework/boot/actuate/endpoint/Show;Ljava/util/Set;)Ljava/util/Map; 23 <appendix> member <vmtarget> ; # org/springframework/boot/actuate/autoconfigure/health/AutoConfiguredHealthEndpointGroups$$Lambda+0x0000020a28b37d00
instanceKlass  @cpi org/springframework/boot/actuate/autoconfigure/health/AutoConfiguredHealthEndpointGroups 344 form vmentry <vmtarget> ; # java/lang/invoke/LambdaForm$DMH+0x0000020a28b31c00
instanceKlass org/springframework/boot/actuate/autoconfigure/health/AutoConfiguredHealthEndpointGroup
instanceKlass org/springframework/boot/actuate/health/SimpleHttpCodeStatusMapper
instanceKlass org/springframework/boot/actuate/health/SimpleStatusAggregator$StatusComparator
instanceKlass  @bci org/springframework/boot/actuate/health/SimpleStatusAggregator getUniformCodes (Ljava/util/stream/Stream;)Ljava/util/List; 1 <appendix> argL0 ; # org/springframework/boot/actuate/health/SimpleStatusAggregator$$Lambda+0x0000020a28b371a0
instanceKlass org/springframework/boot/actuate/health/Status
instanceKlass org/springframework/boot/actuate/health/SimpleStatusAggregator
instanceKlass  @bci org/springframework/boot/actuate/autoconfigure/health/AutoConfiguredHealthEndpointGroups getNonQualifiedBean (Lorg/springframework/beans/factory/ListableBeanFactory;Ljava/lang/Class;)Ljava/lang/Object; 51 <appendix> member <vmtarget> ; # org/springframework/boot/actuate/autoconfigure/health/AutoConfiguredHealthEndpointGroups$$Lambda+0x0000020a28b36b10
instanceKlass  @bci org/springframework/boot/actuate/autoconfigure/health/AutoConfiguredHealthEndpointGroups <clinit> ()V 0 <appendix> argL0 ; # org/springframework/boot/actuate/autoconfigure/health/AutoConfiguredHealthEndpointGroups$$Lambda+0x0000020a28b368c8
instanceKlass org/springframework/boot/actuate/health/HealthEndpointGroup
instanceKlass org/springframework/boot/actuate/autoconfigure/health/AutoConfiguredHealthEndpointGroups
instanceKlass org/springframework/boot/actuate/autoconfigure/health/HealthProperties$Status
instanceKlass org/springframework/boot/actuate/endpoint/web/annotation/RequestPredicateFactory
instanceKlass org/springframework/boot/actuate/endpoint/invoke/OperationParameters
instanceKlass org/springframework/boot/actuate/autoconfigure/endpoint/EndpointIdTimeToLivePropertyFunction
instanceKlass org/springframework/boot/actuate/endpoint/web/WebOperation
# instanceKlass java/lang/invoke/LambdaForm$MH+0x0000020a28b31800
# instanceKlass java/lang/invoke/LambdaForm$MH+0x0000020a28b31400
# instanceKlass java/lang/invoke/LambdaForm$MH+0x0000020a28b31000
# instanceKlass java/lang/invoke/LambdaForm$MH+0x0000020a28b30c00
# instanceKlass java/lang/invoke/LambdaForm$MH+0x0000020a28b30800
# instanceKlass java/lang/invoke/LambdaForm$DMH+0x0000020a28b30400
instanceKlass  @bci org/springframework/util/MimeType appendTo (Ljava/util/Map;Ljava/lang/StringBuilder;)V 2 <appendix> member <vmtarget> ; # org/springframework/util/MimeType$$Lambda+0x0000020a28b35368
instanceKlass org/springframework/boot/actuate/endpoint/Producible
instanceKlass org/springframework/boot/actuate/endpoint/invoke/convert/ConversionServiceParameterValueMapper
instanceKlass org/springframework/boot/actuate/endpoint/annotation/EndpointConverter
# instanceKlass java/lang/invoke/LambdaForm$MH+0x0000020a28b30000
instanceKlass  @bci org/springframework/web/servlet/handler/SimpleUrlHandlerMapping registerHandlers (Ljava/util/Map;)V 32 <appendix> member <vmtarget> ; # org/springframework/web/servlet/handler/SimpleUrlHandlerMapping$$Lambda+0x0000020a28b2c400
instanceKlass  @bci org/springframework/web/servlet/resource/ResourceHttpRequestHandler setMediaTypes (Ljava/util/Map;)V 2 <appendix> member <vmtarget> ; # org/springframework/web/servlet/resource/ResourceHttpRequestHandler$$Lambda+0x0000020a28b2ccc0
instanceKlass org/springframework/web/servlet/resource/DefaultResourceTransformerChain
instanceKlass org/springframework/web/servlet/resource/DefaultResourceResolverChain
instanceKlass org/springframework/web/servlet/resource/AbstractResourceResolver
instanceKlass org/springframework/web/servlet/resource/ResourceResolver
instanceKlass org/springframework/web/servlet/resource/ResourceTransformerChain
instanceKlass org/springframework/web/HttpRequestHandler
instanceKlass  @bci org/springframework/boot/autoconfigure/web/servlet/WebMvcAutoConfiguration$WebMvcAutoConfigurationAdapter addResourceHandlers (Lorg/springframework/web/servlet/config/annotation/ResourceHandlerRegistry;)V 54 <appendix> member <vmtarget> ; # org/springframework/boot/autoconfigure/web/servlet/WebMvcAutoConfiguration$WebMvcAutoConfigurationAdapter$$Lambda+0x0000020a28b2f9b0
instanceKlass  @bci org/springframework/boot/autoconfigure/web/WebProperties$Resources$Cache$Cachecontrol toHttpCacheControl ()Lorg/springframework/http/CacheControl; 202 <appendix> member <vmtarget> ; # org/springframework/boot/autoconfigure/web/WebProperties$Resources$Cache$Cachecontrol$$Lambda+0x0000020a28b2f780
instanceKlass  @bci org/springframework/boot/autoconfigure/web/WebProperties$Resources$Cache$Cachecontrol toHttpCacheControl ()Lorg/springframework/http/CacheControl; 190 <appendix> member <vmtarget> ; # org/springframework/boot/autoconfigure/web/WebProperties$Resources$Cache$Cachecontrol$$Lambda+0x0000020a28b2f560
instanceKlass  @bci org/springframework/boot/autoconfigure/web/WebProperties$Resources$Cache$Cachecontrol toHttpCacheControl ()Lorg/springframework/http/CacheControl; 180 <appendix> member <vmtarget> ; # org/springframework/boot/autoconfigure/web/WebProperties$Resources$Cache$Cachecontrol$$Lambda+0x0000020a28b2f330
instanceKlass  @bci org/springframework/boot/autoconfigure/web/WebProperties$Resources$Cache$Cachecontrol toHttpCacheControl ()Lorg/springframework/http/CacheControl; 168 <appendix> member <vmtarget> ; # org/springframework/boot/autoconfigure/web/WebProperties$Resources$Cache$Cachecontrol$$Lambda+0x0000020a28b2f110
instanceKlass  @bci org/springframework/boot/autoconfigure/web/WebProperties$Resources$Cache$Cachecontrol toHttpCacheControl ()Lorg/springframework/http/CacheControl; 158 <appendix> member <vmtarget> ; # org/springframework/boot/autoconfigure/web/WebProperties$Resources$Cache$Cachecontrol$$Lambda+0x0000020a28b2eee0
instanceKlass  @bci org/springframework/boot/autoconfigure/web/WebProperties$Resources$Cache$Cachecontrol toHttpCacheControl ()Lorg/springframework/http/CacheControl; 146 <appendix> member <vmtarget> ; # org/springframework/boot/autoconfigure/web/WebProperties$Resources$Cache$Cachecontrol$$Lambda+0x0000020a28b2ecc0
instanceKlass  @bci org/springframework/boot/autoconfigure/web/WebProperties$Resources$Cache$Cachecontrol toHttpCacheControl ()Lorg/springframework/http/CacheControl; 136 <appendix> member <vmtarget> ; # org/springframework/boot/autoconfigure/web/WebProperties$Resources$Cache$Cachecontrol$$Lambda+0x0000020a28b2eaa0
instanceKlass  @bci org/springframework/boot/autoconfigure/web/WebProperties$Resources$Cache$Cachecontrol toHttpCacheControl ()Lorg/springframework/http/CacheControl; 119 <appendix> member <vmtarget> ; # org/springframework/boot/autoconfigure/web/WebProperties$Resources$Cache$Cachecontrol$$Lambda+0x0000020a28b2e880
instanceKlass  @bci org/springframework/boot/autoconfigure/web/WebProperties$Resources$Cache$Cachecontrol toHttpCacheControl ()Lorg/springframework/http/CacheControl; 109 <appendix> member <vmtarget> ; # org/springframework/boot/autoconfigure/web/WebProperties$Resources$Cache$Cachecontrol$$Lambda+0x0000020a28b2e660
instanceKlass  @bci org/springframework/boot/autoconfigure/web/WebProperties$Resources$Cache$Cachecontrol toHttpCacheControl ()Lorg/springframework/http/CacheControl; 92 <appendix> member <vmtarget> ; # org/springframework/boot/autoconfigure/web/WebProperties$Resources$Cache$Cachecontrol$$Lambda+0x0000020a28b2e440
instanceKlass  @bci org/springframework/boot/autoconfigure/web/WebProperties$Resources$Cache$Cachecontrol toHttpCacheControl ()Lorg/springframework/http/CacheControl; 82 <appendix> member <vmtarget> ; # org/springframework/boot/autoconfigure/web/WebProperties$Resources$Cache$Cachecontrol$$Lambda+0x0000020a28b2e220
instanceKlass  @bci org/springframework/boot/autoconfigure/web/WebProperties$Resources$Cache$Cachecontrol toHttpCacheControl ()Lorg/springframework/http/CacheControl; 65 <appendix> member <vmtarget> ; # org/springframework/boot/autoconfigure/web/WebProperties$Resources$Cache$Cachecontrol$$Lambda+0x0000020a28b2e000
instanceKlass  @bci org/springframework/boot/autoconfigure/web/WebProperties$Resources$Cache$Cachecontrol toHttpCacheControl ()Lorg/springframework/http/CacheControl; 55 <appendix> member <vmtarget> ; # org/springframework/boot/autoconfigure/web/WebProperties$Resources$Cache$Cachecontrol$$Lambda+0x0000020a28b2bce8
instanceKlass  @bci org/springframework/boot/autoconfigure/web/WebProperties$Resources$Cache$Cachecontrol toHttpCacheControl ()Lorg/springframework/http/CacheControl; 38 <appendix> member <vmtarget> ; # org/springframework/boot/autoconfigure/web/WebProperties$Resources$Cache$Cachecontrol$$Lambda+0x0000020a28b2bac8
instanceKlass  @bci org/springframework/boot/autoconfigure/web/WebProperties$Resources$Cache$Cachecontrol toHttpCacheControl ()Lorg/springframework/http/CacheControl; 28 <appendix> member <vmtarget> ; # org/springframework/boot/autoconfigure/web/WebProperties$Resources$Cache$Cachecontrol$$Lambda+0x0000020a28b2b8a8
instanceKlass  @bci org/springframework/boot/context/properties/PropertyMapper$Source whenTrue ()Lorg/springframework/boot/context/properties/PropertyMapper$Source; 9 <appendix> member <vmtarget> ; # org/springframework/boot/context/properties/PropertyMapper$Source$$Lambda+0x0000020a28b2b658
instanceKlass  @bci org/springframework/boot/autoconfigure/web/WebProperties$Resources$Cache$Cachecontrol toHttpCacheControl ()Lorg/springframework/http/CacheControl; 11 <appendix> member <vmtarget> ; # org/springframework/boot/autoconfigure/web/WebProperties$Resources$Cache$Cachecontrol$$Lambda+0x0000020a28b2b438
instanceKlass org/springframework/http/CacheControl
instanceKlass  @bci org/springframework/boot/autoconfigure/web/servlet/WebMvcAutoConfiguration$WebMvcAutoConfigurationAdapter addResourceHandler (Lorg/springframework/web/servlet/config/annotation/ResourceHandlerRegistry;Ljava/lang/String;[Ljava/lang/String;)V 4 <appendix> member <vmtarget> ; # org/springframework/boot/autoconfigure/web/servlet/WebMvcAutoConfiguration$WebMvcAutoConfigurationAdapter$$Lambda+0x0000020a28b2af98
instanceKlass org/springframework/web/servlet/function/ServerResponse
instanceKlass  @bci org/springframework/web/servlet/function/support/RouterFunctionMapping initRouterFunctions ()V 95 <appendix> argL0 ; # org/springframework/web/servlet/function/support/RouterFunctionMapping$$Lambda+0x0000020a28b2ab60
instanceKlass  @bci org/springframework/web/servlet/function/support/RouterFunctionMapping initRouterFunctions ()V 16 <appendix> argL0 ; # org/springframework/web/servlet/function/support/RouterFunctionMapping$$Lambda+0x0000020a28b2a928
instanceKlass org/springframework/web/servlet/function/HandlerFunction
instanceKlass org/springframework/web/servlet/function/ServerRequest
instanceKlass org/springframework/web/servlet/function/RouterFunction
instanceKlass  @bci org/springframework/boot/actuate/autoconfigure/endpoint/web/servlet/WebMvcEndpointManagementContextConfiguration$EndpointObjectMapperWebMvcConfigurer lambda$configure$1 (Ljava/util/Map;)V 15 <appendix> member <vmtarget> ; # org/springframework/boot/actuate/autoconfigure/endpoint/web/servlet/WebMvcEndpointManagementContextConfiguration$EndpointObjectMapperWebMvcConfigurer$$Lambda+0x0000020a28b2a110
instanceKlass  @bci org/springframework/http/converter/json/AbstractJackson2HttpMessageConverter registerObjectMappersForType (Ljava/lang/Class;Ljava/util/function/Consumer;)V 23 <appendix> argL0 ; # org/springframework/http/converter/json/AbstractJackson2HttpMessageConverter$$Lambda+0x0000020a28b29ed8
instanceKlass  @bci org/springframework/boot/actuate/autoconfigure/endpoint/web/servlet/WebMvcEndpointManagementContextConfiguration$EndpointObjectMapperWebMvcConfigurer configure (Lorg/springframework/http/converter/json/MappingJackson2HttpMessageConverter;)V 4 <appendix> member <vmtarget> ; # org/springframework/boot/actuate/autoconfigure/endpoint/web/servlet/WebMvcEndpointManagementContextConfiguration$EndpointObjectMapperWebMvcConfigurer$$Lambda+0x0000020a28b29ca8
instanceKlass  @bci java/lang/reflect/Executable sharedToString (IZ[Ljava/lang/Class;[Ljava/lang/Class;)Ljava/lang/String; 73 <appendix> argL0 ; # java/lang/reflect/Executable$$Lambda+0x0000020a286b3d00
# instanceKlass java/lang/invoke/LambdaForm$MH+0x0000020a28b2c000
instanceKlass com/fasterxml/jackson/databind/MappingIterator
instanceKlass com/fasterxml/jackson/databind/jsonschema/JsonSchema
instanceKlass com/fasterxml/jackson/databind/cfg/ConstructorDetector
instanceKlass com/fasterxml/jackson/databind/jsonFormatVisitors/JsonFormatVisitorWrapper
instanceKlass com/fasterxml/jackson/databind/jsonFormatVisitors/JsonFormatVisitorWithSerializerProvider
instanceKlass com/fasterxml/jackson/annotation/JsonAutoDetect$Value
instanceKlass com/fasterxml/jackson/databind/deser/DeserializationProblemHandler
instanceKlass com/fasterxml/jackson/core/io/CharacterEscapes
instanceKlass com/fasterxml/jackson/databind/ObjectWriter
instanceKlass com/fasterxml/jackson/core/type/TypeReference
instanceKlass com/fasterxml/jackson/core/FormatSchema
instanceKlass com/fasterxml/jackson/databind/InjectableValues
instanceKlass  @bci org/springframework/http/converter/json/Jackson2ObjectMapperBuilder configure (Lcom/fasterxml/jackson/databind/ObjectMapper;)V 69 <appendix> member <vmtarget> ; # org/springframework/http/converter/json/Jackson2ObjectMapperBuilder$$Lambda+0x0000020a28b225d0
instanceKlass com/fasterxml/jackson/databind/ser/FilterProvider
instanceKlass java/util/EnumMap$EnumMapIterator
instanceKlass  @bci org/springframework/boot/autoconfigure/jackson/JacksonAutoConfiguration$Jackson2ObjectMapperBuilderCustomizerConfiguration$StandardJackson2ObjectMapperBuilderCustomizer configureVisibility (Lorg/springframework/http/converter/json/Jackson2ObjectMapperBuilder;Ljava/util/Map;)V 7 <appendix> member <vmtarget> ; # org/springframework/boot/autoconfigure/jackson/JacksonAutoConfiguration$Jackson2ObjectMapperBuilderCustomizerConfiguration$StandardJackson2ObjectMapperBuilderCustomizer$$Lambda+0x0000020a28b274d8
instanceKlass  @bci org/springframework/boot/autoconfigure/jackson/JacksonAutoConfiguration$Jackson2ObjectMapperBuilderCustomizerConfiguration$StandardJackson2ObjectMapperBuilderCustomizer configureFeatures (Lorg/springframework/http/converter/json/Jackson2ObjectMapperBuilder;Ljava/util/Map;)V 2 <appendix> member <vmtarget> ; # org/springframework/boot/autoconfigure/jackson/JacksonAutoConfiguration$Jackson2ObjectMapperBuilderCustomizerConfiguration$StandardJackson2ObjectMapperBuilderCustomizer$$Lambda+0x0000020a28b272a8
instanceKlass org/springframework/data/domain/Unpaged
instanceKlass org/springframework/data/geo/GeoModule$PolygonMixin
instanceKlass org/springframework/data/geo/Polygon
instanceKlass org/springframework/data/geo/GeoModule$CircleMixin
instanceKlass org/springframework/data/geo/Circle
instanceKlass org/springframework/data/geo/GeoModule$BoxMixin
instanceKlass org/springframework/data/geo/Box
instanceKlass org/springframework/data/geo/Shape
instanceKlass org/springframework/data/geo/GeoModule$PointMixin
instanceKlass org/springframework/data/geo/GeoModule$DistanceMixin
instanceKlass org/springframework/boot/jackson/JsonComponent
instanceKlass  @bci org/springframework/boot/jackson/JsonMixinModuleEntries doWithEntry (Ljava/lang/ClassLoader;Ljava/util/function/BiConsumer;)V 7 <appendix> member <vmtarget> ; # org/springframework/boot/jackson/JsonMixinModuleEntries$$Lambda+0x0000020a28b24f18
instanceKlass  @bci org/springframework/boot/jackson/JsonMixinModule registerEntries (Lorg/springframework/boot/jackson/JsonMixinModuleEntries;Ljava/lang/ClassLoader;)V 3 <appendix> member <vmtarget> ; # org/springframework/boot/jackson/JsonMixinModule$$Lambda+0x0000020a28b24ce8
# instanceKlass java/lang/invoke/LambdaForm$MH+0x0000020a28b20400
instanceKlass org/springframework/boot/jackson/JsonMixin
instanceKlass  @bci org/springframework/boot/jackson/JsonMixinModuleEntries scan (Lorg/springframework/context/ApplicationContext;Ljava/util/Collection;)Lorg/springframework/boot/jackson/JsonMixinModuleEntries; 2 <appendix> member <vmtarget> ; # org/springframework/boot/jackson/JsonMixinModuleEntries$$Lambda+0x0000020a28b24618
instanceKlass org/springframework/boot/jackson/JsonMixinModuleEntries$Builder
instanceKlass com/fasterxml/jackson/databind/jsontype/NamedType
instanceKlass com/fasterxml/jackson/databind/deser/ValueInstantiator
instanceKlass com/fasterxml/jackson/databind/PropertyNamingStrategy
instanceKlass  @bci org/springframework/boot/context/properties/bind/Binder handleBindResult (Lorg/springframework/boot/context/properties/source/ConfigurationPropertyName;Lorg/springframework/boot/context/properties/bind/Bindable;Lorg/springframework/boot/context/properties/bind/BindHandler;Lorg/springframework/boot/context/properties/bind/Binder$Context;Ljava/lang/Object;Z)Ljava/lang/Object; 50 <appendix> member <vmtarget> ; # org/springframework/boot/context/properties/bind/Binder$$Lambda+0x0000020a28b1f1e8
instanceKlass  @bci org/springframework/boot/autoconfigure/web/servlet/WebMvcAutoConfiguration$WebMvcAutoConfigurationAdapter configureMessageConverters (Ljava/util/List;)V 5 <appendix> member <vmtarget> ; # org/springframework/boot/autoconfigure/web/servlet/WebMvcAutoConfiguration$WebMvcAutoConfigurationAdapter$$Lambda+0x0000020a28b1e8e8
instanceKlass  @bci java/util/stream/Collectors toUnmodifiableMap (Ljava/util/function/Function;Ljava/util/function/Function;)Ljava/util/stream/Collector; 21 <appendix> argL0 ; # java/util/stream/Collectors$$Lambda+0x0000020a286b3208
instanceKlass  @bci org/springframework/web/servlet/handler/AbstractHandlerMethodMapping getHandlerMethods ()Ljava/util/Map; 29 <appendix> argL0 ; # org/springframework/web/servlet/handler/AbstractHandlerMethodMapping$$Lambda+0x0000020a28b1e6b0
instanceKlass  @bci org/springframework/web/servlet/handler/AbstractHandlerMethodMapping getHandlerMethods ()Ljava/util/Map; 24 <appendix> argL0 ; # org/springframework/web/servlet/handler/AbstractHandlerMethodMapping$$Lambda+0x0000020a28b1e478
instanceKlass org/springframework/web/bind/annotation/ExceptionHandler
instanceKlass org/springframework/boot/web/error/ErrorAttributeOptions
# instanceKlass java/lang/invoke/LambdaForm$MH+0x0000020a28b20000
instanceKlass org/springframework/web/bind/annotation/RequestParam
instanceKlass sun/reflect/annotation/TypeAnnotation$TypeAnnotationTargetInfo
instanceKlass org/springframework/web/bind/annotation/RequestBody
instanceKlass org/springframework/web/servlet/handler/AbstractHandlerMethodMapping$MappingRegistration
instanceKlass org/springframework/web/bind/annotation/PathVariable
instanceKlass  @bci org/springframework/core/annotation/MergedAnnotationPredicates typeIn ([Ljava/lang/String;)Ljava/util/function/Predicate; 1 <appendix> member <vmtarget> ; # org/springframework/core/annotation/MergedAnnotationPredicates$$Lambda+0x0000020a28b1c310
instanceKlass org/springframework/web/method/HandlerMethod$MethodValidationInitializer
instanceKlass  @bci org/springframework/web/servlet/handler/AbstractHandlerMethodMapping detectHandlerMethods (Ljava/lang/Object;)V 116 <appendix> member <vmtarget> ; # org/springframework/web/servlet/handler/AbstractHandlerMethodMapping$$Lambda+0x0000020a28b1bee0
instanceKlass org/springframework/web/util/pattern/PathPattern$MatchingContext
instanceKlass org/springframework/util/UnmodifiableMultiValueMap
instanceKlass org/springframework/http/server/DefaultPathContainer$DefaultPathSegment
instanceKlass  @bci org/springframework/web/servlet/mvc/method/annotation/RequestMappingHandlerMapping createRequestMappingInfo (Ljava/lang/reflect/AnnotatedElement;)Lorg/springframework/web/servlet/mvc/method/RequestMappingInfo; 154 <appendix> argL0 ; # org/springframework/web/servlet/mvc/method/annotation/RequestMappingHandlerMapping$$Lambda+0x0000020a28b1b488
instanceKlass org/springframework/web/servlet/mvc/method/RequestMappingInfo$DefaultBuilder
instanceKlass org/springframework/web/servlet/mvc/condition/AbstractMediaTypeExpression
instanceKlass org/springframework/web/servlet/mvc/condition/MediaTypeExpression
instanceKlass org/springframework/web/servlet/mvc/method/RequestMappingInfo$Builder
instanceKlass  @bci org/springframework/web/servlet/mvc/method/annotation/RequestMappingHandlerMapping createRequestMappingInfo (Ljava/lang/reflect/AnnotatedElement;)Lorg/springframework/web/servlet/mvc/method/RequestMappingInfo; 46 <appendix> argL0 ; # org/springframework/web/servlet/mvc/method/annotation/RequestMappingHandlerMapping$$Lambda+0x0000020a28b19850
instanceKlass  @bci org/springframework/web/servlet/mvc/method/annotation/RequestMappingHandlerMapping getAnnotationDescriptors (Ljava/lang/reflect/AnnotatedElement;)Ljava/util/List; 52 <appendix> argL0 ; # org/springframework/web/servlet/mvc/method/annotation/RequestMappingHandlerMapping$$Lambda+0x0000020a28b19618
instanceKlass org/springframework/core/annotation/MergedAnnotationPredicates$FirstRunOfPredicate
instanceKlass  @bci org/springframework/web/servlet/mvc/method/annotation/RequestMappingHandlerMapping getAnnotationDescriptors (Ljava/lang/reflect/AnnotatedElement;)Ljava/util/List; 39 <appendix> argL0 ; # org/springframework/web/servlet/mvc/method/annotation/RequestMappingHandlerMapping$$Lambda+0x0000020a28b19180
instanceKlass  @bci org/springframework/core/MethodIntrospector selectMethods (Ljava/lang/Class;Lorg/springframework/core/MethodIntrospector$MetadataLookup;)Ljava/util/Map; 102 <appendix> member <vmtarget> ; # org/springframework/core/MethodIntrospector$$Lambda+0x0000020a28b18f60
instanceKlass org/springframework/core/MethodIntrospector
instanceKlass  @bci org/springframework/web/servlet/handler/AbstractHandlerMethodMapping detectHandlerMethods (Ljava/lang/Object;)V 42 <appendix> member <vmtarget> ; # org/springframework/web/servlet/handler/AbstractHandlerMethodMapping$$Lambda+0x0000020a28b18b40
instanceKlass org/springframework/core/MethodIntrospector$MetadataLookup
instanceKlass org/springframework/web/servlet/mvc/condition/AbstractRequestCondition
instanceKlass org/springframework/web/service/annotation/HttpExchange
instanceKlass org/springframework/web/servlet/mvc/method/RequestMappingInfo
instanceKlass org/springframework/web/servlet/mvc/condition/RequestCondition
instanceKlass org/springframework/web/servlet/mvc/method/annotation/RequestMappingHandlerMapping$AnnotationDescriptor
instanceKlass org/springframework/web/servlet/mvc/method/RequestMappingInfo$BuilderConfiguration
instanceKlass org/springframework/web/servlet/mvc/method/RequestMappingInfoHandlerMethodMappingNamingStrategy
instanceKlass org/springframework/web/servlet/handler/AbstractHandlerMethodMapping$MappingRegistry
instanceKlass org/springframework/http/HttpHeaders
instanceKlass org/springframework/web/servlet/mvc/method/RequestMappingInfoHandlerMapping$HttpOptionsHandler
instanceKlass  @bci org/springframework/web/cors/CorsConfiguration addAllowedOriginPattern (Ljava/lang/String;)V 26 <appendix> member <vmtarget> ; # org/springframework/web/cors/CorsConfiguration$$Lambda+0x0000020a28b12a90
instanceKlass org/springframework/web/bind/annotation/ResponseStatus
instanceKlass org/springframework/web/servlet/handler/AbstractHandlerMethodMapping$EmptyHandler
instanceKlass org/springframework/core/annotation/AnnotatedMethod
instanceKlass org/springframework/web/servlet/handler/HandlerMethodMappingNamingStrategy
# instanceKlass java/lang/invoke/LambdaForm$MH+0x0000020a28b11400
# instanceKlass java/lang/invoke/LambdaForm$MH+0x0000020a28b11000
# instanceKlass java/lang/invoke/LambdaForm$MH+0x0000020a28b10c00
instanceKlass  @bci org/springframework/core/annotation/AnnotationUtils getAnnotationAttributes (Ljava/lang/reflect/AnnotatedElement;Ljava/lang/annotation/Annotation;ZZ)Lorg/springframework/core/annotation/AnnotationAttributes; 17 <appendix> argL0 ; # org/springframework/core/annotation/AnnotationUtils$$Lambda+0x0000020a28b16750
instanceKlass  @bci org/springframework/core/annotation/TypeMappedAnnotation from (Ljava/lang/Object;Ljava/lang/annotation/Annotation;)Lorg/springframework/core/annotation/MergedAnnotation; 29 <appendix> argL0 ; # org/springframework/core/annotation/TypeMappedAnnotation$$Lambda+0x0000020a28b16538
instanceKlass  @bci org/springframework/boot/autoconfigure/web/servlet/WebMvcAutoConfiguration$EnableWebMvcConfiguration welcomePageNotAcceptableHandlerMapping (Lorg/springframework/context/ApplicationContext;Lorg/springframework/format/support/FormattingConversionService;Lorg/springframework/web/servlet/resource/ResourceUrlProvider;)Lorg/springframework/boot/autoconfigure/web/servlet/WelcomePageNotAcceptableHandlerMapping; 4 <appendix> argL0 ; # org/springframework/boot/autoconfigure/web/servlet/WebMvcAutoConfiguration$EnableWebMvcConfiguration$$Lambda+0x0000020a28b16320
instanceKlass org/springframework/web/servlet/handler/MappedInterceptor
instanceKlass org/springframework/http/server/RequestPath
instanceKlass org/springframework/web/servlet/handler/RequestMatchResult
instanceKlass  @bci org/springframework/web/servlet/config/annotation/InterceptorRegistry lambda$static$0 (Ljava/lang/Object;)Ljava/lang/Object; 18 <appendix> member <vmtarget> ; # org/springframework/web/servlet/config/annotation/InterceptorRegistry$$Lambda+0x0000020a28b156e8
instanceKlass  @bci org/springframework/web/servlet/config/annotation/InterceptorRegistry getInterceptors ()Ljava/util/List; 17 <appendix> argL0 ; # org/springframework/web/servlet/config/annotation/InterceptorRegistry$$Lambda+0x0000020a28b154b0
instanceKlass org/springframework/web/servlet/resource/ResourceUrlProviderExposingInterceptor
instanceKlass org/springframework/web/servlet/handler/ConversionServiceExposingInterceptor
instanceKlass org/springframework/web/servlet/config/annotation/InterceptorRegistration
instanceKlass org/springframework/web/servlet/handler/WebRequestHandlerInterceptorAdapter
instanceKlass org/springframework/web/servlet/AsyncHandlerInterceptor
instanceKlass  @bci org/springframework/web/servlet/config/annotation/InterceptorRegistry <clinit> ()V 3 <appendix> argL0 ; # org/springframework/web/servlet/config/annotation/InterceptorRegistry$$Lambda+0x0000020a28b14208
instanceKlass org/springframework/boot/autoconfigure/web/servlet/WelcomePage
instanceKlass  @bci org/springframework/boot/autoconfigure/web/servlet/WebMvcAutoConfiguration$EnableWebMvcConfiguration welcomePageHandlerMapping (Lorg/springframework/context/ApplicationContext;Lorg/springframework/format/support/FormattingConversionService;Lorg/springframework/web/servlet/resource/ResourceUrlProvider;)Lorg/springframework/boot/autoconfigure/web/servlet/WelcomePageHandlerMapping; 4 <appendix> argL0 ; # org/springframework/boot/autoconfigure/web/servlet/WebMvcAutoConfiguration$EnableWebMvcConfiguration$$Lambda+0x0000020a28b0fc50
# instanceKlass java/lang/invoke/LambdaForm$MH+0x0000020a28b10800
# instanceKlass java/lang/invoke/LambdaForm$MH+0x0000020a28b10400
# instanceKlass java/lang/invoke/LambdaForm$MH+0x0000020a28b10000
instanceKlass org/springframework/web/servlet/resource/ResourceResolverChain
instanceKlass  @bci org/springframework/data/repository/support/DomainClassConverter setApplicationContext (Lorg/springframework/context/ApplicationContext;)V 3 <appendix> member <vmtarget> ; # org/springframework/data/repository/support/DomainClassConverter$$Lambda+0x0000020a28b0f838
instanceKlass  @bci org/springframework/data/repository/support/Repositories <init> ()V 12 <appendix> member <vmtarget> ; # org/springframework/data/repository/support/Repositories$$Lambda+0x0000020a28b0efa8
instanceKlass org/springframework/data/repository/support/Repositories
instanceKlass org/springframework/data/repository/support/DomainClassConverter
instanceKlass org/springframework/data/geo/Point
instanceKlass org/springframework/data/geo/Distance
instanceKlass org/springframework/data/geo/Metric
instanceKlass org/springframework/boot/autoconfigure/web/format/DateTimeFormatters
instanceKlass jakarta/servlet/ServletRequestWrapper
instanceKlass org/springframework/web/servlet/handler/HandlerMappingIntrospector$CachedResult
instanceKlass org/springframework/web/servlet/handler/HandlerMappingIntrospector$CacheResultLogHelper
instanceKlass  @bci org/springframework/security/config/annotation/web/configurers/AuthorizeHttpRequestsConfigurer <init> (Lorg/springframework/context/ApplicationContext;)V 67 <appendix> member <vmtarget> ; # org/springframework/security/config/annotation/web/configurers/AuthorizeHttpRequestsConfigurer$$Lambda+0x0000020a28b0b1b8
instanceKlass org/springframework/security/authorization/SpringAuthorizationEventPublisher
instanceKlass org/springframework/security/web/access/intercept/RequestMatcherDelegatingAuthorizationManager$Builder
instanceKlass org/springframework/security/web/access/intercept/RequestMatcherDelegatingAuthorizationManager
instanceKlass  @bci org/springframework/security/config/annotation/web/configurers/AuthorizeHttpRequestsConfigurer <clinit> ()V 0 <appendix> argL0 ; # org/springframework/security/config/annotation/web/configurers/AuthorizeHttpRequestsConfigurer$$Lambda+0x0000020a28b0a4d8
instanceKlass org/springframework/security/web/access/intercept/RequestAuthorizationContext
instanceKlass  @bci com/example/WebApartment/Configurations/WebSecurityConfig securityFilterChain (Lorg/springframework/security/config/annotation/web/builders/HttpSecurity;)Lorg/springframework/security/web/SecurityFilterChain; 17 <appendix> member <vmtarget> ; # com/example/WebApartment/Configurations/WebSecurityConfig$$Lambda+0x0000020a28b0a0b0
instanceKlass org/springframework/security/web/DefaultSecurityFilterChain
instanceKlass org/springframework/security/web/authentication/logout/SecurityContextLogoutHandler
instanceKlass org/springframework/security/web/authentication/logout/LogoutSuccessHandler
instanceKlass  @bci org/springframework/security/web/authentication/ui/DefaultLogoutPageGeneratingFilter <init> ()V 20 <appendix> argL0 ; # org/springframework/security/web/authentication/ui/DefaultLogoutPageGeneratingFilter$$Lambda+0x0000020a28b08ea8
instanceKlass org/springframework/security/web/util/matcher/AntPathRequestMatcher$SpringAntMatcher
instanceKlass org/springframework/security/web/util/matcher/AntPathRequestMatcher$Matcher
instanceKlass org/springframework/security/web/util/matcher/AntPathRequestMatcher
instanceKlass org/springframework/security/web/util/matcher/RequestVariablesExtractor
instanceKlass  @bci org/springframework/security/web/authentication/ui/DefaultLoginPageGeneratingFilter <init> ()V 5 <appendix> argL0 ; # org/springframework/security/web/authentication/ui/DefaultLoginPageGeneratingFilter$$Lambda+0x0000020a28b08418
instanceKlass org/springframework/security/web/servletapi/HttpServletRequestFactory
instanceKlass org/springframework/security/core/authority/SimpleGrantedAuthority
instanceKlass org/springframework/security/core/authority/AuthorityUtils
instanceKlass org/springframework/security/core/context/SecurityContextImpl
instanceKlass jakarta/servlet/ServletResponseWrapper
instanceKlass org/springframework/security/core/context/DeferredSecurityContext
instanceKlass org/springframework/security/web/context/HttpSessionSecurityContextRepository
instanceKlass org/springframework/security/web/authentication/session/AbstractSessionFixationProtectionStrategy$NullEventPublisher
instanceKlass org/springframework/security/web/authentication/session/AbstractSessionFixationProtectionStrategy
instanceKlass org/springframework/security/web/authentication/AuthenticationFailureHandler
instanceKlass org/springframework/security/core/session/SessionRegistry
instanceKlass org/springframework/security/web/session/SessionInformationExpiredStrategy
instanceKlass org/springframework/security/web/session/InvalidSessionStrategy
instanceKlass org/springframework/security/web/context/SecurityContextRepository
instanceKlass org/springframework/security/config/annotation/web/configurers/HeadersConfigurer$CrossOriginResourcePolicyConfig
instanceKlass org/springframework/security/config/annotation/web/configurers/HeadersConfigurer$CrossOriginEmbedderPolicyConfig
instanceKlass org/springframework/security/config/annotation/web/configurers/HeadersConfigurer$CrossOriginOpenerPolicyConfig
instanceKlass org/springframework/security/config/annotation/web/configurers/HeadersConfigurer$PermissionsPolicyConfig
instanceKlass org/springframework/security/config/annotation/web/configurers/HeadersConfigurer$FeaturePolicyConfig
instanceKlass org/springframework/security/config/annotation/web/configurers/HeadersConfigurer$ReferrerPolicyConfig
instanceKlass org/springframework/security/config/annotation/web/configurers/HeadersConfigurer$ContentSecurityPolicyConfig
instanceKlass org/springframework/security/config/annotation/web/configurers/HeadersConfigurer$HpkpConfig
instanceKlass org/springframework/security/web/header/writers/frameoptions/XFrameOptionsHeaderWriter
instanceKlass org/springframework/security/config/annotation/web/configurers/HeadersConfigurer$FrameOptionsConfig
instanceKlass org/springframework/security/web/header/writers/HstsHeaderWriter$SecureRequestMatcher
instanceKlass org/springframework/security/web/header/writers/HstsHeaderWriter
instanceKlass org/springframework/security/config/annotation/web/configurers/HeadersConfigurer$HstsConfig
instanceKlass org/springframework/security/web/header/writers/CacheControlHeadersWriter
instanceKlass org/springframework/security/config/annotation/web/configurers/HeadersConfigurer$CacheControlConfig
instanceKlass org/springframework/security/web/header/writers/XXssProtectionHeaderWriter
instanceKlass org/springframework/security/config/annotation/web/configurers/HeadersConfigurer$XXssConfig
instanceKlass org/springframework/security/web/header/Header
instanceKlass org/springframework/security/web/header/writers/StaticHeadersWriter
instanceKlass org/springframework/security/web/header/HeaderWriter
instanceKlass org/springframework/security/config/annotation/web/configurers/HeadersConfigurer$ContentTypeOptionsConfig
instanceKlass org/springframework/security/web/savedrequest/RequestCache
instanceKlass org/springframework/security/web/AuthenticationEntryPoint
instanceKlass org/springframework/security/config/annotation/web/builders/HttpSecurity$OrderedFilter
instanceKlass org/springframework/security/web/csrf/CsrfFilter$DefaultRequiresCsrfMatcher
instanceKlass org/springframework/security/web/csrf/CsrfTokenRequestHandler
instanceKlass org/springframework/security/web/csrf/CsrfTokenRequestResolver
instanceKlass org/springframework/security/web/csrf/CsrfToken
instanceKlass org/springframework/security/web/csrf/DeferredCsrfToken
instanceKlass org/springframework/security/web/csrf/HttpSessionCsrfTokenRepository
instanceKlass org/springframework/security/config/annotation/SecurityConfigurerAdapter$CompositeObjectPostProcessor
instanceKlass org/springframework/security/web/authentication/session/SessionAuthenticationStrategy
instanceKlass org/springframework/security/web/authentication/logout/LogoutHandler
instanceKlass org/springframework/security/web/access/AccessDeniedHandler
instanceKlass org/springframework/security/web/csrf/CsrfTokenRepository
instanceKlass  @bci org/springframework/security/config/Customizer withDefaults ()Lorg/springframework/security/config/Customizer; 0 <appendix> argL0 ; # org/springframework/security/config/Customizer$$Lambda+0x0000020a28afede8
instanceKlass org/springframework/security/access/intercept/AbstractSecurityInterceptor
instanceKlass org/springframework/security/config/annotation/web/builders/FilterOrderRegistration$Step
instanceKlass org/springframework/security/config/annotation/web/builders/FilterOrderRegistration
instanceKlass org/springframework/security/web/util/matcher/AnyRequestMatcher
instanceKlass org/springframework/security/config/annotation/web/configuration/HttpSecurityConfiguration$LazyPasswordEncoder
instanceKlass org/springframework/web/context/request/NativeWebRequest
instanceKlass  @bci org/springframework/web/accept/MappingMediaTypeFileExtensionResolver addFileExtension (Lorg/springframework/http/MediaType;Ljava/lang/String;)V 5 <appendix> argL0 ; # org/springframework/web/accept/MappingMediaTypeFileExtensionResolver$$Lambda+0x0000020a28af3028
instanceKlass  @bci org/springframework/web/accept/MappingMediaTypeFileExtensionResolver <init> (Ljava/util/Map;)V 62 <appendix> member <vmtarget> ; # org/springframework/web/accept/MappingMediaTypeFileExtensionResolver$$Lambda+0x0000020a28af2df8
instanceKlass  @bci org/springframework/web/accept/ContentNegotiationManagerFactoryBean addMediaTypes (Ljava/util/Map;)V 6 <appendix> member <vmtarget> ; # org/springframework/web/accept/ContentNegotiationManagerFactoryBean$$Lambda+0x0000020a28af29d8
instanceKlass  @bci org/springframework/boot/autoconfigure/web/servlet/WebMvcAutoConfiguration$WebMvcAutoConfigurationAdapter configureContentNegotiation (Lorg/springframework/web/servlet/config/annotation/ContentNegotiationConfigurer;)V 51 <appendix> member <vmtarget> ; # org/springframework/boot/autoconfigure/web/servlet/WebMvcAutoConfiguration$WebMvcAutoConfigurationAdapter$$Lambda+0x0000020a28af27a8
instanceKlass org/springframework/web/accept/MappingMediaTypeFileExtensionResolver
instanceKlass org/springframework/web/accept/ContentNegotiationManagerFactoryBean
instanceKlass  @bci org/springframework/boot/actuate/autoconfigure/endpoint/jackson/JacksonEndpointAutoConfiguration endpointObjectMapper ()Lorg/springframework/boot/actuate/endpoint/jackson/EndpointObjectMapper; 33 <appendix> member <vmtarget> ; # org/springframework/boot/actuate/autoconfigure/endpoint/jackson/JacksonEndpointAutoConfiguration$$Lambda+0x0000020a28af17b8
instanceKlass  @bci org/springframework/data/web/config/SpringDataWebConfiguration <init> (Lorg/springframework/context/ApplicationContext;Lorg/springframework/beans/factory/ObjectFactory;)V 87 <appendix> member <vmtarget> ; # org/springframework/data/web/config/SpringDataWebConfiguration$$Lambda+0x0000020a28af1598
instanceKlass  @bci org/springframework/data/web/config/SpringDataWebConfiguration <init> (Lorg/springframework/context/ApplicationContext;Lorg/springframework/beans/factory/ObjectFactory;)V 74 <appendix> member <vmtarget> ; # org/springframework/data/web/config/SpringDataWebConfiguration$$Lambda+0x0000020a28af1378
instanceKlass  @bci org/springframework/data/web/config/SpringDataWebConfiguration <init> (Lorg/springframework/context/ApplicationContext;Lorg/springframework/beans/factory/ObjectFactory;)V 61 <appendix> member <vmtarget> ; # org/springframework/data/web/config/SpringDataWebConfiguration$$Lambda+0x0000020a28af1158
instanceKlass  @bci org/springframework/data/web/config/SpringDataWebConfiguration <init> (Lorg/springframework/context/ApplicationContext;Lorg/springframework/beans/factory/ObjectFactory;)V 48 <appendix> member <vmtarget> ; # org/springframework/data/web/config/SpringDataWebConfiguration$$Lambda+0x0000020a28af0f38
instanceKlass  @bci org/springframework/data/web/config/SpringDataWebConfiguration <init> (Lorg/springframework/context/ApplicationContext;Lorg/springframework/beans/factory/ObjectFactory;)V 35 <appendix> member <vmtarget> ; # org/springframework/data/web/config/SpringDataWebConfiguration$$Lambda+0x0000020a28af0d18
instanceKlass org/springframework/boot/autoconfigure/orm/jpa/JpaBaseConfiguration$JpaWebConfiguration$1
instanceKlass org/springframework/web/context/request/async/DeferredResultProcessingInterceptor
# instanceKlass java/lang/invoke/LambdaForm$MH+0x0000020a28aefc00
# instanceKlass java/lang/invoke/LambdaForm$MH+0x0000020a28aef800
# instanceKlass java/lang/invoke/LambdaForm$MH+0x0000020a28aef400
# instanceKlass java/lang/invoke/LambdaForm$MH+0x0000020a28aef000
# instanceKlass java/lang/invoke/LambdaForm$MH+0x0000020a28aeec00
# instanceKlass java/lang/invoke/LambdaForm$DMH+0x0000020a28aee800
instanceKlass org/springframework/web/servlet/config/annotation/WebMvcConfigurerComposite
# instanceKlass java/lang/invoke/LambdaForm$MH+0x0000020a28aee400
# instanceKlass java/lang/invoke/LambdaForm$MH+0x0000020a28aee000
# instanceKlass java/lang/invoke/LambdaForm$MH+0x0000020a28aedc00
# instanceKlass java/lang/invoke/LambdaForm$MH+0x0000020a28aed800
instanceKlass org/springframework/boot/autoconfigure/web/WebProperties$Resources$Cache$Cachecontrol
instanceKlass org/springframework/boot/autoconfigure/web/WebProperties$Resources$Cache
instanceKlass org/springframework/boot/autoconfigure/web/WebProperties$Resources$Chain$Strategy$Content
instanceKlass org/springframework/boot/autoconfigure/web/WebProperties$Resources$Chain$Strategy$Fixed
instanceKlass org/springframework/boot/autoconfigure/web/WebProperties$Resources$Chain$Strategy
instanceKlass org/springframework/boot/autoconfigure/web/servlet/WebMvcAutoConfiguration$ResourceHandlerRegistrationCustomizer
instanceKlass org/springframework/boot/autoconfigure/web/servlet/WebMvcRegistrations
instanceKlass org/springframework/web/accept/HeaderContentNegotiationStrategy
instanceKlass org/springframework/security/core/context/SecurityContext
instanceKlass org/springframework/security/core/context/ThreadLocalSecurityContextHolderStrategy
instanceKlass  @bci org/springframework/security/authorization/method/PostAuthorizeExpressionAttributeRegistry setApplicationContext (Lorg/springframework/context/ApplicationContext;)V 9 <appendix> member <vmtarget> ; # org/springframework/security/authorization/method/PostAuthorizeExpressionAttributeRegistry$$Lambda+0x0000020a28ae9b90
instanceKlass  @bci org/springframework/security/authorization/method/PreAuthorizeExpressionAttributeRegistry setApplicationContext (Lorg/springframework/context/ApplicationContext;)V 9 <appendix> member <vmtarget> ; # org/springframework/security/authorization/method/PreAuthorizeExpressionAttributeRegistry$$Lambda+0x0000020a28ae9950
instanceKlass org/springframework/security/authorization/AuthorizationObservationConvention
instanceKlass org/springframework/security/authorization/ObservationAuthorizationManager
instanceKlass com/example/WebApartment/DTO/WardDTO
# instanceKlass java/lang/invoke/LambdaForm$MH+0x0000020a28aed400
# instanceKlass java/lang/invoke/LambdaForm$MH+0x0000020a28aed000
# instanceKlass java/lang/invoke/LambdaForm$MH+0x0000020a28aecc00
# instanceKlass java/lang/invoke/LambdaForm$MH+0x0000020a28aec800
# instanceKlass java/lang/invoke/LambdaForm$MH+0x0000020a28aec400
# instanceKlass java/lang/invoke/LambdaForm$MH+0x0000020a28aec000
instanceKlass org/springframework/security/authentication/ProviderManager$NullEventPublisher
instanceKlass org/springframework/security/config/annotation/authentication/configuration/InitializeUserDetailsBeanManagerConfigurer$InitializeUserDetailsManagerConfigurer$BeanWithName
instanceKlass org/springframework/security/config/annotation/authentication/configuration/InitializeAuthenticationProviderBeanManagerConfigurer$InitializeAuthenticationProviderManagerConfigurer$BeanWithName
instanceKlass org/springframework/security/authentication/password/CompromisedPasswordChecker
instanceKlass org/springframework/security/core/userdetails/UserDetailsPasswordService
instanceKlass org/springframework/security/core/authority/mapping/NullAuthoritiesMapper
instanceKlass org/springframework/security/authentication/dao/AbstractUserDetailsAuthenticationProvider$DefaultPostAuthenticationChecks
instanceKlass org/springframework/security/authentication/dao/AbstractUserDetailsAuthenticationProvider$DefaultPreAuthenticationChecks
instanceKlass org/springframework/security/core/userdetails/cache/NullUserCache
instanceKlass org/springframework/context/support/MessageSourceAccessor
instanceKlass org/springframework/security/crypto/password/DelegatingPasswordEncoder$UnmappedIdPasswordEncoder
instanceKlass org/springframework/security/crypto/password/DelegatingPasswordEncoder
instanceKlass org/springframework/security/crypto/argon2/Argon2PasswordEncoder
instanceKlass org/springframework/security/crypto/password/StandardPasswordEncoder
instanceKlass org/springframework/security/crypto/scrypt/SCryptPasswordEncoder
instanceKlass javax/crypto/SecretKeyFactorySpi
instanceKlass javax/crypto/SecretKeyFactory
instanceKlass org/springframework/security/crypto/codec/Utf8
instanceKlass org/springframework/security/crypto/password/Pbkdf2PasswordEncoder
instanceKlass org/springframework/security/crypto/password/NoOpPasswordEncoder
instanceKlass org/springframework/security/crypto/password/Digester
instanceKlass org/springframework/security/crypto/password/MessageDigestPasswordEncoder
instanceKlass org/springframework/security/crypto/keygen/Base64StringKeyGenerator
instanceKlass org/springframework/security/crypto/password/Md4PasswordEncoder
instanceKlass org/springframework/security/crypto/keygen/SecureRandomBytesKeyGenerator
instanceKlass org/springframework/security/crypto/keygen/StringKeyGenerator
instanceKlass org/springframework/security/crypto/keygen/BytesKeyGenerator
instanceKlass org/springframework/security/crypto/keygen/KeyGenerators
instanceKlass org/springframework/security/crypto/password/LdapShaPasswordEncoder
instanceKlass org/springframework/security/crypto/factory/PasswordEncoderFactories
instanceKlass org/springframework/security/core/authority/mapping/GrantedAuthoritiesMapper
instanceKlass org/springframework/security/core/userdetails/UserDetailsChecker
instanceKlass org/springframework/security/core/userdetails/UserCache
instanceKlass org/springframework/security/authentication/dao/AbstractUserDetailsAuthenticationProvider
instanceKlass org/springframework/security/authentication/ProviderManager
instanceKlass org/springframework/security/config/annotation/authentication/configuration/AuthenticationConfiguration$LazyPasswordEncoder
instanceKlass org/springframework/security/config/annotation/configuration/AutowireBeanFactoryObjectPostProcessor
instanceKlass org/springframework/security/crypto/bcrypt/BCryptPasswordEncoder
instanceKlass com/example/WebApartment/DTO/UpdateUserInformationDTO
instanceKlass com/example/WebApartment/Responses/UserResponse
instanceKlass com/example/WebApartment/DTO/UpdatePassDTO
instanceKlass com/example/WebApartment/DTO/UserDTO
instanceKlass com/example/WebApartment/DTO/SubscriptionResponseDTO
instanceKlass com/example/WebApartment/DTO/SubscriptionDTO
instanceKlass com/example/WebApartment/DTO/StatisticDTO
instanceKlass com/example/WebApartment/DTO/RoleDTO
instanceKlass com/example/WebApartment/DTO/ProvinceDTO
instanceKlass com/example/WebApartment/DTO/PaymentMethodDTO
instanceKlass com/cloudinary/ArchiveParams
instanceKlass com/cloudinary/Uploader
instanceKlass com/cloudinary/Api
instanceKlass com/cloudinary/Search
instanceKlass com/cloudinary/Url
instanceKlass org/apache/http/HttpEntity
instanceKlass com/cloudinary/api/ApiResponse
instanceKlass org/apache/http/HttpResponse
instanceKlass com/cloudinary/strategies/AbstractApiStrategy
instanceKlass org/apache/http/HttpEntityEnclosingRequest
instanceKlass org/apache/http/message/AbstractHttpMessage
instanceKlass org/apache/http/client/methods/AbortableHttpRequest
instanceKlass org/apache/http/client/methods/HttpExecutionAware
instanceKlass org/apache/http/client/methods/Configurable
instanceKlass org/apache/http/client/methods/HttpUriRequest
instanceKlass org/apache/http/HttpRequest
instanceKlass org/apache/http/HttpMessage
instanceKlass com/cloudinary/strategies/AbstractUploaderStrategy
instanceKlass com/cloudinary/strategies/StrategyLoader
instanceKlass com/cloudinary/utils/ObjectUtils
instanceKlass com/cloudinary/Configuration
# instanceKlass java/lang/invoke/LambdaForm$MH+0x0000020a28ad5000
# instanceKlass java/lang/invoke/LambdaForm$MH+0x0000020a28ad4c00
# instanceKlass java/lang/invoke/LambdaForm$MH+0x0000020a28ad4800
# instanceKlass java/lang/invoke/LambdaForm$MH+0x0000020a28ad4400
# instanceKlass java/lang/invoke/LambdaForm$MH+0x0000020a28ad4000
instanceKlass org/hibernate/query/hql/internal/SemanticQueryBuilder$7
instanceKlass  @bci org/hibernate/query/hql/internal/SemanticQueryBuilder visitFinalFunctionArgument (Lorg/antlr/v4/runtime/tree/ParseTree;)Lorg/hibernate/query/sqm/tree/expression/SqmExpression; 5 <appendix> member <vmtarget> ; # org/hibernate/query/hql/internal/SemanticQueryBuilder$$Lambda+0x0000020a28ace9b0
instanceKlass  @bci org/springframework/data/jpa/repository/query/HqlQueryRenderer visitFunctionArguments (Lorg/springframework/data/jpa/repository/query/HqlParser$FunctionArgumentsContext;)Ljava/util/List; 39 <appendix> member <vmtarget> ; # org/springframework/data/jpa/repository/query/HqlQueryRenderer$$Lambda+0x0000020a28ace780
instanceKlass  @bci org/springframework/data/jpa/repository/query/HqlQueryRenderer visitFunctionName (Lorg/springframework/data/jpa/repository/query/HqlParser$FunctionNameContext;)Ljava/util/List; 14 <appendix> member <vmtarget> ; # org/springframework/data/jpa/repository/query/HqlQueryRenderer$$Lambda+0x0000020a28ace550
instanceKlass com/example/WebApartment/DTO/ListingMediaDTO
instanceKlass org/springframework/web/multipart/MultipartFile
instanceKlass com/example/WebApartment/DTO/ListingDTO
instanceKlass com/example/WebApartment/DTO/FeatureDTO
instanceKlass org/hibernate/type/BasicPluralType
instanceKlass  @bci org/hibernate/query/hql/internal/SemanticQueryBuilder visitInPredicate (Lorg/hibernate/grammars/hql/HqlParser$InPredicateContext;)Lorg/hibernate/query/sqm/tree/predicate/SqmPredicate; 292 <appendix> argL0 ; # org/hibernate/query/hql/internal/SemanticQueryBuilder$$Lambda+0x0000020a28aca948
instanceKlass  @bci org/springframework/data/jpa/repository/query/StringQuery$ParameterBindingParser parseParameterBindingsOfQueryIntoBindingsAndReturnCleanedQuery (Ljava/lang/String;Ljava/util/List;Lorg/springframework/data/jpa/repository/query/StringQuery$Metadata;)Ljava/lang/String; 439 <appendix> member <vmtarget> ; # org/springframework/data/jpa/repository/query/StringQuery$ParameterBindingParser$$Lambda+0x0000020a28ac7ce8
instanceKlass org/hibernate/internal/util/QuotingHelper
instanceKlass org/antlr/v4/runtime/dfa/DFAState$PredPrediction
instanceKlass  @bci org/springframework/data/jpa/repository/query/StringQuery$ParameterBindings existsBoundParameter (Ljava/lang/String;)Z 25 <appendix> member <vmtarget> ; # org/springframework/data/jpa/repository/query/StringQuery$ParameterBindings$$Lambda+0x0000020a28ac4568
instanceKlass  @bci org/springframework/data/jpa/repository/query/StringQuery$ParameterBindings existsBoundParameter (Ljava/lang/String;)Z 14 <appendix> argL0 ; # org/springframework/data/jpa/repository/query/StringQuery$ParameterBindings$$Lambda+0x0000020a28ac4330
instanceKlass  @bci org/springframework/data/jpa/repository/query/StringQuery$ParameterBindingParser parseParameterBindingsOfQueryIntoBindingsAndReturnCleanedQuery (Ljava/lang/String;Ljava/util/List;Lorg/springframework/data/jpa/repository/query/StringQuery$Metadata;)Ljava/lang/String; 427 <appendix> member <vmtarget> ; # org/springframework/data/jpa/repository/query/StringQuery$ParameterBindingParser$$Lambda+0x0000020a28ac40f0
instanceKlass  @bci org/springframework/data/domain/Range contains (Ljava/lang/Object;Ljava/util/Comparator;)Z 48 <appendix> member <vmtarget> ; # org/springframework/data/domain/Range$$Lambda+0x0000020a28ac3eb0
instanceKlass  @bci org/springframework/data/domain/Range contains (Ljava/lang/Object;Ljava/util/Comparator;)Z 16 <appendix> member <vmtarget> ; # org/springframework/data/domain/Range$$Lambda+0x0000020a28ac3c70
instanceKlass  @bci org/springframework/data/domain/Range contains (Ljava/lang/Comparable;)Z 2 <appendix> argL0 ; # org/springframework/data/domain/Range$$Lambda+0x0000020a28ac39e0
instanceKlass org/springframework/data/domain/Range$RangeBuilder
instanceKlass org/springframework/data/domain/Range$Bound
instanceKlass  @bci org/hibernate/internal/SessionImpl applyQuerySettingsAndHints (Lorg/hibernate/query/Query;)V 15 <appendix> argL0 ; # org/hibernate/internal/SessionImpl$$Lambda+0x0000020a28ac3390
instanceKlass  @bci org/hibernate/internal/SessionImpl applyQuerySettingsAndHints (Lorg/hibernate/query/Query;)V 10 <appendix> member <vmtarget> ; # org/hibernate/internal/SessionImpl$$Lambda+0x0000020a28ac3150
instanceKlass org/hibernate/jpa/internal/LegacySpecHelper
instanceKlass  @bci org/hibernate/internal/SessionImpl applyLockOptionsHint (Lorg/hibernate/query/SelectionQuery;)V 35 <appendix> member <vmtarget> ; # org/hibernate/internal/SessionImpl$$Lambda+0x0000020a28ac2d10
instanceKlass org/hibernate/query/spi/QueryParameterBindings$2
instanceKlass org/hibernate/query/spi/QueryParameterBindings$1
instanceKlass org/hibernate/cache/MutableCacheKeyBuilder
instanceKlass org/hibernate/query/spi/QueryParameterBinding
instanceKlass org/hibernate/cache/spi/QueryKey$ParameterBindingsMemento
instanceKlass org/hibernate/query/internal/QueryParameterBindingsImpl
instanceKlass org/hibernate/query/internal/QueryOptionsImpl
instanceKlass org/hibernate/sql/results/spi/ResultsConsumer
instanceKlass org/hibernate/query/spi/QueryParameterBindings
instanceKlass org/hibernate/query/spi/NonSelectQueryPlan
instanceKlass org/hibernate/query/spi/QueryInterpretationCache$Key
instanceKlass org/hibernate/query/ResultListTransformer
instanceKlass org/hibernate/ScrollableResults
instanceKlass org/hibernate/query/spi/MutableQueryOptions
instanceKlass org/hibernate/query/spi/AbstractCommonQueryContract
instanceKlass org/hibernate/query/spi/DomainQueryExecutionContext
instanceKlass org/hibernate/query/sqm/internal/SqmInterpretationsKey$InterpretationsKeySource
instanceKlass org/hibernate/query/sqm/internal/SqmInterpretationsKey$CacheabilityInfluencers
instanceKlass org/hibernate/query/hql/spi/SqmQueryImplementor
instanceKlass org/hibernate/query/spi/SqmQuery
instanceKlass org/hibernate/query/spi/SimpleHqlInterpretationImpl
instanceKlass org/hibernate/query/internal/ParameterMetadataImpl
instanceKlass  @bci org/hibernate/query/sqm/internal/DomainParameterXref from (Lorg/hibernate/query/sqm/tree/SqmStatement;)Lorg/hibernate/query/sqm/internal/DomainParameterXref; 218 <appendix> argL0 ; # org/hibernate/query/sqm/internal/DomainParameterXref$$Lambda+0x0000020a28ab7d60
instanceKlass org/hibernate/query/spi/AbstractQueryParameter
instanceKlass  @bci org/hibernate/query/sqm/internal/DomainParameterXref from (Lorg/hibernate/query/sqm/tree/SqmStatement;)Lorg/hibernate/query/sqm/internal/DomainParameterXref; 123 <appendix> member <vmtarget> ; # org/hibernate/query/sqm/internal/DomainParameterXref$$Lambda+0x0000020a28ab6fc8
instanceKlass org/hibernate/query/sqm/internal/SqmUtil$1
instanceKlass org/hibernate/query/sqm/internal/DomainParameterXref
instanceKlass org/hibernate/query/sqm/internal/SqmTreePrinter
instanceKlass org/hibernate/metamodel/model/domain/DiscriminatorSqmPath
instanceKlass org/hibernate/query/hql/internal/DomainPathPart
instanceKlass org/hibernate/query/hql/internal/BasicDotIdentifierConsumer$BaseLocalSequencePart
instanceKlass org/hibernate/query/hql/internal/QualifiedJoinPathConsumer$AttributeJoinDelegate
instanceKlass org/hibernate/query/hql/internal/QualifiedJoinPathConsumer$ConsumerDelegate
instanceKlass org/hibernate/query/hql/internal/QualifiedJoinPathConsumer
instanceKlass org/hibernate/query/sqm/SqmTreeCreationLogger
instanceKlass org/hibernate/query/sqm/tree/domain/SqmPolymorphicRootDescriptor
instanceKlass org/hibernate/query/hql/internal/SqmTreeCreationHelper
instanceKlass org/hibernate/query/hql/internal/SqmPathRegistryImpl
instanceKlass org/hibernate/query/hql/spi/SqmPathRegistry
instanceKlass org/hibernate/query/sqm/internal/SqmCreationProcessingStateImpl
instanceKlass  @bci org/hibernate/query/hql/internal/SemanticQueryBuilder visitStatement (Lorg/hibernate/grammars/hql/HqlParser$StatementContext;)Lorg/hibernate/query/sqm/tree/SqmStatement; 4 <appendix> argL0 ; # org/hibernate/query/hql/internal/SemanticQueryBuilder$$Lambda+0x0000020a28a9b750
instanceKlass  @bci org/hibernate/type/spi/TypeConfiguration standardBasicTypeForJavaType (Ljava/lang/reflect/Type;Ljava/util/function/Function;)Lorg/hibernate/type/BasicType; 14 <appendix> member <vmtarget> ; # org/hibernate/type/spi/TypeConfiguration$$Lambda+0x0000020a28a9b510
instanceKlass  @bci org/hibernate/type/spi/TypeConfiguration standardBasicTypeForJavaType (Ljava/lang/Class;)Lorg/hibernate/type/BasicType; 9 <appendix> member <vmtarget> ; # org/hibernate/type/spi/TypeConfiguration$$Lambda+0x0000020a28a9b2d0
instanceKlass org/hibernate/query/hql/internal/BasicDotIdentifierConsumer
instanceKlass org/hibernate/query/sqm/spi/ParameterDeclarationContext
instanceKlass org/hibernate/query/sqm/tree/insert/SqmInsertStatement
instanceKlass org/hibernate/query/criteria/JpaConflictClause
instanceKlass org/hibernate/query/hql/spi/SqmCreationProcessingState
instanceKlass org/hibernate/query/hql/spi/DotIdentifierConsumer
instanceKlass org/hibernate/grammars/hql/HqlParserVisitor
instanceKlass org/hibernate/query/hql/spi/SqmCreationState
instanceKlass org/hibernate/query/hql/internal/StandardHqlTranslator$1
instanceKlass org/antlr/v4/runtime/RuntimeMetaData
instanceKlass org/hibernate/query/hql/internal/HqlParseTreeBuilder
instanceKlass org/hibernate/query/hql/HqlLogging
instanceKlass  @bci org/springframework/data/jpa/repository/query/AbstractStringBasedJpaQuery <init> (Lorg/springframework/data/jpa/repository/query/JpaQueryMethod;Ljakarta/persistence/EntityManager;Ljava/lang/String;Ljava/lang/String;Lorg/springframework/data/jpa/repository/QueryRewriter;Lorg/springframework/data/repository/query/QueryMethodEvaluationContextProvider;Lorg/springframework/expression/spel/standard/SpelExpressionParser;)V 92 <appendix> member <vmtarget> ; # org/springframework/data/jpa/repository/query/AbstractStringBasedJpaQuery$$Lambda+0x0000020a28a434c8
instanceKlass  @bci org/springframework/data/jpa/repository/query/AbstractStringBasedJpaQuery <init> (Lorg/springframework/data/jpa/repository/query/JpaQueryMethod;Ljakarta/persistence/EntityManager;Ljava/lang/String;Ljava/lang/String;Lorg/springframework/data/jpa/repository/QueryRewriter;Lorg/springframework/data/repository/query/QueryMethodEvaluationContextProvider;Lorg/springframework/expression/spel/standard/SpelExpressionParser;)V 79 <appendix> member <vmtarget> ; # org/springframework/data/jpa/repository/query/AbstractStringBasedJpaQuery$$Lambda+0x0000020a28a432a8
instanceKlass org/springframework/data/jpa/repository/query/AbstractStringBasedJpaQuery$QuerySortRewriter
instanceKlass  @bci org/springframework/data/jpa/repository/query/StringQuery hasNamedParameter ()Z 9 <appendix> argL0 ; # org/springframework/data/jpa/repository/query/StringQuery$$Lambda+0x0000020a28a41f00
instanceKlass  @bci org/springframework/data/jpa/repository/query/HqlQueryRenderer visitWhereClause (Lorg/springframework/data/jpa/repository/query/HqlParser$WhereClauseContext;)Ljava/util/List; 32 <appendix> member <vmtarget> ; # org/springframework/data/jpa/repository/query/HqlQueryRenderer$$Lambda+0x0000020a28a41cd0
instanceKlass  @bci org/springframework/data/jpa/repository/query/HqlQueryRenderer visitEntityWithJoins (Lorg/springframework/data/jpa/repository/query/HqlParser$EntityWithJoinsContext;)Ljava/util/List; 36 <appendix> member <vmtarget> ; # org/springframework/data/jpa/repository/query/HqlQueryRenderer$$Lambda+0x0000020a28a41aa0
instanceKlass  @bci org/springframework/data/jpa/repository/query/HqlQueryRenderer visitEntityName (Lorg/springframework/data/jpa/repository/query/HqlParser$EntityNameContext;)Ljava/util/List; 14 <appendix> member <vmtarget> ; # org/springframework/data/jpa/repository/query/HqlQueryRenderer$$Lambda+0x0000020a28a41870
instanceKlass  @bci org/springframework/data/jpa/repository/query/HqlQueryRenderer visitFromClause (Lorg/springframework/data/jpa/repository/query/HqlParser$FromClauseContext;)Ljava/util/List; 32 <appendix> member <vmtarget> ; # org/springframework/data/jpa/repository/query/HqlQueryRenderer$$Lambda+0x0000020a28a41640
instanceKlass  @bci org/springframework/data/jpa/repository/query/HqlQueryRenderer visitSimplePath (Lorg/springframework/data/jpa/repository/query/HqlParser$SimplePathContext;)Ljava/util/List; 36 <appendix> member <vmtarget> ; # org/springframework/data/jpa/repository/query/HqlQueryRenderer$$Lambda+0x0000020a28a41410
instanceKlass  @bci org/springframework/data/jpa/repository/query/HqlQueryRenderer visitSelectionList (Lorg/springframework/data/jpa/repository/query/HqlParser$SelectionListContext;)Ljava/util/List; 14 <appendix> member <vmtarget> ; # org/springframework/data/jpa/repository/query/HqlQueryRenderer$$Lambda+0x0000020a28a411e0
instanceKlass  @bci org/springframework/data/jpa/repository/query/JpaQueryParsingToken <init> (Ljava/lang/String;Z)V 2 <appendix> member <vmtarget> ; # org/springframework/data/jpa/repository/query/JpaQueryParsingToken$$Lambda+0x0000020a28a3fd88
instanceKlass  @bci org/springframework/data/jpa/repository/query/JpaQueryParsingToken <init> (Ljava/lang/String;)V 2 <appendix> member <vmtarget> ; # org/springframework/data/jpa/repository/query/JpaQueryParsingToken$$Lambda+0x0000020a28a3fb68
instanceKlass org/springframework/data/jpa/repository/query/JpaQueryParsingToken
instanceKlass org/springframework/data/jpa/repository/query/JpaQueryTransformerSupport
instanceKlass org/antlr/v4/runtime/tree/AbstractParseTreeVisitor
instanceKlass org/springframework/data/jpa/repository/query/HqlVisitor
instanceKlass org/antlr/v4/runtime/tree/ParseTreeVisitor
instanceKlass org/antlr/v4/runtime/misc/FlexibleHashMap$Entry
instanceKlass org/antlr/v4/runtime/misc/FlexibleHashMap
instanceKlass org/antlr/v4/runtime/misc/DoubleKeyMap
instanceKlass org/antlr/v4/runtime/tree/TerminalNodeImpl
instanceKlass org/antlr/v4/runtime/atn/LexerIndexedCustomAction
instanceKlass org/antlr/v4/runtime/atn/LexerActionExecutor
instanceKlass org/antlr/v4/runtime/atn/LL1Analyzer
instanceKlass org/antlr/v4/runtime/CommonToken
instanceKlass org/antlr/v4/runtime/WritableToken
instanceKlass org/antlr/v4/runtime/misc/MurmurHash
instanceKlass org/antlr/v4/runtime/atn/ParserATNSimulator$1
instanceKlass org/antlr/v4/runtime/atn/SemanticContext
instanceKlass org/antlr/v4/runtime/DefaultErrorStrategy
instanceKlass org/antlr/v4/runtime/BufferedTokenStream
instanceKlass org/antlr/v4/runtime/tree/ErrorNode
instanceKlass org/antlr/v4/runtime/tree/TerminalNode
instanceKlass org/antlr/v4/runtime/tree/ParseTreeListener
instanceKlass org/antlr/v4/runtime/atn/LexerATNSimulator$SimState
instanceKlass org/antlr/v4/runtime/misc/AbstractEqualityComparator
instanceKlass org/antlr/v4/runtime/misc/EqualityComparator
instanceKlass org/antlr/v4/runtime/misc/Array2DHashSet
instanceKlass org/antlr/v4/runtime/dfa/DFAState
instanceKlass org/antlr/v4/runtime/atn/ATNConfigSet
instanceKlass org/antlr/v4/runtime/atn/ATNConfig
instanceKlass org/antlr/v4/runtime/misc/IntegerList
instanceKlass org/antlr/v4/runtime/Token
instanceKlass org/antlr/v4/runtime/CommonTokenFactory
instanceKlass org/antlr/v4/runtime/TokenFactory
instanceKlass org/antlr/v4/runtime/BaseErrorListener
instanceKlass org/antlr/v4/runtime/CodePointCharStream$1
instanceKlass org/antlr/v4/runtime/CodePointCharStream
instanceKlass org/antlr/v4/runtime/CodePointBuffer$1
instanceKlass org/antlr/v4/runtime/CodePointBuffer$Builder
instanceKlass org/antlr/v4/runtime/CodePointBuffer
instanceKlass org/antlr/v4/runtime/CharStreams
instanceKlass org/antlr/v4/runtime/dfa/DFASerializer
instanceKlass org/antlr/v4/runtime/dfa/DFA
instanceKlass org/antlr/v4/runtime/atn/LexerSkipAction
instanceKlass org/antlr/v4/runtime/atn/ATNDeserializer$1
instanceKlass org/antlr/v4/runtime/misc/Interval
instanceKlass org/antlr/v4/runtime/misc/IntervalSet
instanceKlass org/antlr/v4/runtime/misc/Pair
instanceKlass org/antlr/v4/runtime/misc/IntSet
instanceKlass org/antlr/v4/runtime/atn/ATN
instanceKlass org/antlr/v4/runtime/atn/ATNDeserializationOptions
instanceKlass org/antlr/v4/runtime/atn/LexerAction
instanceKlass org/antlr/v4/runtime/atn/ATNState
instanceKlass org/antlr/v4/runtime/atn/Transition
instanceKlass org/antlr/v4/runtime/atn/ATNDeserializer
instanceKlass org/antlr/v4/runtime/VocabularyImpl
instanceKlass org/antlr/v4/runtime/atn/PredictionContext
instanceKlass org/antlr/v4/runtime/atn/PredictionContextCache
instanceKlass org/antlr/v4/runtime/Vocabulary
instanceKlass org/antlr/v4/runtime/atn/ATNSimulator
instanceKlass  @bci org/springframework/data/jpa/repository/query/JpaQueryParserSupport$ParseState <init> (Lorg/springframework/data/jpa/repository/query/JpaQueryParserSupport;Ljava/lang/String;)V 17 <appendix> member <vmtarget> ; # org/springframework/data/jpa/repository/query/JpaQueryParserSupport$ParseState$$Lambda+0x0000020a289f7b28
instanceKlass org/springframework/data/jpa/repository/query/JpaQueryParserSupport$ParseState
instanceKlass org/antlr/v4/runtime/RuleContext
instanceKlass org/antlr/v4/runtime/tree/RuleNode
instanceKlass org/antlr/v4/runtime/tree/ParseTree
instanceKlass org/antlr/v4/runtime/tree/SyntaxTree
instanceKlass org/antlr/v4/runtime/tree/Tree
instanceKlass org/antlr/v4/runtime/Recognizer
instanceKlass org/antlr/v4/runtime/TokenStream
instanceKlass org/antlr/v4/runtime/TokenSource
instanceKlass org/antlr/v4/runtime/CharStream
instanceKlass org/antlr/v4/runtime/IntStream
instanceKlass org/springframework/data/jpa/repository/query/JpaQueryParserSupport
instanceKlass org/springframework/data/jpa/repository/query/JpaQueryEnhancer
instanceKlass org/springframework/data/jpa/repository/query/QueryEnhancer
instanceKlass org/springframework/data/jpa/repository/query/QueryEnhancerFactory
instanceKlass  @bci org/springframework/data/jpa/repository/query/StringQuery$ParameterBindingParser checkAndRegister (Lorg/springframework/data/jpa/repository/query/ParameterBinding;Ljava/util/List;)V 18 <appendix> member <vmtarget> ; # org/springframework/data/jpa/repository/query/StringQuery$ParameterBindingParser$$Lambda+0x0000020a289f11b0
instanceKlass  @bci org/springframework/data/jpa/repository/query/StringQuery$ParameterBindingParser checkAndRegister (Lorg/springframework/data/jpa/repository/query/ParameterBinding;Ljava/util/List;)V 7 <appendix> member <vmtarget> ; # org/springframework/data/jpa/repository/query/StringQuery$ParameterBindingParser$$Lambda+0x0000020a289f0f60
# instanceKlass java/lang/invoke/LambdaForm$MH+0x0000020a289f4c00
# instanceKlass java/lang/invoke/LambdaForm$MH+0x0000020a289f4800
# instanceKlass java/lang/invoke/LambdaForm$MH+0x0000020a289f4400
# instanceKlass java/lang/invoke/LambdaForm$MH+0x0000020a289f4000
instanceKlass  @bci org/springframework/data/jpa/repository/query/StringQuery$ParameterBindings getBindings (Lorg/springframework/data/jpa/repository/query/ParameterBinding$BindingIdentifier;)Ljava/util/List; 5 <appendix> argL0 ; # org/springframework/data/jpa/repository/query/StringQuery$ParameterBindings$$Lambda+0x0000020a289f0d28
instanceKlass  @bci org/springframework/data/jpa/repository/query/StringQuery$ParameterBindingParser parseParameterBindingsOfQueryIntoBindingsAndReturnCleanedQuery (Ljava/lang/String;Ljava/util/List;Lorg/springframework/data/jpa/repository/query/StringQuery$Metadata;)Ljava/lang/String; 451 <appendix> member <vmtarget> ; # org/springframework/data/jpa/repository/query/StringQuery$ParameterBindingParser$$Lambda+0x0000020a289f0ae8
instanceKlass  @bci org/springframework/data/jpa/repository/query/StringQuery$ParameterBindingParser parseParameterBindingsOfQueryIntoBindingsAndReturnCleanedQuery (Ljava/lang/String;Ljava/util/List;Lorg/springframework/data/jpa/repository/query/StringQuery$Metadata;)Ljava/lang/String; 269 <appendix> member <vmtarget> ; # org/springframework/data/jpa/repository/query/StringQuery$ParameterBindingParser$$Lambda+0x0000020a289f0680
instanceKlass  @bci org/springframework/data/repository/query/SpelQueryContext$QuotationMap isQuoted (I)Z 10 <appendix> member <vmtarget> ; # org/springframework/data/repository/query/SpelQueryContext$QuotationMap$$Lambda+0x0000020a289f0438
instanceKlass org/springframework/data/domain/Range
instanceKlass  @bci org/springframework/data/jpa/repository/query/StringQuery$ParameterBindingParser parseParameterBindingsOfQueryIntoBindingsAndReturnCleanedQuery (Ljava/lang/String;Ljava/util/List;Lorg/springframework/data/jpa/repository/query/StringQuery$Metadata;)Ljava/lang/String; 95 <appendix> member <vmtarget> ; # org/springframework/data/jpa/repository/query/StringQuery$ParameterBindingParser$$Lambda+0x0000020a289f0000
instanceKlass org/springframework/data/jpa/repository/query/StringQuery$ParameterBindings
instanceKlass org/springframework/data/repository/query/SpelQueryContext$QuotationMap
instanceKlass org/springframework/data/repository/query/SpelQueryContext$SpelExtractor
instanceKlass org/springframework/data/repository/query/SpelQueryContext
instanceKlass  @bci org/springframework/data/jpa/repository/query/StringQuery$ParameterBindingParser createSpelExtractor (Ljava/lang/String;ZI)Lorg/springframework/data/repository/query/SpelQueryContext$SpelExtractor; 47 <appendix> member <vmtarget> ; # org/springframework/data/jpa/repository/query/StringQuery$ParameterBindingParser$$Lambda+0x0000020a289ef430
instanceKlass  @bci org/springframework/data/jpa/repository/query/StringQuery$ParameterBindingParser createSpelExtractor (Ljava/lang/String;ZI)Lorg/springframework/data/repository/query/SpelQueryContext$SpelExtractor; 23 <appendix> argL0 ; # org/springframework/data/jpa/repository/query/StringQuery$ParameterBindingParser$$Lambda+0x0000020a289ef208
instanceKlass org/springframework/data/jpa/repository/query/StringQuery$Metadata
instanceKlass org/springframework/data/jpa/repository/query/StringQuery
instanceKlass org/hibernate/query/sqm/tree/SqmStatement$ParameterResolutions
instanceKlass org/hibernate/query/sqm/internal/SqmUtil
instanceKlass org/hibernate/query/sqm/tree/SqmJoinType$1
instanceKlass  @bci org/springframework/data/mapping/PropertyReferenceException <init> (Ljava/lang/String;Lorg/springframework/data/util/TypeInformation;Ljava/util/List;)V 40 <appendix> member <vmtarget> ; # org/springframework/data/mapping/PropertyReferenceException$$Lambda+0x0000020a289ec208
instanceKlass com/example/WebApartment/DTO/FavoriteResponseDTO
instanceKlass com/example/WebApartment/DTO/FavoriteListingsDTO
instanceKlass com/example/WebApartment/DTO/DistrictDTO
instanceKlass sun/reflect/ReflectionFactory$1
instanceKlass sun/reflect/ReflectionFactory
instanceKlass org/springframework/objenesis/instantiator/sun/SunReflectionFactoryHelper
instanceKlass org/springframework/objenesis/instantiator/sun/SunReflectionFactoryInstantiator
instanceKlass org/springframework/objenesis/strategy/PlatformDescription
instanceKlass org/springframework/cglib/proxy/Enhancer$2
instanceKlass org/springframework/cglib/proxy/Enhancer$1
instanceKlass org/springframework/cglib/proxy/Enhancer$3
instanceKlass org/springframework/aop/ThrowsAdvice
instanceKlass org/springframework/aop/framework/AdvisedSupport$MethodCacheKey
instanceKlass java/lang/invoke/MethodHandleImpl$CountingWrapper$1
instanceKlass org/springframework/aop/framework/AdvisedSupport$AdvisorKeyEntry
instanceKlass org/springframework/aop/framework/CglibAopProxy$ProxyCallbackFilter
instanceKlass org/springframework/aop/framework/CglibAopProxy$HashCodeInterceptor
instanceKlass org/springframework/aop/framework/CglibAopProxy$EqualsInterceptor
instanceKlass org/springframework/aop/framework/CglibAopProxy$SerializableNoOp
instanceKlass org/springframework/aop/framework/CglibAopProxy$StaticDispatcher
instanceKlass org/springframework/aop/framework/CglibAopProxy$StaticUnadvisedInterceptor
instanceKlass org/springframework/aop/framework/CglibAopProxy$DynamicAdvisedInterceptor
instanceKlass  @bci org/springframework/aop/framework/CglibAopProxy validateClassIfNecessary (Ljava/lang/Class;Ljava/lang/ClassLoader;)V 33 <appendix> member <vmtarget> ; # org/springframework/aop/framework/CglibAopProxy$$Lambda+0x0000020a289e8228
instanceKlass org/springframework/aop/framework/CglibAopProxy$AdvisedDispatcher
instanceKlass org/springframework/aop/framework/CglibAopProxy
instanceKlass org/aspectj/util/PartialOrder
instanceKlass org/springframework/aop/aspectj/autoproxy/AspectJAwareAdvisorAutoProxyCreator$PartiallyComparableAdvisorHolder
instanceKlass com/example/WebApartment/DTO/CategoryDTO
instanceKlass org/springframework/beans/factory/SmartFactoryBean
instanceKlass org/springframework/boot/web/servlet/context/WebServerStartStopLifecycle
instanceKlass org/springframework/boot/web/context/WebServerGracefulShutdownLifecycle
instanceKlass org/apache/naming/ContextAccessController
instanceKlass org/apache/naming/StringManager
instanceKlass org/apache/naming/ContextBindings
instanceKlass  @bci org/apache/catalina/core/StandardServer startPeriodicLifecycleEvent ()V 76 <appendix> member <vmtarget> ; # org/apache/catalina/core/StandardServer$$Lambda+0x0000020a289e2c10
instanceKlass  @bci org/apache/catalina/core/StandardServer startInternal ()V 108 <appendix> member <vmtarget> ; # org/apache/catalina/core/StandardServer$$Lambda+0x0000020a289e29f0
instanceKlass org/apache/catalina/core/ContainerBase$ContainerBackgroundProcessor
instanceKlass org/apache/catalina/mapper/WrapperMappingInfo
instanceKlass org/apache/catalina/mapper/Mapper$ContextList
instanceKlass org/apache/tomcat/util/threads/Constants
instanceKlass org/apache/tomcat/util/threads/TaskThread$WrappingRunnable
instanceKlass org/apache/catalina/core/ContainerBase$ContainerBackgroundProcessorMonitor
instanceKlass  @bci org/springframework/boot/web/embedded/tomcat/TomcatWebServer removeServiceConnectors ()V 2 <appendix> member <vmtarget> ; # org/springframework/boot/web/embedded/tomcat/TomcatWebServer$$Lambda+0x0000020a289e12e8
instanceKlass io/micrometer/observation/transport/ResponseContext
instanceKlass  @bci org/apache/catalina/core/ApplicationFilterConfig registerJMX ()V 142 <appendix> form vmentry <vmtarget> ; # java/lang/invoke/LambdaForm$MH+0x0000020a289e5800
# instanceKlass java/lang/invoke/LambdaForm$MH+0x0000020a289e5400
# instanceKlass java/lang/invoke/LambdaForm$MH+0x0000020a289e5000
# instanceKlass java/lang/invoke/LambdaForm$MH+0x0000020a289e4c00
# instanceKlass java/lang/invoke/LambdaForm$MH+0x0000020a289e4800
# instanceKlass java/lang/invoke/LambdaForm$MH+0x0000020a289e4400
# instanceKlass java/lang/invoke/LambdaForm$MH+0x0000020a289e4000
instanceKlass org/apache/catalina/util/Introspection
instanceKlass org/apache/catalina/core/ApplicationFilterConfig
instanceKlass jakarta/servlet/HttpConstraintElement
instanceKlass org/apache/catalina/core/StandardContext$NoPluggabilityServletContext
instanceKlass org/apache/tomcat/websocket/server/WsContextListener
instanceKlass org/apache/tomcat/websocket/server/WsSessionListener
instanceKlass jakarta/servlet/GenericFilter
instanceKlass  @bci java/util/Comparator comparingLong (Ljava/util/function/ToLongFunction;)Ljava/util/Comparator; 6 <appendix> member <vmtarget> ; # java/util/Comparator$$Lambda+0x0000020a286b08f0
instanceKlass  @bci org/apache/tomcat/websocket/server/WsWriteTimeout <init> ()V 9 <appendix> argL0 ; # org/apache/tomcat/websocket/server/WsWriteTimeout$$Lambda+0x0000020a289daf98
instanceKlass  @cpi io/micrometer/core/instrument/binder/system/DiskSpaceMetrics 113 form vmentry <vmtarget> ; # java/lang/invoke/LambdaForm$DMH+0x0000020a289d8c00
instanceKlass java/nio/channels/CompletionHandler
instanceKlass jakarta/websocket/SendHandler
instanceKlass org/apache/tomcat/websocket/server/WsWriteTimeout
instanceKlass org/apache/tomcat/websocket/WsExtension
instanceKlass jakarta/websocket/Extension
instanceKlass org/apache/tomcat/websocket/Constants
instanceKlass jakarta/websocket/CloseReason
instanceKlass jakarta/websocket/HandshakeResponse
instanceKlass jakarta/websocket/Session
instanceKlass jakarta/websocket/EndpointConfig
instanceKlass org/apache/tomcat/websocket/WsRemoteEndpointImplBase
instanceKlass jakarta/websocket/RemoteEndpoint
instanceKlass org/apache/tomcat/websocket/AsyncChannelWrapper
instanceKlass org/apache/tomcat/websocket/ClientEndpointHolder
instanceKlass jakarta/websocket/CloseReason$CloseCode
instanceKlass org/apache/tomcat/websocket/WsWebSocketContainer
instanceKlass org/apache/tomcat/websocket/BackgroundProcess
instanceKlass  @bci org/springframework/boot/actuate/endpoint/web/ServletEndpointRegistrar onStartup (Ljakarta/servlet/ServletContext;)V 6 <appendix> member <vmtarget> ; # org/springframework/boot/actuate/endpoint/web/ServletEndpointRegistrar$$Lambda+0x0000020a289dcb58
instanceKlass org/apache/catalina/core/ApplicationServletRegistration
instanceKlass org/apache/tomcat/util/modeler/Util
instanceKlass org/apache/catalina/core/StandardWrapperFacade
instanceKlass org/apache/catalina/core/ApplicationFilterRegistration
instanceKlass org/apache/tomcat/util/descriptor/web/Constants
instanceKlass  @bci org/springframework/boot/web/servlet/ServletContextInitializerBeans <init> (Lorg/springframework/beans/factory/ListableBeanFactory;[Ljava/lang/Class;)V 72 <appendix> argL0 ; # org/springframework/boot/web/servlet/ServletContextInitializerBeans$$Lambda+0x0000020a289d74e0
instanceKlass org/springframework/boot/web/servlet/ServletContextInitializerBeans$ServletListenerRegistrationBeanAdapter
instanceKlass jakarta/servlet/ServletContextListener
instanceKlass jakarta/servlet/http/HttpSessionListener
instanceKlass jakarta/servlet/http/HttpSessionIdListener
instanceKlass jakarta/servlet/http/HttpSessionAttributeListener
instanceKlass jakarta/servlet/ServletRequestAttributeListener
instanceKlass jakarta/servlet/ServletContextAttributeListener
instanceKlass org/springframework/boot/web/servlet/ServletContextInitializerBeans$FilterRegistrationBeanAdapter
instanceKlass org/springframework/boot/web/servlet/ServletContextInitializerBeans$ServletRegistrationBeanAdapter
instanceKlass  @bci org/springframework/boot/web/servlet/ServletContextInitializerBeans$Seen add (Ljava/lang/Class;Ljava/lang/Object;)Z 16 <appendix> argL0 ; # org/springframework/boot/web/servlet/ServletContextInitializerBeans$Seen$$Lambda+0x0000020a289d5710
instanceKlass  @bci org/springframework/boot/web/servlet/ServletContextInitializerBeans getOrderedBeansOfType (Lorg/springframework/beans/factory/ListableBeanFactory;Ljava/lang/Class;Lorg/springframework/boot/web/servlet/ServletContextInitializerBeans$Seen;)Ljava/util/List; 121 <appendix> argL0 ; # org/springframework/boot/web/servlet/ServletContextInitializerBeans$$Lambda+0x0000020a289d5480
instanceKlass org/springframework/boot/actuate/endpoint/web/annotation/ServletEndpoint
instanceKlass  @bci org/springframework/boot/actuate/endpoint/annotation/EndpointDiscoverer addExtensionBeans (Ljava/util/Collection;)V 97 <appendix> member <vmtarget> ; # org/springframework/boot/actuate/endpoint/annotation/EndpointDiscoverer$$Lambda+0x0000020a289d5068
instanceKlass  @bci org/springframework/boot/actuate/endpoint/annotation/EndpointDiscoverer$ExtensionBean <init> (Lorg/springframework/core/env/Environment;Ljava/lang/String;Ljava/lang/Class;Ljava/util/function/Supplier;)V 73 <appendix> member <vmtarget> ; # org/springframework/boot/actuate/endpoint/annotation/EndpointDiscoverer$ExtensionBean$$Lambda+0x0000020a289d4e48
instanceKlass  @bci org/springframework/boot/actuate/endpoint/annotation/EndpointDiscoverer createExtensionBean (Ljava/lang/String;)Lorg/springframework/boot/actuate/endpoint/annotation/EndpointDiscoverer$ExtensionBean; 16 <appendix> member <vmtarget> ; # org/springframework/boot/actuate/endpoint/annotation/EndpointDiscoverer$$Lambda+0x0000020a289d4c28
instanceKlass  @bci org/springframework/boot/actuate/endpoint/annotation/EndpointDiscoverer addExtensionBeans (Ljava/util/Collection;)V 6 <appendix> argL0 ; # org/springframework/boot/actuate/endpoint/annotation/EndpointDiscoverer$$Lambda+0x0000020a289d49f0
instanceKlass  @bci org/springframework/boot/actuate/endpoint/annotation/EndpointDiscoverer createEndpointBeans ()Ljava/util/Collection; 88 <appendix> member <vmtarget> ; # org/springframework/boot/actuate/endpoint/annotation/EndpointDiscoverer$$Lambda+0x0000020a289d47d0
instanceKlass  @bci org/springframework/boot/actuate/endpoint/annotation/EndpointDiscoverer$EndpointBean <init> (Lorg/springframework/core/env/Environment;Ljava/lang/String;Ljava/lang/Class;Ljava/util/function/Supplier;)V 48 <appendix> member <vmtarget> ; # org/springframework/boot/actuate/endpoint/annotation/EndpointDiscoverer$EndpointBean$$Lambda+0x0000020a289d45b0
instanceKlass  @bci org/springframework/boot/actuate/endpoint/annotation/EndpointDiscoverer createEndpointBean (Ljava/lang/String;)Lorg/springframework/boot/actuate/endpoint/annotation/EndpointDiscoverer$EndpointBean; 17 <appendix> member <vmtarget> ; # org/springframework/boot/actuate/endpoint/annotation/EndpointDiscoverer$$Lambda+0x0000020a289d4390
# instanceKlass java/lang/invoke/LambdaForm$MH+0x0000020a289d8800
# instanceKlass java/lang/invoke/LambdaForm$MH+0x0000020a289d8400
# instanceKlass java/lang/invoke/LambdaForm$MH+0x0000020a289d8000
instanceKlass org/springframework/boot/actuate/endpoint/annotation/EndpointDiscoverer$ExtensionBean
instanceKlass org/springframework/boot/actuate/endpoint/annotation/EndpointDiscoverer$EndpointBean
instanceKlass org/springframework/boot/actuate/endpoint/annotation/EndpointDiscoverer$OperationKey
instanceKlass org/springframework/boot/actuate/endpoint/annotation/DeleteOperation
instanceKlass org/springframework/boot/actuate/endpoint/annotation/WriteOperation
instanceKlass org/springframework/boot/actuate/endpoint/annotation/ReadOperation
instanceKlass org/springframework/boot/actuate/endpoint/invoke/OperationInvoker
instanceKlass org/springframework/boot/actuate/endpoint/invoke/reflect/OperationMethod
instanceKlass  @bci org/springframework/boot/actuate/endpoint/invoke/ParameterValueMapper <clinit> ()V 0 <appendix> argL0 ; # org/springframework/boot/actuate/endpoint/invoke/ParameterValueMapper$$Lambda+0x0000020a289d2aa0
instanceKlass org/springframework/boot/actuate/endpoint/invoke/OperationParameter
instanceKlass  @bci org/springframework/boot/actuate/autoconfigure/endpoint/web/MappingWebEndpointPathMapper <init> (Ljava/util/Map;)V 17 <appendix> member <vmtarget> ; # org/springframework/boot/actuate/autoconfigure/endpoint/web/MappingWebEndpointPathMapper$$Lambda+0x0000020a289d2678
instanceKlass org/springframework/boot/actuate/autoconfigure/endpoint/web/MappingWebEndpointPathMapper
instanceKlass org/springframework/boot/actuate/endpoint/Operation
instanceKlass org/springframework/boot/actuate/endpoint/annotation/DiscoveredOperationsFactory
instanceKlass  @bci org/springframework/boot/autoconfigure/security/servlet/SecurityFilterAutoConfiguration getDispatcherTypes (Lorg/springframework/boot/autoconfigure/security/SecurityProperties;)Ljava/util/EnumSet; 34 <appendix> argL0 ; # org/springframework/boot/autoconfigure/security/servlet/SecurityFilterAutoConfiguration$$Lambda+0x0000020a289d1c10
instanceKlass  @bci org/springframework/boot/autoconfigure/security/servlet/SecurityFilterAutoConfiguration getDispatcherTypes (Lorg/springframework/boot/autoconfigure/security/SecurityProperties;)Ljava/util/EnumSet; 24 <appendix> argL0 ; # org/springframework/boot/autoconfigure/security/servlet/SecurityFilterAutoConfiguration$$Lambda+0x0000020a289d19d8
instanceKlass  @bci org/springframework/http/server/observation/DefaultServerRequestObservationConvention <clinit> ()V 116 <appendix> argL0 ; # org/springframework/http/server/observation/DefaultServerRequestObservationConvention$$Lambda+0x0000020a289d0eb0
instanceKlass org/springframework/http/server/observation/DefaultServerRequestObservationConvention
instanceKlass  @bci org/springframework/boot/actuate/autoconfigure/observation/web/servlet/WebMvcObservationAutoConfiguration webMvcObservationFilter (Lio/micrometer/observation/ObservationRegistry;Lorg/springframework/beans/factory/ObjectProvider;Lorg/springframework/boot/actuate/autoconfigure/observation/ObservationProperties;)Lorg/springframework/boot/web/servlet/FilterRegistrationBean; 18 <appendix> member <vmtarget> ; # org/springframework/boot/actuate/autoconfigure/observation/web/servlet/WebMvcObservationAutoConfiguration$$Lambda+0x0000020a289cf7f0
# instanceKlass java/lang/invoke/LambdaForm$MH+0x0000020a289cd000
# instanceKlass java/lang/invoke/LambdaForm$MH+0x0000020a289ccc00
# instanceKlass java/lang/invoke/LambdaForm$MH+0x0000020a289cc800
# instanceKlass java/lang/invoke/LambdaForm$MH+0x0000020a289cc400
instanceKlass  @bci org/springframework/boot/actuate/autoconfigure/observation/ObservationRegistryConfigurer customize (Lio/micrometer/observation/ObservationRegistry;)V 27 <appendix> member <vmtarget> ; # org/springframework/boot/actuate/autoconfigure/observation/ObservationRegistryConfigurer$$Lambda+0x0000020a289cf5c0
instanceKlass  @bci org/springframework/boot/actuate/autoconfigure/observation/ObservationRegistryConfigurer registerFilters (Lio/micrometer/observation/ObservationRegistry;)V 20 <appendix> member <vmtarget> ; # org/springframework/boot/actuate/autoconfigure/observation/ObservationRegistryConfigurer$$Lambda+0x0000020a289cf390
instanceKlass io/micrometer/observation/ObservationHandler$FirstMatchingCompositeObservationHandler
instanceKlass io/micrometer/observation/ObservationHandler$CompositeObservationHandler
instanceKlass io/micrometer/observation/Observation$Event
instanceKlass  @bci org/springframework/beans/factory/support/DisposableBeanAdapter <init> (Ljava/lang/Object;Ljava/lang/String;Lorg/springframework/beans/factory/support/RootBeanDefinition;Ljava/util/List;)V 317 <appendix> argL0 ; # org/springframework/beans/factory/support/DisposableBeanAdapter$$Lambda+0x0000020a289ce888
instanceKlass  @bci org/springframework/util/ClassUtils getInterfaceMethodIfPossible (Ljava/lang/reflect/Method;Ljava/lang/Class;)Ljava/lang/reflect/Method; 26 <appendix> argL0 ; # org/springframework/util/ClassUtils$$Lambda+0x0000020a289ce650
instanceKlass  @bci io/micrometer/core/instrument/composite/CompositeMeterRegistry lambda$updateDescendants$9 ()V 4 <appendix> argL0 ; # io/micrometer/core/instrument/composite/CompositeMeterRegistry$$Lambda+0x0000020a289ce220
instanceKlass  @bci io/micrometer/core/instrument/composite/CompositeMeterRegistry updateDescendants ()V 251 <appendix> member <vmtarget> ; # io/micrometer/core/instrument/composite/CompositeMeterRegistry$$Lambda+0x0000020a289ce000
instanceKlass  @bci io/micrometer/core/instrument/composite/CompositeMeterRegistry add (Lio/micrometer/core/instrument/MeterRegistry;)Lio/micrometer/core/instrument/composite/CompositeMeterRegistry; 7 <appendix> member <vmtarget> ; # io/micrometer/core/instrument/composite/CompositeMeterRegistry$$Lambda+0x0000020a289cbc68
instanceKlass io/micrometer/core/instrument/Metrics$More
instanceKlass  @bci io/micrometer/core/instrument/composite/CompositeMeterRegistry <init> (Lio/micrometer/core/instrument/Clock;Ljava/lang/Iterable;)V 104 <appendix> member <vmtarget> ; # io/micrometer/core/instrument/composite/CompositeMeterRegistry$$Lambda+0x0000020a289cb808
instanceKlass  @bci io/micrometer/core/instrument/composite/CompositeMeterRegistry <init> (Lio/micrometer/core/instrument/Clock;Ljava/lang/Iterable;)V 93 <appendix> member <vmtarget> ; # io/micrometer/core/instrument/composite/CompositeMeterRegistry$$Lambda+0x0000020a289cb5d8
instanceKlass  @bci io/micrometer/core/instrument/composite/CompositeMeterRegistry <init> (Lio/micrometer/core/instrument/Clock;Ljava/lang/Iterable;)V 84 <appendix> member <vmtarget> ; # io/micrometer/core/instrument/composite/CompositeMeterRegistry$$Lambda+0x0000020a289cb3a8
instanceKlass io/micrometer/core/instrument/Metrics
instanceKlass  @bci org/springframework/boot/actuate/autoconfigure/metrics/MeterRegistryPostProcessor applyFilters (Lio/micrometer/core/instrument/MeterRegistry;)V 26 <appendix> member <vmtarget> ; # org/springframework/boot/actuate/autoconfigure/metrics/MeterRegistryPostProcessor$$Lambda+0x0000020a289caf78
instanceKlass  @bci org/springframework/boot/actuate/autoconfigure/observation/web/servlet/WebMvcObservationAutoConfiguration$MeterFilterConfiguration metricsHttpServerUriTagFilter (Lorg/springframework/boot/actuate/autoconfigure/observation/ObservationProperties;Lorg/springframework/boot/actuate/autoconfigure/metrics/MetricsProperties;)Lio/micrometer/core/instrument/config/MeterFilter; 19 <appendix> member <vmtarget> ; # org/springframework/boot/actuate/autoconfigure/observation/web/servlet/WebMvcObservationAutoConfiguration$MeterFilterConfiguration$$Lambda+0x0000020a289cad58
# instanceKlass java/lang/invoke/LambdaForm$MH+0x0000020a289cc000
instanceKlass io/micrometer/core/instrument/config/MeterFilter$9
instanceKlass  @bci org/springframework/boot/actuate/autoconfigure/observation/web/client/HttpClientObservationsAutoConfiguration$MeterFilterConfiguration metricsHttpClientUriTagFilter (Lorg/springframework/boot/actuate/autoconfigure/observation/ObservationProperties;Lorg/springframework/boot/actuate/autoconfigure/metrics/MetricsProperties;)Lio/micrometer/core/instrument/config/MeterFilter; 29 <appendix> member <vmtarget> ; # org/springframework/boot/actuate/autoconfigure/observation/web/client/HttpClientObservationsAutoConfiguration$MeterFilterConfiguration$$Lambda+0x0000020a289ca8f0
instanceKlass org/springframework/boot/actuate/autoconfigure/metrics/OnlyOnceLoggingDenyMeterFilter
instanceKlass org/springframework/boot/actuate/autoconfigure/metrics/ServiceLevelObjectiveBoundary
instanceKlass org/springframework/boot/actuate/autoconfigure/metrics/PropertiesMeterFilter$1
instanceKlass  @bci org/springframework/boot/actuate/autoconfigure/metrics/MeterRegistryPostProcessor applyCustomizers (Lio/micrometer/core/instrument/MeterRegistry;)V 35 <appendix> member <vmtarget> ; # org/springframework/boot/actuate/autoconfigure/metrics/MeterRegistryPostProcessor$$Lambda+0x0000020a289c9878
instanceKlass io/micrometer/core/instrument/search/Search
instanceKlass io/micrometer/core/instrument/search/RequiredSearch
instanceKlass io/micrometer/core/instrument/HighCardinalityTagsDetector
instanceKlass java/util/function/ToDoubleFunction
instanceKlass io/micrometer/core/instrument/distribution/DistributionStatisticConfig
instanceKlass io/micrometer/core/instrument/internal/Mergeable
instanceKlass io/micrometer/core/instrument/Meter$Id
instanceKlass io/micrometer/core/instrument/Measurement
instanceKlass  @bci io/micrometer/core/instrument/config/validate/Validated$Either lambda$iterator$3 (Lio/micrometer/core/instrument/config/validate/Validated;)Lio/micrometer/core/instrument/config/validate/Validated; 1 <appendix> argL0 ; # io/micrometer/core/instrument/config/validate/Validated$Either$$Lambda+0x0000020a289c8470
instanceKlass  @bci io/micrometer/core/instrument/config/validate/Validated$Either lambda$iterator$1 (Lio/micrometer/core/instrument/config/validate/Validated;)Lio/micrometer/core/instrument/config/validate/Validated; 1 <appendix> argL0 ; # io/micrometer/core/instrument/config/validate/Validated$Either$$Lambda+0x0000020a289c8238
instanceKlass  @bci java/util/stream/StreamSpliterators$WrappingSpliterator forEachRemaining (Ljava/util/function/Consumer;)V 33 <appendix> member <vmtarget> ; # java/util/stream/StreamSpliterators$WrappingSpliterator$$Lambda+0x0000020a286aff38
instanceKlass  @bci io/micrometer/core/instrument/config/validate/Validated failures ()Ljava/util/List; 20 <appendix> argL0 ; # io/micrometer/core/instrument/config/validate/Validated$$Lambda+0x0000020a289c8000
instanceKlass io/micrometer/core/instrument/config/validate/Validated$Invalid
instanceKlass  @bci io/micrometer/core/instrument/config/validate/Validated failures ()Ljava/util/List; 10 <appendix> argL0 ; # io/micrometer/core/instrument/config/validate/Validated$$Lambda+0x0000020a289c79e8
instanceKlass  @bci io/micrometer/core/instrument/config/validate/Validated$Either iterator ()Ljava/util/Iterator; 36 <appendix> argL0 ; # io/micrometer/core/instrument/config/validate/Validated$Either$$Lambda+0x0000020a289c77b0
instanceKlass  @bci io/micrometer/core/instrument/config/validate/Validated$Either iterator ()Ljava/util/Iterator; 13 <appendix> argL0 ; # io/micrometer/core/instrument/config/validate/Validated$Either$$Lambda+0x0000020a289c7578
instanceKlass io/micrometer/core/instrument/config/validate/Validated$Either
instanceKlass  @bci org/springframework/boot/actuate/autoconfigure/metrics/export/simple/SimplePropertiesConfigAdapter mode ()Lio/micrometer/core/instrument/simple/CountingMode; 7 <appendix> member <vmtarget> ; # org/springframework/boot/actuate/autoconfigure/metrics/export/simple/SimplePropertiesConfigAdapter$$Lambda+0x0000020a289c7018
instanceKlass  @bci org/springframework/boot/actuate/autoconfigure/metrics/export/simple/SimplePropertiesConfigAdapter mode ()Lio/micrometer/core/instrument/simple/CountingMode; 1 <appendix> argL0 ; # org/springframework/boot/actuate/autoconfigure/metrics/export/simple/SimplePropertiesConfigAdapter$$Lambda+0x0000020a289c6de0
instanceKlass io/micrometer/core/instrument/config/validate/Validated$Valid
instanceKlass  @bci org/springframework/boot/actuate/autoconfigure/metrics/export/simple/SimplePropertiesConfigAdapter step ()Ljava/time/Duration; 7 <appendix> member <vmtarget> ; # org/springframework/boot/actuate/autoconfigure/metrics/export/simple/SimplePropertiesConfigAdapter$$Lambda+0x0000020a289c6878
instanceKlass  @bci org/springframework/boot/actuate/autoconfigure/metrics/export/simple/SimplePropertiesConfigAdapter step ()Ljava/time/Duration; 1 <appendix> argL0 ; # org/springframework/boot/actuate/autoconfigure/metrics/export/simple/SimplePropertiesConfigAdapter$$Lambda+0x0000020a289c6640
instanceKlass  @bci io/micrometer/core/instrument/config/MeterRegistryConfigValidator checkAll (Lio/micrometer/core/instrument/config/MeterRegistryConfig;[Ljava/util/function/Function;)Lio/micrometer/core/instrument/config/validate/Validated; 28 <appendix> argL0 ; # io/micrometer/core/instrument/config/MeterRegistryConfigValidator$$Lambda+0x0000020a289c6400
instanceKlass io/micrometer/core/instrument/config/validate/Validated$None
instanceKlass  @bci io/micrometer/core/instrument/config/MeterRegistryConfigValidator checkAll (Lio/micrometer/core/instrument/config/MeterRegistryConfig;[Ljava/util/function/Function;)Lio/micrometer/core/instrument/config/validate/Validated; 15 <appendix> argL0 ; # io/micrometer/core/instrument/config/MeterRegistryConfigValidator$$Lambda+0x0000020a289c5e90
instanceKlass  @bci io/micrometer/core/instrument/config/MeterRegistryConfigValidator checkAll (Lio/micrometer/core/instrument/config/MeterRegistryConfig;[Ljava/util/function/Function;)Lio/micrometer/core/instrument/config/validate/Validated; 5 <appendix> member <vmtarget> ; # io/micrometer/core/instrument/config/MeterRegistryConfigValidator$$Lambda+0x0000020a289c5c50
instanceKlass  @bci io/micrometer/core/instrument/simple/SimpleConfig validate ()Lio/micrometer/core/instrument/config/validate/Validated; 22 <appendix> argL0 ; # io/micrometer/core/instrument/simple/SimpleConfig$$Lambda+0x0000020a289c5a18
instanceKlass  @bci io/micrometer/core/instrument/config/MeterRegistryConfigValidator check (Ljava/lang/String;Ljava/util/function/Function;)Ljava/util/function/Function; 2 <appendix> member <vmtarget> ; # io/micrometer/core/instrument/config/MeterRegistryConfigValidator$$Lambda+0x0000020a289c57d8
instanceKlass io/micrometer/core/instrument/config/MeterRegistryConfigValidator
instanceKlass  @bci io/micrometer/core/instrument/simple/SimpleConfig validate ()Lio/micrometer/core/instrument/config/validate/Validated; 9 <appendix> argL0 ; # io/micrometer/core/instrument/simple/SimpleConfig$$Lambda+0x0000020a289c53a0
instanceKlass io/micrometer/core/instrument/config/NamingConvention$4
instanceKlass io/micrometer/core/instrument/config/NamingConvention$3
instanceKlass io/micrometer/core/instrument/config/NamingConvention$2
instanceKlass io/micrometer/core/instrument/config/NamingConvention$1
instanceKlass  @bci io/micrometer/core/instrument/config/NamingConvention <clinit> ()V 0 <appendix> argL0 ; # io/micrometer/core/instrument/config/NamingConvention$$Lambda+0x0000020a289c4818
instanceKlass io/micrometer/core/instrument/config/NamingConvention
instanceKlass io/micrometer/core/instrument/distribution/pause/NoPauseDetector
instanceKlass io/micrometer/core/instrument/MeterRegistry$More
instanceKlass io/micrometer/core/instrument/MeterRegistry$Config
instanceKlass  @bci io/micrometer/core/instrument/MeterRegistry <clinit> ()V 19 <appendix> argL0 ; # io/micrometer/core/instrument/MeterRegistry$$Lambda+0x0000020a289c3908
instanceKlass  @bci io/micrometer/core/instrument/MeterRegistry <clinit> ()V 14 <appendix> argL0 ; # io/micrometer/core/instrument/MeterRegistry$$Lambda+0x0000020a289c36c8
instanceKlass  @bci io/micrometer/core/instrument/MeterRegistry <clinit> ()V 9 <appendix> argL0 ; # io/micrometer/core/instrument/MeterRegistry$$Lambda+0x0000020a289c3490
instanceKlass io/micrometer/core/instrument/Counter
instanceKlass io/micrometer/core/instrument/Timer
instanceKlass io/micrometer/core/instrument/FunctionCounter
instanceKlass io/micrometer/core/instrument/FunctionTimer
instanceKlass io/micrometer/core/instrument/LongTaskTimer
instanceKlass io/micrometer/core/instrument/DistributionSummary
instanceKlass io/micrometer/core/instrument/distribution/HistogramSupport
instanceKlass io/micrometer/core/instrument/TimeGauge
instanceKlass io/micrometer/core/instrument/Gauge
instanceKlass io/micrometer/core/instrument/Meter
instanceKlass io/micrometer/core/instrument/distribution/pause/PauseDetector
instanceKlass io/micrometer/core/instrument/Clock$1
instanceKlass  @bci io/micrometer/core/instrument/simple/SimpleConfig <clinit> ()V 0 <appendix> argL0 ; # io/micrometer/core/instrument/simple/SimpleConfig$$Lambda+0x0000020a289c17c8
instanceKlass io/micrometer/core/instrument/config/validate/Validated
instanceKlass org/springframework/boot/actuate/autoconfigure/metrics/export/properties/PropertiesConfigAdapter
instanceKlass  @bci org/springframework/boot/actuate/autoconfigure/observation/ObservationRegistryConfigurer registerHandlers (Lio/micrometer/observation/ObservationRegistry;)V 6 <appendix> member <vmtarget> ; # org/springframework/boot/actuate/autoconfigure/observation/ObservationRegistryConfigurer$$Lambda+0x0000020a289c0ac8
instanceKlass  @bci org/springframework/boot/actuate/autoconfigure/observation/ObservationRegistryConfigurer registerGlobalObservationConventions (Lio/micrometer/observation/ObservationRegistry;)V 20 <appendix> member <vmtarget> ; # org/springframework/boot/actuate/autoconfigure/observation/ObservationRegistryConfigurer$$Lambda+0x0000020a289c0898
instanceKlass  @bci org/springframework/boot/actuate/autoconfigure/observation/ObservationRegistryConfigurer registerObservationPredicates (Lio/micrometer/observation/ObservationRegistry;)V 20 <appendix> member <vmtarget> ; # org/springframework/boot/actuate/autoconfigure/observation/ObservationRegistryConfigurer$$Lambda+0x0000020a289c0668
instanceKlass io/micrometer/common/KeyValues
instanceKlass  @bci org/springframework/boot/actuate/autoconfigure/observation/PropertiesObservationFilterPredicate createCommonKeyValuesFilter (Lorg/springframework/boot/actuate/autoconfigure/observation/ObservationProperties;)Lio/micrometer/observation/ObservationFilter; 12 <appendix> argL0 ; # org/springframework/boot/actuate/autoconfigure/observation/PropertiesObservationFilterPredicate$$Lambda+0x0000020a289c0218
instanceKlass org/springframework/boot/actuate/autoconfigure/observation/ObservationProperties$Http$Server$ServerRequests
instanceKlass org/springframework/boot/actuate/autoconfigure/observation/ObservationProperties$Http$Server
instanceKlass org/springframework/boot/actuate/autoconfigure/observation/ObservationProperties$Http$Client$ClientRequests
instanceKlass org/springframework/boot/actuate/autoconfigure/observation/ObservationProperties$Http$Client
instanceKlass org/springframework/http/HttpStatusCode
instanceKlass org/springframework/http/server/ServerHttpRequest
instanceKlass org/springframework/http/server/ServerHttpResponse
instanceKlass org/springframework/web/cors/DefaultCorsProcessor
instanceKlass org/springframework/web/cors/CorsProcessor
instanceKlass java/util/Comparators$NullComparator
instanceKlass  @bci org/springframework/web/util/pattern/PathPattern <clinit> ()V 36 <appendix> argL0 ; # org/springframework/web/util/pattern/PathPattern$$Lambda+0x0000020a289bdfd8
instanceKlass  @bci org/springframework/web/util/pattern/PathPattern <clinit> ()V 26 <appendix> argL0 ; # org/springframework/web/util/pattern/PathPattern$$Lambda+0x0000020a289bddc0
instanceKlass  @bci org/springframework/web/util/pattern/PathPattern <clinit> ()V 16 <appendix> argL0 ; # org/springframework/web/util/pattern/PathPattern$$Lambda+0x0000020a289bdba8
instanceKlass  @bci org/springframework/web/util/pattern/PathPattern <clinit> ()V 8 <appendix> argL0 ; # org/springframework/web/util/pattern/PathPattern$$Lambda+0x0000020a289bd990
instanceKlass org/springframework/http/server/DefaultPathContainer$DefaultSeparator
instanceKlass org/springframework/http/server/PathContainer$Separator
instanceKlass org/springframework/http/server/PathContainer$PathSegment
instanceKlass org/springframework/http/server/PathContainer$Element
instanceKlass org/springframework/http/server/DefaultPathContainer
instanceKlass org/springframework/http/server/PathContainer
instanceKlass org/springframework/web/util/pattern/PathPattern
instanceKlass org/springframework/web/util/pattern/PathElement
instanceKlass org/springframework/web/util/pattern/InternalPathPatternParser
instanceKlass org/springframework/http/server/PathContainer$Options
instanceKlass org/springframework/web/cors/UrlBasedCorsConfigurationSource
instanceKlass  @bci org/springframework/web/cors/CorsConfiguration addAllowedOrigin (Ljava/lang/String;)V 56 <appendix> member <vmtarget> ; # org/springframework/web/cors/CorsConfiguration$$Lambda+0x0000020a289ba5b0
instanceKlass org/springframework/web/cors/CorsConfiguration$OriginPattern
instanceKlass org/springframework/security/oauth2/core/http/converter/OAuth2ErrorHttpMessageConverter$OAuth2ErrorParametersConverter
instanceKlass org/springframework/security/oauth2/core/http/converter/OAuth2ErrorHttpMessageConverter$OAuth2ErrorConverter
instanceKlass org/springframework/security/oauth2/core/http/converter/HttpMessageConverters
instanceKlass org/springframework/security/oauth2/client/http/OAuth2ErrorResponseErrorHandler
instanceKlass org/springframework/web/util/UriBuilder
instanceKlass org/springframework/web/util/DefaultUriBuilderFactory
instanceKlass org/springframework/web/util/UriBuilderFactory
instanceKlass io/micrometer/observation/SimpleObservationRegistry
instanceKlass io/micrometer/observation/ObservationRegistry$ObservationConfig
instanceKlass io/micrometer/observation/NoopObservationRegistry
instanceKlass org/springframework/web/client/RestTemplate$HeadersExtractor
instanceKlass org/springframework/http/client/ClientHttpResponse
instanceKlass org/springframework/http/HttpInputMessage
instanceKlass org/springframework/web/client/DefaultResponseErrorHandler
instanceKlass org/springframework/http/client/ClientHttpRequest
instanceKlass org/springframework/http/HttpRequest
instanceKlass org/springframework/http/client/SimpleClientHttpRequestFactory
instanceKlass io/micrometer/common/ImmutableKeyValue
instanceKlass io/micrometer/common/KeyValue
instanceKlass io/micrometer/observation/docs/ObservationDocumentation
instanceKlass  @bci io/micrometer/observation/ObservationConvention <clinit> ()V 0 <appendix> argL0 ; # io/micrometer/observation/ObservationConvention$$Lambda+0x0000020a289b6c68
instanceKlass io/micrometer/observation/Observation$Context
instanceKlass io/micrometer/observation/Observation$ContextView
instanceKlass io/micrometer/common/docs/KeyName
instanceKlass org/springframework/http/client/observation/DefaultClientRequestObservationConvention
instanceKlass org/springframework/web/client/RequestCallback
instanceKlass org/springframework/web/util/UriTemplateHandler
instanceKlass org/springframework/web/client/ResponseExtractor
instanceKlass org/springframework/http/client/ClientHttpRequestFactory
instanceKlass  @bci org/springframework/security/oauth2/client/userinfo/DefaultOAuth2UserService <init> ()V 16 <appendix> argL0 ; # org/springframework/security/oauth2/client/userinfo/DefaultOAuth2UserService$$Lambda+0x0000020a289b55b0
instanceKlass  @bci org/springframework/http/MediaType <init> (Lorg/springframework/util/MimeType;)V 10 <appendix> member <vmtarget> ; # org/springframework/http/MediaType$$Lambda+0x0000020a289b5380
instanceKlass  @bci org/springframework/util/MimeTypeUtils <clinit> ()V 401 <appendix> argL0 ; # org/springframework/util/MimeTypeUtils$$Lambda+0x0000020a289b5148
instanceKlass org/springframework/util/MimeTypeUtils
instanceKlass org/springframework/security/oauth2/client/userinfo/OAuth2UserRequestEntityConverter
instanceKlass org/springframework/security/oauth2/core/AbstractOAuth2Token
instanceKlass org/springframework/security/oauth2/core/OAuth2Token
instanceKlass org/springframework/http/HttpEntity
instanceKlass org/springframework/security/oauth2/client/userinfo/OAuth2UserRequest
instanceKlass org/springframework/core/ParameterizedTypeReference
instanceKlass org/springframework/web/client/ResponseErrorHandler
instanceKlass sun/reflect/annotation/AnnotationInvocationHandler$1
instanceKlass  @bci jdk/internal/reflect/MethodHandleIntegerFieldAccessorImpl setInt (Ljava/lang/Object;I)V 41 <adapter> ; # java/lang/invoke/LambdaForm$MH+0x0000020a289b0400
instanceKlass org/springframework/core/convert/support/StringToNumberConverterFactory$StringToNumber
instanceKlass io/jsonwebtoken/Claims
instanceKlass io/jsonwebtoken/Identifiable
instanceKlass  @bci com/example/WebApartment/Configurations/SecurityConfig userDetailsService ()Lorg/springframework/security/core/userdetails/UserDetailsService; 1 <appendix> member <vmtarget> ; # com/example/WebApartment/Configurations/SecurityConfig$$Lambda+0x0000020a289adc50
instanceKlass  @bci jdk/internal/reflect/MethodHandleObjectFieldAccessorImpl set (Ljava/lang/Object;Ljava/lang/Object;)V 41 <adapter> ; # java/lang/invoke/LambdaForm$MH+0x0000020a289b0000
instanceKlass org/springframework/data/repository/core/support/RepositoryFactorySupport$ImplementationMethodExecutionInterceptor
instanceKlass org/springframework/data/util/Pair
instanceKlass org/hibernate/query/sqm/tree/select/SqmOrderByClause
instanceKlass org/hibernate/type/descriptor/java/AbstractJavaType
instanceKlass  @bci org/hibernate/query/sqm/tree/domain/AbstractSqmPath resolvePath (Ljava/lang/String;Lorg/hibernate/query/sqm/SqmPathSource;)Lorg/hibernate/query/sqm/tree/domain/SqmPath; 57 <appendix> member <vmtarget> ; # org/hibernate/query/sqm/tree/domain/AbstractSqmPath$$Lambda+0x0000020a289aaf48
instanceKlass jakarta/persistence/Tuple
instanceKlass  @bci org/springframework/data/jpa/repository/query/QueryParameterSetterFactory$CriteriaQueryParameterSetterFactory create (Lorg/springframework/data/jpa/repository/query/ParameterBinding;Lorg/springframework/data/jpa/repository/query/DeclaredQuery;)Lorg/springframework/data/jpa/repository/query/QueryParameterSetter; 103 <appendix> member <vmtarget> ; # org/springframework/data/jpa/repository/query/QueryParameterSetterFactory$CriteriaQueryParameterSetterFactory$$Lambda+0x0000020a289aa730
instanceKlass org/springframework/data/jpa/repository/query/QueryParameterSetter$NamedOrIndexedQueryParameterSetter
instanceKlass  @bci org/springframework/data/jpa/repository/query/QueryParameterSetterFactory$CriteriaQueryParameterSetterFactory create (Lorg/springframework/data/jpa/repository/query/ParameterBinding;Lorg/springframework/data/jpa/repository/query/DeclaredQuery;)Lorg/springframework/data/jpa/repository/query/QueryParameterSetter; 27 <appendix> member <vmtarget> ; # org/springframework/data/jpa/repository/query/QueryParameterSetterFactory$CriteriaQueryParameterSetterFactory$$Lambda+0x0000020a289aa2e8
instanceKlass  @bci org/springframework/data/jpa/repository/query/ParameterBinderFactory getBindings (Lorg/springframework/data/jpa/repository/query/JpaParameters;)Ljava/util/List; 59 <appendix> member <vmtarget> ; # org/springframework/data/jpa/repository/query/ParameterBinderFactory$$Lambda+0x0000020a289a9cb8
instanceKlass org/springframework/data/jpa/repository/query/ParameterBinding
instanceKlass  @bci org/springframework/data/jpa/repository/query/ParameterBinderFactory getBindings (Lorg/springframework/data/jpa/repository/query/JpaParameters;)Ljava/util/List; 49 <appendix> member <vmtarget> ; # org/springframework/data/jpa/repository/query/ParameterBinderFactory$$Lambda+0x0000020a289a95f8
instanceKlass org/springframework/data/jpa/repository/query/ParameterBinding$BindingIdentifier
instanceKlass org/springframework/data/jpa/repository/query/QueryParameterSetter
instanceKlass org/springframework/data/jpa/repository/query/QueryParameterSetterFactory
instanceKlass org/springframework/data/jpa/repository/query/ParameterBinding$ParameterOrigin
instanceKlass org/springframework/data/jpa/repository/query/ParameterBinderFactory
instanceKlass org/hibernate/query/sqm/tree/predicate/SqmWhereClause
instanceKlass org/hibernate/query/sqm/function/AbstractSqmSelfRenderingFunctionDescriptor$1
instanceKlass  @bci org/springframework/data/util/StreamUtils toUnmodifiableList ()Ljava/util/stream/Collector; 3 <appendix> argL0 ; # org/springframework/data/util/StreamUtils$$Lambda+0x0000020a289a7a48
instanceKlass org/hibernate/query/internal/QueryHelper
instanceKlass org/hibernate/metamodel/model/domain/TupleType
instanceKlass org/hibernate/query/sqm/internal/SqmCriteriaNodeBuilder$MultiValueParameterType
instanceKlass org/hibernate/query/sqm/internal/TypecheckUtil
instanceKlass org/hibernate/metamodel/model/domain/internal/PathHelper
instanceKlass org/hibernate/query/sqm/tree/domain/SqmSimplePath
instanceKlass  @bci org/hibernate/query/sqm/tree/domain/AbstractSqmFrom getJoins ()Ljava/util/Set; 9 <appendix> argL0 ; # org/hibernate/query/sqm/tree/domain/AbstractSqmFrom$$Lambda+0x0000020a289a0248
instanceKlass  @bci org/hibernate/query/sqm/tree/domain/AbstractSqmFrom getFetches ()Ljava/util/Set; 9 <appendix> argL0 ; # org/hibernate/query/sqm/tree/domain/AbstractSqmFrom$$Lambda+0x0000020a289a0000
instanceKlass  @bci java/util/regex/Pattern and (Ljava/util/regex/Pattern$CharPredicate;Ljava/util/regex/Pattern$CharPredicate;Z)Ljava/util/regex/Pattern$CharPredicate; 14 <appendix> member <vmtarget> ; # java/util/regex/Pattern$$Lambda+0x0000020a286af1a8
instanceKlass  @bci java/util/regex/CharPredicates ctype (I)Ljava/util/regex/Pattern$CharPredicate; 1 <appendix> member <vmtarget> ; # java/util/regex/CharPredicates$$Lambda+0x0000020a286aef20
instanceKlass org/springframework/data/jpa/repository/query/QueryUtils
instanceKlass org/springframework/data/jpa/repository/query/ParameterMetadataProvider$ParameterMetadata
instanceKlass org/hibernate/query/named/NamedQueryMemento$ParameterMemento
instanceKlass org/hibernate/query/spi/QueryParameterImplementor
instanceKlass org/hibernate/query/QueryParameter
instanceKlass org/hibernate/query/sqm/tree/expression/SqmParameter
instanceKlass  @bci org/springframework/data/jpa/repository/query/ParameterMetadataProvider next (Lorg/springframework/data/repository/query/parser/Part;Ljava/lang/Class;Lorg/springframework/data/repository/query/Parameter;)Lorg/springframework/data/jpa/repository/query/ParameterMetadataProvider$ParameterMetadata; 24 <appendix> member <vmtarget> ; # org/springframework/data/jpa/repository/query/ParameterMetadataProvider$$Lambda+0x0000020a2899e418
instanceKlass  @bci org/springframework/data/jpa/repository/query/ParameterMetadataProvider next (Lorg/springframework/data/repository/query/parser/Part;)Lorg/springframework/data/jpa/repository/query/ParameterMetadataProvider$ParameterMetadata; 10 <appendix> member <vmtarget> ; # org/springframework/data/jpa/repository/query/ParameterMetadataProvider$$Lambda+0x0000020a2899e1f8
instanceKlass org/springframework/data/jpa/repository/query/JpaQueryCreator$PredicateBuilder
instanceKlass  @bci org/springframework/data/repository/query/parser/AbstractQueryCreator createCriteria (Lorg/springframework/data/repository/query/parser/PartTree;)Ljava/lang/Object; 6 <appendix> argL0 ; # org/springframework/data/repository/query/parser/AbstractQueryCreator$$Lambda+0x0000020a2899ddb0
instanceKlass org/springframework/data/domain/Sort$Order
instanceKlass  @bci org/springframework/data/repository/query/parser/AbstractQueryCreator createQuery ()Ljava/lang/Object; 5 <appendix> argL0 ; # org/springframework/data/repository/query/parser/AbstractQueryCreator$$Lambda+0x0000020a2899d2d8
instanceKlass org/hibernate/query/sqm/spi/SqmCreationHelper
instanceKlass org/hibernate/query/sqm/tree/domain/SqmCorrelation
instanceKlass org/hibernate/query/criteria/JpaCrossJoin
instanceKlass org/hibernate/query/criteria/JpaDerivedJoin
instanceKlass org/hibernate/query/criteria/JpaEntityJoin
instanceKlass org/hibernate/query/sqm/tree/select/SqmAliasedNode
instanceKlass org/hibernate/query/sqm/tree/select/SqmAliasedExpressionContainer
instanceKlass org/hibernate/query/sqm/tree/from/SqmFromClause
instanceKlass org/hibernate/query/criteria/JpaCteCriteria
instanceKlass org/hibernate/query/criteria/JpaDerivedRoot
instanceKlass org/hibernate/query/criteria/JpaDerivedFrom
instanceKlass org/hibernate/query/sqm/tree/predicate/SqmWhereClauseContainer
instanceKlass org/hibernate/query/sqm/tree/from/SqmFromClauseContainer
instanceKlass org/hibernate/query/criteria/JpaQueryStructure
instanceKlass org/hibernate/query/sqm/internal/ParameterCollector
instanceKlass org/springframework/data/jpa/repository/query/ParameterMetadataProvider
instanceKlass org/springframework/data/jpa/repository/query/QueryParameterSetter$QueryMetadataCache
instanceKlass org/springframework/data/repository/query/parser/AbstractQueryCreator
instanceKlass  @bci org/springframework/data/jpa/repository/query/PartTreeJpaQuery lambda$0 (Lorg/springframework/data/repository/query/parser/PartTree;)Ljava/util/Iterator; 4 <appendix> argL0 ; # org/springframework/data/jpa/repository/query/PartTreeJpaQuery$$Lambda+0x0000020a28993838
instanceKlass  @bci org/springframework/data/jpa/repository/query/PartTreeJpaQuery validate (Lorg/springframework/data/repository/query/parser/PartTree;Lorg/springframework/data/jpa/repository/query/JpaParameters;Ljava/lang/String;)V 3 <appendix> member <vmtarget> ; # org/springframework/data/jpa/repository/query/PartTreeJpaQuery$$Lambda+0x0000020a289935f8
instanceKlass org/springframework/data/repository/query/parser/OrderBySource
instanceKlass  @bci org/springframework/data/mapping/PropertyPath from (Ljava/lang/String;Lorg/springframework/data/util/TypeInformation;)Lorg/springframework/data/mapping/PropertyPath; 25 <appendix> member <vmtarget> ; # org/springframework/data/mapping/PropertyPath$$Lambda+0x0000020a289931a8
instanceKlass org/springframework/data/mapping/PropertyPath$Property
instanceKlass  @bci java/util/regex/Pattern union (Ljava/util/regex/Pattern$CharPredicate;Ljava/util/regex/Pattern$CharPredicate;Z)Ljava/util/regex/Pattern$CharPredicate; 14 <appendix> member <vmtarget> ; # java/util/regex/Pattern$$Lambda+0x0000020a286aecc0
instanceKlass  @bci org/springframework/data/repository/query/parser/PartTree$OrPart <init> (Ljava/lang/String;Ljava/lang/Class;Z)V 30 <appendix> member <vmtarget> ; # org/springframework/data/repository/query/parser/PartTree$OrPart$$Lambda+0x0000020a28992278
instanceKlass org/springframework/data/repository/query/parser/Part
instanceKlass  @bci org/springframework/data/repository/query/parser/PartTree$OrPart <init> (Ljava/lang/String;Ljava/lang/Class;Z)V 18 <appendix> argL0 ; # org/springframework/data/repository/query/parser/PartTree$OrPart$$Lambda+0x0000020a28991e00
instanceKlass  @bci org/springframework/data/repository/query/parser/PartTree$Predicate <init> (Ljava/lang/String;Ljava/lang/Class;)V 55 <appendix> member <vmtarget> ; # org/springframework/data/repository/query/parser/PartTree$Predicate$$Lambda+0x0000020a28991bc0
instanceKlass org/springframework/data/repository/query/parser/PartTree$OrPart
instanceKlass  @bci org/springframework/data/repository/query/parser/PartTree$Predicate <init> (Ljava/lang/String;Ljava/lang/Class;)V 43 <appendix> argL0 ; # org/springframework/data/repository/query/parser/PartTree$Predicate$$Lambda+0x0000020a28991630
instanceKlass  @bci java/util/regex/CharPredicates forUnicodeBlock (Ljava/lang/String;)Ljava/util/regex/Pattern$CharPredicate; 6 <appendix> member <vmtarget> ; # java/util/regex/CharPredicates$$Lambda+0x0000020a286aea60
instanceKlass java/lang/Character$Subset
instanceKlass org/springframework/data/repository/query/parser/PartTree$Predicate
instanceKlass  @bci org/springframework/data/repository/query/parser/PartTree$Subject returnMaxResultsIfFirstKSubjectOrNull (Ljava/util/Optional;)Ljava/util/Optional; 1 <appendix> argL0 ; # org/springframework/data/repository/query/parser/PartTree$Subject$$Lambda+0x0000020a289910a8
instanceKlass  @bci org/springframework/data/repository/query/parser/PartTree$Subject matches (Ljava/util/Optional;Ljava/util/regex/Pattern;)Z 2 <appendix> member <vmtarget> ; # org/springframework/data/repository/query/parser/PartTree$Subject$$Lambda+0x0000020a28990e68
instanceKlass  @bci org/springframework/data/repository/query/parser/PartTree$Subject <init> (Ljava/util/Optional;)V 6 <appendix> argL0 ; # org/springframework/data/repository/query/parser/PartTree$Subject$$Lambda+0x0000020a28990c30
instanceKlass org/springframework/data/repository/query/parser/PartTree$Subject
instanceKlass  @bci java/util/regex/CharPredicates category (I)Ljava/util/regex/Pattern$CharPredicate; 1 <appendix> member <vmtarget> ; # java/util/regex/CharPredicates$$Lambda+0x0000020a286ae018
instanceKlass org/springframework/data/repository/query/parser/PartTree
instanceKlass  @bci org/springframework/data/jpa/repository/query/AbstractJpaQuery <init> (Lorg/springframework/data/jpa/repository/query/JpaQueryMethod;Ljakarta/persistence/EntityManager;)V 62 <appendix> member <vmtarget> ; # org/springframework/data/jpa/repository/query/AbstractJpaQuery$$Lambda+0x0000020a28990440
instanceKlass  @bci org/springframework/data/jpa/repository/query/AbstractJpaQuery <init> (Lorg/springframework/data/jpa/repository/query/JpaQueryMethod;Ljakarta/persistence/EntityManager;)V 6 <appendix> member <vmtarget> ; # org/springframework/data/jpa/repository/query/AbstractJpaQuery$$Lambda+0x0000020a28990220
instanceKlass org/springframework/data/jpa/repository/query/ParameterBinder
instanceKlass org/springframework/data/jpa/repository/query/PartTreeJpaQuery$QueryPreparer
instanceKlass org/hibernate/resource/transaction/backend/jdbc/internal/JdbcResourceLocalTransactionCoordinatorImpl$TransactionDriverControlImpl
instanceKlass  @bci org/hibernate/internal/AbstractSharedSessionContract buildNamedQuery (Ljava/lang/String;Ljava/lang/Class;)Lorg/hibernate/query/spi/QueryImplementor; 11 <appendix> member <vmtarget> ; # org/hibernate/internal/AbstractSharedSessionContract$$Lambda+0x0000020a2898eba8
instanceKlass org/hibernate/query/sql/spi/NamedNativeQueryMemento
instanceKlass  @bci org/hibernate/internal/AbstractSharedSessionContract buildNamedQuery (Ljava/lang/String;Ljava/lang/Class;)Lorg/hibernate/query/spi/QueryImplementor; 4 <appendix> member <vmtarget> ; # org/hibernate/internal/AbstractSharedSessionContract$$Lambda+0x0000020a2898e770
instanceKlass org/hibernate/query/sqm/spi/NamedSqmQueryMemento
instanceKlass org/springframework/data/repository/query/ParametersParameterAccessor
instanceKlass org/springframework/data/jpa/repository/query/JpaQueryExecution
instanceKlass org/springframework/data/repository/query/ParameterAccessor
instanceKlass org/springframework/data/jpa/repository/query/AbstractJpaQuery
instanceKlass org/springframework/data/jpa/repository/query/EmptyDeclaredQuery
instanceKlass org/springframework/data/jpa/repository/query/DeclaredQuery
instanceKlass  @bci org/springframework/data/jpa/repository/query/JpaQueryMethod <init> (Ljava/lang/reflect/Method;Lorg/springframework/data/repository/core/RepositoryMetadata;Lorg/springframework/data/projection/ProjectionFactory;Lorg/springframework/data/jpa/provider/QueryExtractor;)V 178 <appendix> argL0 ; # org/springframework/data/jpa/repository/query/JpaQueryMethod$$Lambda+0x0000020a2898b7c8
instanceKlass  @bci org/springframework/data/jpa/repository/query/JpaQueryMethod <init> (Ljava/lang/reflect/Method;Lorg/springframework/data/repository/core/RepositoryMetadata;Lorg/springframework/data/projection/ProjectionFactory;Lorg/springframework/data/jpa/provider/QueryExtractor;)V 134 <appendix> member <vmtarget> ; # org/springframework/data/jpa/repository/query/JpaQueryMethod$$Lambda+0x0000020a2898b5a8
instanceKlass  @bci org/springframework/data/jpa/repository/query/JpaQueryMethod <init> (Ljava/lang/reflect/Method;Lorg/springframework/data/repository/core/RepositoryMetadata;Lorg/springframework/data/projection/ProjectionFactory;Lorg/springframework/data/jpa/provider/QueryExtractor;)V 121 <appendix> member <vmtarget> ; # org/springframework/data/jpa/repository/query/JpaQueryMethod$$Lambda+0x0000020a2898b388
instanceKlass  @bci org/springframework/data/jpa/repository/query/JpaQueryMethod <init> (Ljava/lang/reflect/Method;Lorg/springframework/data/repository/core/RepositoryMetadata;Lorg/springframework/data/projection/ProjectionFactory;Lorg/springframework/data/jpa/provider/QueryExtractor;)V 108 <appendix> member <vmtarget> ; # org/springframework/data/jpa/repository/query/JpaQueryMethod$$Lambda+0x0000020a2898b168
instanceKlass  @bci org/springframework/data/jpa/repository/query/JpaQueryMethod <init> (Ljava/lang/reflect/Method;Lorg/springframework/data/repository/core/RepositoryMetadata;Lorg/springframework/data/projection/ProjectionFactory;Lorg/springframework/data/jpa/provider/QueryExtractor;)V 95 <appendix> member <vmtarget> ; # org/springframework/data/jpa/repository/query/JpaQueryMethod$$Lambda+0x0000020a2898af48
instanceKlass  @bci org/springframework/data/jpa/repository/query/JpaQueryMethod <init> (Ljava/lang/reflect/Method;Lorg/springframework/data/repository/core/RepositoryMetadata;Lorg/springframework/data/projection/ProjectionFactory;Lorg/springframework/data/jpa/provider/QueryExtractor;)V 82 <appendix> member <vmtarget> ; # org/springframework/data/jpa/repository/query/JpaQueryMethod$$Lambda+0x0000020a2898ad28
instanceKlass org/springframework/data/jpa/repository/query/JpaEntityGraph
instanceKlass  @bci org/springframework/data/jpa/repository/query/JpaQueryMethod <init> (Ljava/lang/reflect/Method;Lorg/springframework/data/repository/core/RepositoryMetadata;Lorg/springframework/data/projection/ProjectionFactory;Lorg/springframework/data/jpa/provider/QueryExtractor;)V 68 <appendix> member <vmtarget> ; # org/springframework/data/jpa/repository/query/JpaQueryMethod$$Lambda+0x0000020a2898a8e0
instanceKlass org/springframework/data/jpa/repository/Modifying
instanceKlass  @bci org/springframework/data/jpa/repository/query/JpaQueryMethod <init> (Ljava/lang/reflect/Method;Lorg/springframework/data/repository/core/RepositoryMetadata;Lorg/springframework/data/projection/ProjectionFactory;Lorg/springframework/data/jpa/provider/QueryExtractor;)V 55 <appendix> member <vmtarget> ; # org/springframework/data/jpa/repository/query/JpaQueryMethod$$Lambda+0x0000020a2898a4c8
instanceKlass org/springframework/data/jpa/repository/QueryHints
instanceKlass  @bci org/springframework/data/jpa/repository/query/JpaQueryMethod <init> (Ljava/lang/reflect/Method;Lorg/springframework/data/repository/core/RepositoryMetadata;Lorg/springframework/data/projection/ProjectionFactory;Lorg/springframework/data/jpa/provider/QueryExtractor;)V 42 <appendix> member <vmtarget> ; # org/springframework/data/jpa/repository/query/JpaQueryMethod$$Lambda+0x0000020a2898a0b0
instanceKlass  @bci org/springframework/data/repository/query/QueryMethod validate ()V 101 <appendix> member <vmtarget> ; # org/springframework/data/repository/query/QueryMethod$$Lambda+0x0000020a28989e90
instanceKlass  @bci org/springframework/data/repository/util/ClassUtils hasParameterAssignableToType (Ljava/lang/reflect/Method;Ljava/lang/Class;)Z 18 <appendix> member <vmtarget> ; # org/springframework/data/repository/util/ClassUtils$$Lambda+0x0000020a28989c40
instanceKlass  @bci org/springframework/data/repository/query/QueryMethod$QueryMethodValidator <clinit> ()V 0 <appendix> argL0 ; # org/springframework/data/repository/query/QueryMethod$QueryMethodValidator$$Lambda+0x0000020a289899f8
instanceKlass org/springframework/data/repository/query/QueryMethod$QueryMethodValidator
instanceKlass  @bci org/springframework/data/repository/query/QueryMethod <init> (Ljava/lang/reflect/Method;Lorg/springframework/data/repository/core/RepositoryMetadata;Lorg/springframework/data/projection/ProjectionFactory;)V 118 <appendix> member <vmtarget> ; # org/springframework/data/repository/query/QueryMethod$$Lambda+0x0000020a289895d8
instanceKlass org/springframework/data/repository/query/ResultProcessor$ProjectingConverter
instanceKlass  @bci org/springframework/data/repository/query/ReturnedType of (Ljava/lang/Class;Ljava/lang/Class;Lorg/springframework/data/projection/ProjectionFactory;)Lorg/springframework/data/repository/query/ReturnedType; 33 <appendix> member <vmtarget> ; # org/springframework/data/repository/query/ReturnedType$$Lambda+0x0000020a28989158
instanceKlass org/springframework/data/repository/query/ReturnedType$CacheKey
instanceKlass org/springframework/data/repository/query/ReturnedType
instanceKlass org/springframework/data/geo/GeoResults
instanceKlass org/springframework/data/repository/query/ResultProcessor
instanceKlass  @bci org/springframework/data/repository/query/QueryMethod <init> (Ljava/lang/reflect/Method;Lorg/springframework/data/repository/core/RepositoryMetadata;Lorg/springframework/data/projection/ProjectionFactory;)V 92 <appendix> member <vmtarget> ; # org/springframework/data/repository/query/QueryMethod$$Lambda+0x0000020a28988220
instanceKlass  @bci org/springframework/data/repository/query/Parameters <init> (Ljava/util/List;)V 187 <appendix> member <vmtarget> ; # org/springframework/data/repository/query/Parameters$$Lambda+0x0000020a28988000
instanceKlass  @bci org/springframework/data/repository/query/Parameters <init> (Lorg/springframework/data/repository/query/ParametersSource;Ljava/util/function/Function;)V 267 <appendix> member <vmtarget> ; # org/springframework/data/repository/query/Parameters$$Lambda+0x0000020a28987c50
instanceKlass org/springframework/data/jpa/repository/Temporal
instanceKlass  @bci org/springframework/data/repository/query/Parameter <init> (Lorg/springframework/core/MethodParameter;Lorg/springframework/data/util/TypeInformation;)V 59 <appendix> member <vmtarget> ; # org/springframework/data/repository/query/Parameter$$Lambda+0x0000020a28987838
instanceKlass  @bci org/springframework/data/repository/query/Parameter <clinit> ()V 49 <appendix> member <vmtarget> ; # org/springframework/data/repository/query/Parameter$$Lambda+0x0000020a28987608
instanceKlass  @bci org/springframework/data/jpa/repository/query/JpaParameters <init> (Lorg/springframework/data/repository/query/ParametersSource;)V 3 <appendix> member <vmtarget> ; # org/springframework/data/jpa/repository/query/JpaParameters$$Lambda+0x0000020a289873c8
instanceKlass org/springframework/data/repository/query/Parameter
instanceKlass org/springframework/data/repository/query/ParametersSource$2
instanceKlass org/springframework/data/repository/query/ParametersSource
instanceKlass org/springframework/data/repository/util/ReactiveWrapperConverters$RegistryHolder
instanceKlass org/springframework/data/repository/util/ReactiveWrapperConverters
instanceKlass  @bci org/springframework/data/repository/util/QueryExecutionConverters supports (Ljava/lang/Class;)Z 11 <appendix> member <vmtarget> ; # org/springframework/data/repository/util/QueryExecutionConverters$$Lambda+0x0000020a28986450
instanceKlass  @bci org/springframework/data/repository/query/QueryMethod <init> (Ljava/lang/reflect/Method;Lorg/springframework/data/repository/core/RepositoryMetadata;Lorg/springframework/data/projection/ProjectionFactory;)V 47 <appendix> member <vmtarget> ; # org/springframework/data/repository/query/QueryMethod$$Lambda+0x0000020a28986220
instanceKlass  @bci org/springframework/data/repository/util/ClassUtils getNumberOfOccurrences (Ljava/lang/reflect/Method;Ljava/lang/Class;)I 13 <appendix> member <vmtarget> ; # org/springframework/data/repository/util/ClassUtils$$Lambda+0x0000020a28985fd0
instanceKlass  @bci org/springframework/data/repository/query/QueryMethod <init> (Ljava/lang/reflect/Method;Lorg/springframework/data/repository/core/RepositoryMetadata;Lorg/springframework/data/projection/ProjectionFactory;)V 31 <appendix> member <vmtarget> ; # org/springframework/data/repository/query/QueryMethod$$Lambda+0x0000020a28985d80
instanceKlass org/springframework/data/domain/Limit
instanceKlass org/springframework/data/domain/ScrollPosition
instanceKlass org/springframework/data/repository/query/Parameters
instanceKlass  @bci org/springframework/data/repository/core/support/QueryExecutorMethodInterceptor <init> (Lorg/springframework/data/repository/core/RepositoryInformation;Lorg/springframework/data/projection/ProjectionFactory;Ljava/util/Optional;Lorg/springframework/data/repository/core/NamedQueries;Ljava/util/List;Ljava/util/List;)V 117 <appendix> member <vmtarget> ; # org/springframework/data/repository/core/support/QueryExecutorMethodInterceptor$$Lambda+0x0000020a28984530
instanceKlass org/springframework/data/repository/core/support/QueryExecutionResultHandler
instanceKlass org/springframework/data/repository/core/support/RepositoryInvocationMulticaster$DefaultRepositoryInvocationMulticaster
instanceKlass org/springframework/data/repository/core/support/RepositoryMethodInvoker
instanceKlass org/springframework/data/repository/core/support/QueryExecutorMethodInterceptor
instanceKlass org/springframework/data/jpa/repository/query/JpaQueryLookupStrategy$AbstractQueryLookupStrategy
instanceKlass org/springframework/data/jpa/repository/query/JpaQueryLookupStrategy$NoQuery
instanceKlass org/springframework/data/repository/query/QueryLookupStrategy
instanceKlass org/springframework/data/repository/query/RepositoryQuery
instanceKlass org/springframework/data/jpa/repository/query/JpaQueryLookupStrategy
instanceKlass  @bci org/springframework/data/projection/DefaultMethodInvokingMethodInterceptor hasDefaultMethods (Ljava/lang/Class;)Z 15 <appendix> argL0 ; # org/springframework/data/projection/DefaultMethodInvokingMethodInterceptor$$Lambda+0x0000020a28982538
instanceKlass  @bci org/springframework/data/projection/DefaultMethodInvokingMethodInterceptor hasDefaultMethods (Ljava/lang/Class;)Z 10 <appendix> member <vmtarget> ; # org/springframework/data/projection/DefaultMethodInvokingMethodInterceptor$$Lambda+0x0000020a28982318
instanceKlass  @bci org/springframework/data/repository/core/support/EventPublishingRepositoryProxyPostProcessor$EventPublishingMethod of (Ljava/lang/Class;)Lorg/springframework/data/repository/core/support/EventPublishingRepositoryProxyPostProcessor$EventPublishingMethod; 36 <appendix> member <vmtarget> ; # org/springframework/data/repository/core/support/EventPublishingRepositoryProxyPostProcessor$EventPublishingMethod$$Lambda+0x0000020a289820f8
instanceKlass org/springframework/data/util/AnnotationDetectionMethodCallback
instanceKlass org/springframework/data/domain/DomainEvents
instanceKlass org/springframework/data/repository/core/support/EventPublishingRepositoryProxyPostProcessor$EventPublishingMethod
instanceKlass org/springframework/data/jpa/repository/query/Procedure
instanceKlass org/springframework/aop/DynamicIntroductionAdvice
instanceKlass  @bci org/springframework/data/repository/core/RepositoryInformationSupport isQueryMethod (Ljava/lang/reflect/Method;)Z 10 <appendix> member <vmtarget> ; # org/springframework/data/repository/core/RepositoryInformationSupport$$Lambda+0x0000020a289811d0
instanceKlass  @bci org/springframework/data/jpa/repository/support/CrudMethodMetadataPostProcessor$CrudMethodMetadataPopulatingMethodInterceptor <init> (Lorg/springframework/data/repository/core/RepositoryInformation;)V 47 <appendix> member <vmtarget> ; # org/springframework/data/jpa/repository/support/CrudMethodMetadataPostProcessor$CrudMethodMetadataPopulatingMethodInterceptor$$Lambda+0x0000020a28980fa0
instanceKlass  @bci org/springframework/data/jpa/repository/support/CrudMethodMetadataPostProcessor$CrudMethodMetadataPopulatingMethodInterceptor <init> (Lorg/springframework/data/repository/core/RepositoryInformation;)V 41 <appendix> member <vmtarget> ; # org/springframework/data/jpa/repository/support/CrudMethodMetadataPostProcessor$CrudMethodMetadataPopulatingMethodInterceptor$$Lambda+0x0000020a28980d80
instanceKlass org/springframework/data/jpa/repository/support/CrudMethodMetadataPostProcessor$CrudMethodMetadataPopulatingMethodInterceptor
instanceKlass  @bci org/springframework/data/repository/core/support/RepositoryFactorySupport getRepository (Ljava/lang/Class;Lorg/springframework/data/repository/core/support/RepositoryComposition$RepositoryFragments;)Ljava/lang/Object; 339 <appendix> member <vmtarget> ; # org/springframework/data/repository/core/support/RepositoryFactorySupport$$Lambda+0x0000020a28980918
instanceKlass org/springframework/aop/interceptor/ExposeInvocationInterceptor
instanceKlass java/lang/Package$1PackageInfoProxy
instanceKlass  @bci java/lang/Package getPackageInfo ()Ljava/lang/Class; 41 <appendix> member <vmtarget> ; # java/lang/Package$$Lambda+0x0000020a286ad0c8
instanceKlass org/springframework/lang/NonNullApi
instanceKlass  @bci org/springframework/data/util/NullableUtils findClasses ([Ljava/lang/String;)Ljava/util/Set; 24 <appendix> argL0 ; # org/springframework/data/util/NullableUtils$$Lambda+0x0000020a28980000
instanceKlass  @bci org/springframework/data/util/NullableUtils findClasses ([Ljava/lang/String;)Ljava/util/Set; 14 <appendix> argL0 ; # org/springframework/data/util/NullableUtils$$Lambda+0x0000020a28978400
instanceKlass  @bci org/springframework/data/util/NullableUtils findClasses ([Ljava/lang/String;)Ljava/util/Set; 4 <appendix> argL0 ; # org/springframework/data/util/NullableUtils$$Lambda+0x0000020a28978c70
instanceKlass org/springframework/data/util/NullableUtils
instanceKlass org/springframework/data/repository/core/support/MethodInvocationValidator
instanceKlass org/springframework/aop/target/SingletonTargetSource
instanceKlass  @bci org/springframework/data/repository/core/support/RepositoryFactorySupport$RepositoryValidator containsFragmentImplementation (Lorg/springframework/data/repository/core/support/RepositoryComposition;Ljava/lang/Class;)Z 39 <appendix> member <vmtarget> ; # org/springframework/data/repository/core/support/RepositoryFactorySupport$RepositoryValidator$$Lambda+0x0000020a28979b78
instanceKlass  @bci org/springframework/data/repository/core/support/MethodLookups$RepositoryAwareMethodLookup lambda$getLookups$3 (Lorg/springframework/data/repository/core/support/MethodLookup$InvokedMethod;Ljava/lang/reflect/Method;)Z 24 <appendix> member <vmtarget> ; # org/springframework/data/repository/core/support/MethodLookups$RepositoryAwareMethodLookup$$Lambda+0x0000020a28979928
instanceKlass  @bci org/springframework/data/repository/core/support/MethodLookups$RepositoryAwareMethodLookup lambda$getLookups$3 (Lorg/springframework/data/repository/core/support/MethodLookup$InvokedMethod;Ljava/lang/reflect/Method;)Z 14 <appendix> member <vmtarget> ; # org/springframework/data/repository/core/support/MethodLookups$RepositoryAwareMethodLookup$$Lambda+0x0000020a289796d8
instanceKlass  @bci org/springframework/data/repository/core/support/MethodLookups$RepositoryAwareMethodLookup lambda$getLookups$3 (Lorg/springframework/data/repository/core/support/MethodLookup$InvokedMethod;Ljava/lang/reflect/Method;)Z 5 <appendix> member <vmtarget> ; # org/springframework/data/repository/core/support/MethodLookups$RepositoryAwareMethodLookup$$Lambda+0x0000020a28979488
instanceKlass  @bci org/springframework/data/repository/core/support/RepositoryComposition$RepositoryFragments findMethod (Lorg/springframework/data/repository/core/support/MethodLookup$InvokedMethod;Lorg/springframework/data/repository/core/support/MethodLookup;Ljava/util/function/Supplier;)Ljava/lang/reflect/Method; 44 <appendix> member <vmtarget> ; # org/springframework/data/repository/core/support/RepositoryComposition$RepositoryFragments$$Lambda+0x0000020a28979238
instanceKlass  @bci org/springframework/data/repository/core/support/RepositoryComposition$RepositoryFragments methods ()Ljava/util/stream/Stream; 4 <appendix> argL0 ; # org/springframework/data/repository/core/support/RepositoryComposition$RepositoryFragments$$Lambda+0x0000020a28979000
instanceKlass  @bci org/springframework/data/repository/core/support/MethodLookups$RepositoryAwareMethodLookup getLookups ()Ljava/util/List; 1 <appendix> member <vmtarget> ; # org/springframework/data/repository/core/support/MethodLookups$RepositoryAwareMethodLookup$$Lambda+0x0000020a2897bc70
instanceKlass  @bci org/springframework/data/repository/core/support/RepositoryComposition lambda$getMethod$2 (Ljava/lang/reflect/Method;)Ljava/lang/reflect/Method; 17 <appendix> member <vmtarget> ; # org/springframework/data/repository/core/support/RepositoryComposition$$Lambda+0x0000020a2897ba50
instanceKlass  @bci org/springframework/data/repository/core/support/RepositoryComposition getMethod (Ljava/lang/reflect/Method;)Ljava/lang/reflect/Method; 6 <appendix> member <vmtarget> ; # org/springframework/data/repository/core/support/RepositoryComposition$$Lambda+0x0000020a2897b810
instanceKlass  @bci org/springframework/data/repository/core/RepositoryInformationSupport calculateQueryMethods ()Lorg/springframework/data/repository/core/RepositoryInformationSupport$DefaultQueryMethods; 28 <appendix> member <vmtarget> ; # org/springframework/data/repository/core/RepositoryInformationSupport$$Lambda+0x0000020a2897b5c0
instanceKlass  @bci org/springframework/data/repository/core/RepositoryInformationSupport calculateQueryMethods ()Lorg/springframework/data/repository/core/RepositoryInformationSupport$DefaultQueryMethods; 17 <appendix> member <vmtarget> ; # org/springframework/data/repository/core/RepositoryInformationSupport$$Lambda+0x0000020a2897b380
instanceKlass org/springframework/data/repository/query/ReactiveQueryByExampleExecutor
instanceKlass  @bci org/springframework/data/repository/core/support/RepositoryFactorySupport$RepositoryValidator <clinit> ()V 62 <appendix> argL0 ; # org/springframework/data/repository/core/support/RepositoryFactorySupport$RepositoryValidator$$Lambda+0x0000020a2897af60
instanceKlass  @bci org/springframework/data/repository/core/support/RepositoryFactorySupport$RepositoryValidator <clinit> ()V 47 <appendix> argL0 ; # org/springframework/data/repository/core/support/RepositoryFactorySupport$RepositoryValidator$$Lambda+0x0000020a2897ad38
instanceKlass org/springframework/data/querydsl/ReactiveQuerydslPredicateExecutor
instanceKlass  @bci org/springframework/data/repository/core/support/RepositoryFactorySupport$RepositoryValidator <clinit> ()V 32 <appendix> argL0 ; # org/springframework/data/repository/core/support/RepositoryFactorySupport$RepositoryValidator$$Lambda+0x0000020a2897a918
instanceKlass org/springframework/data/querydsl/QuerydslPredicateExecutor
instanceKlass  @bci org/springframework/data/repository/core/support/RepositoryFactorySupport$RepositoryValidator <clinit> ()V 17 <appendix> argL0 ; # org/springframework/data/repository/core/support/RepositoryFactorySupport$RepositoryValidator$$Lambda+0x0000020a2897a4f8
instanceKlass org/springframework/data/repository/core/support/RepositoryFactorySupport$RepositoryValidator
instanceKlass  @bci org/springframework/data/repository/core/support/RepositoryFragment$ImplementedRepositoryFragment <init> (Ljava/util/Optional;Ljava/lang/Object;)V 18 <appendix> member <vmtarget> ; # org/springframework/data/repository/core/support/RepositoryFragment$ImplementedRepositoryFragment$$Lambda+0x0000020a2897f810
instanceKlass org/springframework/data/repository/core/support/RepositoryFragment$ImplementedRepositoryFragment
instanceKlass  @bci org/springframework/data/repository/core/support/RepositoryFactorySupport instantiateClass (Ljava/lang/Class;[Ljava/lang/Object;)Ljava/lang/Object; 18 <appendix> member <vmtarget> ; # org/springframework/data/repository/core/support/RepositoryFactorySupport$$Lambda+0x0000020a2897f0e0
instanceKlass  @bci org/springframework/data/repository/core/support/RepositoryFactorySupport instantiateClass (Ljava/lang/Class;[Ljava/lang/Object;)Ljava/lang/Object; 8 <appendix> member <vmtarget> ; # org/springframework/data/repository/core/support/RepositoryFactorySupport$$Lambda+0x0000020a2897eea0
instanceKlass  @bci org/springframework/data/util/ReflectionUtils findConstructor (Ljava/lang/Class;[Ljava/lang/Object;)Ljava/util/Optional; 20 <appendix> member <vmtarget> ; # org/springframework/data/util/ReflectionUtils$$Lambda+0x0000020a2897ec50
instanceKlass org/springframework/data/jpa/domain/Specification
instanceKlass org/springframework/data/jpa/repository/support/JpaMetamodelEntityInformation$IdMetadata
instanceKlass org/springframework/data/jpa/repository/query/DefaultJpaEntityMetadata
instanceKlass org/springframework/data/domain/Persistable
instanceKlass org/springframework/data/repository/core/support/AbstractEntityInformation
instanceKlass org/springframework/data/jpa/repository/support/JpaEntityInformation
instanceKlass org/springframework/data/jpa/repository/query/JpaEntityMetadata
instanceKlass  @bci org/springframework/data/repository/core/support/RepositoryFactorySupport getRepository (Ljava/lang/Class;Lorg/springframework/data/repository/core/support/RepositoryComposition$RepositoryFragments;)Ljava/lang/Object; 145 <appendix> member <vmtarget> ; # org/springframework/data/repository/core/support/RepositoryFactorySupport$$Lambda+0x0000020a2897d260
instanceKlass org/springframework/data/repository/core/support/RepositoryFragment$StructuralRepositoryFragment
instanceKlass  @bci org/springframework/data/repository/core/RepositoryInformationSupport <init> (Ljava/util/function/Supplier;Ljava/util/function/Supplier;)V 34 <appendix> member <vmtarget> ; # org/springframework/data/repository/core/RepositoryInformationSupport$$Lambda+0x0000020a2897cdd8
instanceKlass org/springframework/data/repository/core/RepositoryInformationSupport$DefaultQueryMethods
instanceKlass  @bci org/springframework/data/repository/core/support/DefaultRepositoryInformation <init> (Lorg/springframework/data/repository/core/RepositoryMetadata;Ljava/lang/Class;Lorg/springframework/data/repository/core/support/RepositoryComposition;)V 8 <appendix> member <vmtarget> ; # org/springframework/data/repository/core/support/DefaultRepositoryInformation$$Lambda+0x0000020a2897c9b0
instanceKlass  @bci org/springframework/data/repository/core/support/DefaultRepositoryInformation <init> (Lorg/springframework/data/repository/core/RepositoryMetadata;Ljava/lang/Class;Lorg/springframework/data/repository/core/support/RepositoryComposition;)V 2 <appendix> member <vmtarget> ; # org/springframework/data/repository/core/support/DefaultRepositoryInformation$$Lambda+0x0000020a2897c790
instanceKlass org/springframework/data/repository/core/RepositoryInformationSupport
instanceKlass org/springframework/data/jpa/repository/support/SimpleJpaRepository
instanceKlass org/springframework/data/jpa/repository/support/JpaRepositoryImplementation
instanceKlass org/springframework/data/jpa/repository/JpaSpecificationExecutor
instanceKlass  @bci org/springframework/data/repository/core/support/RepositoryFactorySupport getRepositoryInformation (Lorg/springframework/data/repository/core/RepositoryMetadata;Lorg/springframework/data/repository/core/support/RepositoryComposition;)Lorg/springframework/data/repository/core/RepositoryInformation; 18 <appendix> member <vmtarget> ; # org/springframework/data/repository/core/support/RepositoryFactorySupport$$Lambda+0x0000020a28976fc0
instanceKlass org/springframework/util/ConcurrentReferenceHashMap$EntryIterator
instanceKlass org/springframework/data/repository/core/support/RepositoryFactorySupport$RepositoryInformationCacheKey
instanceKlass  @bci org/springframework/data/repository/core/support/MethodLookup and (Lorg/springframework/data/repository/core/support/MethodLookup;)Lorg/springframework/data/repository/core/support/MethodLookup; 8 <appendix> member <vmtarget> ; # org/springframework/data/repository/core/support/MethodLookup$$Lambda+0x0000020a28976520
instanceKlass org/springframework/data/repository/core/support/MethodLookups$RepositoryAwareMethodLookup
instanceKlass  @bci org/springframework/data/repository/core/support/MethodLookups direct ()Lorg/springframework/data/repository/core/support/MethodLookup; 7 <appendix> member <vmtarget> ; # org/springframework/data/repository/core/support/MethodLookups$$Lambda+0x0000020a289760b0
instanceKlass  @bci org/springframework/data/repository/core/support/MethodLookups direct ()Lorg/springframework/data/repository/core/support/MethodLookup; 0 <appendix> argL0 ; # org/springframework/data/repository/core/support/MethodLookups$$Lambda+0x0000020a28975e40
instanceKlass org/springframework/data/repository/core/support/MethodLookups
instanceKlass  @bci org/springframework/data/repository/core/support/RepositoryComposition <clinit> ()V 8 <appendix> argL0 ; # org/springframework/data/repository/core/support/RepositoryComposition$$Lambda+0x0000020a28975a20
instanceKlass  @bci org/springframework/data/repository/core/support/RepositoryComposition <clinit> ()V 0 <appendix> argL0 ; # org/springframework/data/repository/core/support/RepositoryComposition$$Lambda+0x0000020a289757f8
instanceKlass  @bci org/springframework/data/repository/core/support/RepositoryFactorySupport getRepository (Ljava/lang/Class;Lorg/springframework/data/repository/core/support/RepositoryComposition$RepositoryFragments;)Ljava/lang/Object; 61 <appendix> member <vmtarget> ; # org/springframework/data/repository/core/support/RepositoryFactorySupport$$Lambda+0x0000020a289755c8
instanceKlass org/springframework/beans/factory/config/NamedBeanHolder
instanceKlass org/springframework/beans/factory/NamedBean
# instanceKlass java/lang/invoke/LambdaForm$MH+0x0000020a28978000
instanceKlass  @bci org/springframework/data/util/TypeDiscoverer lambda$new$0 ()Ljava/util/List; 10 <appendix> argL0 ; # org/springframework/data/util/TypeDiscoverer$$Lambda+0x0000020a28974f68
instanceKlass  @bci org/springframework/data/mapping/model/ClassGeneratingPropertyAccessorFactory hasUniquePropertyHashCodes (Lorg/springframework/data/mapping/PersistentEntity;)Z 32 <appendix> member <vmtarget> ; # org/springframework/data/mapping/model/ClassGeneratingPropertyAccessorFactory$$Lambda+0x0000020a28974d48
instanceKlass org/springframework/data/mapping/SimpleAssociationHandler
instanceKlass  @bci org/springframework/data/mapping/model/ClassGeneratingPropertyAccessorFactory hasUniquePropertyHashCodes (Lorg/springframework/data/mapping/PersistentEntity;)Z 19 <appendix> member <vmtarget> ; # org/springframework/data/mapping/model/ClassGeneratingPropertyAccessorFactory$$Lambda+0x0000020a28974930
instanceKlass org/springframework/data/mapping/SimplePropertyHandler
instanceKlass  @bci org/springframework/data/jpa/mapping/JpaPersistentEntityImpl verify ()V 33 <appendix> member <vmtarget> ; # org/springframework/data/jpa/mapping/JpaPersistentEntityImpl$$Lambda+0x0000020a28974518
instanceKlass  @bci org/springframework/data/mapping/context/AbstractMappingContext$PersistentPropertyFilter matches (Lorg/springframework/data/mapping/model/Property;)Z 24 <appendix> member <vmtarget> ; # org/springframework/data/mapping/context/AbstractMappingContext$PersistentPropertyFilter$$Lambda+0x0000020a289742c8
instanceKlass  @bci org/springframework/data/util/TypeDiscoverer getPropertyInformation (Ljava/lang/String;)Ljava/util/Optional; 59 <appendix> argL0 ; # org/springframework/data/util/TypeDiscoverer$$Lambda+0x0000020a28974090
instanceKlass  @bci org/springframework/data/util/TypeDiscoverer getPropertyInformation (Ljava/lang/String;)Ljava/util/Optional; 51 <appendix> member <vmtarget> ; # org/springframework/data/util/TypeDiscoverer$$Lambda+0x0000020a28973e50
instanceKlass  @bci org/springframework/data/util/TypeDiscoverer getPropertyInformation (Ljava/lang/String;)Ljava/util/Optional; 41 <appendix> member <vmtarget> ; # org/springframework/data/util/TypeDiscoverer$$Lambda+0x0000020a28973c00
instanceKlass  @bci org/springframework/data/mapping/context/AbstractMappingContext$PersistentPropertyCreator addPropertiesForRemainingDescriptors ()V 54 <appendix> member <vmtarget> ; # org/springframework/data/mapping/context/AbstractMappingContext$PersistentPropertyCreator$$Lambda+0x0000020a289739d0
instanceKlass  @bci org/springframework/data/mapping/context/AbstractMappingContext$PersistentPropertyCreator addPropertiesForRemainingDescriptors ()V 43 <appendix> member <vmtarget> ; # org/springframework/data/mapping/context/AbstractMappingContext$PersistentPropertyCreator$$Lambda+0x0000020a28973780
instanceKlass  @bci org/springframework/data/mapping/context/AbstractMappingContext$PersistentPropertyCreator addPropertiesForRemainingDescriptors ()V 25 <appendix> member <vmtarget> ; # org/springframework/data/mapping/context/AbstractMappingContext$PersistentPropertyCreator$$Lambda+0x0000020a28973540
instanceKlass  @bci org/springframework/data/mapping/context/AbstractMappingContext$PersistentPropertyCreator addPropertiesForRemainingDescriptors ()V 14 <appendix> argL0 ; # org/springframework/data/mapping/context/AbstractMappingContext$PersistentPropertyCreator$$Lambda+0x0000020a289732f8
instanceKlass java/util/WeakHashMap$HashIterator
instanceKlass  @bci org/springframework/data/mapping/model/AnnotationBasedPersistentProperty lambda$new$8 ()Lorg/springframework/data/util/TypeInformation; 42 <appendix> member <vmtarget> ; # org/springframework/data/mapping/model/AnnotationBasedPersistentProperty$$Lambda+0x0000020a289730d8
instanceKlass  @bci org/springframework/data/mapping/model/AnnotationBasedPersistentProperty lambda$new$8 ()Lorg/springframework/data/util/TypeInformation; 33 <appendix> member <vmtarget> ; # org/springframework/data/mapping/model/AnnotationBasedPersistentProperty$$Lambda+0x0000020a28972e98
instanceKlass  @bci org/springframework/data/mapping/model/AnnotationBasedPersistentProperty lambda$new$8 ()Lorg/springframework/data/util/TypeInformation; 24 <appendix> argL0 ; # org/springframework/data/mapping/model/AnnotationBasedPersistentProperty$$Lambda+0x0000020a28972c60
instanceKlass  @bci org/springframework/data/mapping/model/AnnotationBasedPersistentProperty lambda$new$8 ()Lorg/springframework/data/util/TypeInformation; 16 <appendix> member <vmtarget> ; # org/springframework/data/mapping/model/AnnotationBasedPersistentProperty$$Lambda+0x0000020a28972a20
instanceKlass  @bci org/springframework/data/jpa/util/JpaMetamodel isSingleIdAttribute (Ljava/lang/Class;Ljava/lang/String;Ljava/lang/Class;)Z 48 <appendix> member <vmtarget> ; # org/springframework/data/jpa/util/JpaMetamodel$$Lambda+0x0000020a289727e0
instanceKlass  @bci org/springframework/data/jpa/util/JpaMetamodel isSingleIdAttribute (Ljava/lang/Class;Ljava/lang/String;Ljava/lang/Class;)Z 39 <appendix> member <vmtarget> ; # org/springframework/data/jpa/util/JpaMetamodel$$Lambda+0x0000020a28972590
instanceKlass  @bci org/springframework/data/jpa/util/JpaMetamodel getSingularIdAttribute (Ljakarta/persistence/metamodel/EntityType;)Ljava/util/Optional; 24 <appendix> argL0 ; # org/springframework/data/jpa/util/JpaMetamodel$$Lambda+0x0000020a28972348
instanceKlass  @bci org/springframework/data/jpa/util/JpaMetamodel isSingleIdAttribute (Ljava/lang/Class;Ljava/lang/String;Ljava/lang/Class;)Z 30 <appendix> argL0 ; # org/springframework/data/jpa/util/JpaMetamodel$$Lambda+0x0000020a28972110
instanceKlass  @bci org/springframework/data/jpa/util/JpaMetamodel isSingleIdAttribute (Ljava/lang/Class;Ljava/lang/String;Ljava/lang/Class;)Z 15 <appendix> member <vmtarget> ; # org/springframework/data/jpa/util/JpaMetamodel$$Lambda+0x0000020a28971ec0
instanceKlass  @bci org/springframework/data/mapping/context/AbstractMappingContext$PersistentPropertyCreator createAndRegisterProperty (Lorg/springframework/data/mapping/model/Property;)V 119 <appendix> member <vmtarget> ; # org/springframework/data/mapping/context/AbstractMappingContext$PersistentPropertyCreator$$Lambda+0x0000020a28971c90
instanceKlass  @bci org/springframework/data/mapping/model/AbstractPersistentProperty detectEntityTypes (Lorg/springframework/data/mapping/model/SimpleTypeHolder;)Ljava/util/Set; 41 <appendix> argL0 ; # org/springframework/data/mapping/model/AbstractPersistentProperty$$Lambda+0x0000020a28971a48
instanceKlass  @bci org/springframework/data/mapping/model/AbstractPersistentProperty detectEntityTypes (Lorg/springframework/data/mapping/model/SimpleTypeHolder;)Ljava/util/Set; 31 <appendix> member <vmtarget> ; # org/springframework/data/mapping/model/AbstractPersistentProperty$$Lambda+0x0000020a289717f8
instanceKlass  @bci org/springframework/data/util/NullableWrapperConverters supports (Ljava/lang/Class;)Z 10 <appendix> argL0 ; # org/springframework/data/util/NullableWrapperConverters$$Lambda+0x0000020a289715c0
instanceKlass  @bci org/springframework/data/jpa/mapping/JpaPersistentPropertyImpl lambda$2 (Lorg/springframework/data/jpa/util/JpaMetamodel;)Ljava/lang/Boolean; 9 <appendix> member <vmtarget> ; # org/springframework/data/jpa/mapping/JpaPersistentPropertyImpl$$Lambda+0x0000020a28971370
instanceKlass  @bci org/springframework/data/mapping/model/BasicPersistentEntity addPersistentProperty (Lorg/springframework/data/mapping/PersistentProperty;)V 71 <appendix> member <vmtarget> ; # org/springframework/data/mapping/model/BasicPersistentEntity$$Lambda+0x0000020a28971130
instanceKlass  @bci org/springframework/data/jpa/mapping/JpaPersistentPropertyImpl <init> (Lorg/springframework/data/jpa/util/JpaMetamodel;Lorg/springframework/data/mapping/model/Property;Lorg/springframework/data/mapping/PersistentEntity;Lorg/springframework/data/mapping/model/SimpleTypeHolder;)V 68 <appendix> member <vmtarget> ; # org/springframework/data/jpa/mapping/JpaPersistentPropertyImpl$$Lambda+0x0000020a28970f10
instanceKlass  @bci org/springframework/data/jpa/mapping/JpaPersistentPropertyImpl <init> (Lorg/springframework/data/jpa/util/JpaMetamodel;Lorg/springframework/data/mapping/model/Property;Lorg/springframework/data/mapping/PersistentEntity;Lorg/springframework/data/mapping/model/SimpleTypeHolder;)V 54 <appendix> member <vmtarget> ; # org/springframework/data/jpa/mapping/JpaPersistentPropertyImpl$$Lambda+0x0000020a28970cf0
instanceKlass  @bci org/springframework/data/jpa/mapping/JpaPersistentPropertyImpl lambda$0 ()Ljava/lang/Boolean; 16 <appendix> member <vmtarget> ; # org/springframework/data/jpa/mapping/JpaPersistentPropertyImpl$$Lambda+0x0000020a28970aa0
instanceKlass org/springframework/data/annotation/Reference
instanceKlass org/springframework/data/annotation/Transient
instanceKlass  @bci org/springframework/data/mapping/model/BasicPersistentEntity doFindAnnotation (Ljava/lang/Class;)Ljava/util/Optional; 6 <appendix> member <vmtarget> ; # org/springframework/data/mapping/model/BasicPersistentEntity$$Lambda+0x0000020a289701f8
instanceKlass org/springframework/data/annotation/AccessType
instanceKlass  @bci org/springframework/data/jpa/mapping/JpaPersistentPropertyImpl <init> (Lorg/springframework/data/jpa/util/JpaMetamodel;Lorg/springframework/data/mapping/model/Property;Lorg/springframework/data/mapping/PersistentEntity;Lorg/springframework/data/mapping/model/SimpleTypeHolder;)V 16 <appendix> member <vmtarget> ; # org/springframework/data/jpa/mapping/JpaPersistentPropertyImpl$$Lambda+0x0000020a2896fd68
instanceKlass  @bci org/springframework/core/annotation/AnnotatedElementUtils findMergedAnnotation (Ljava/lang/reflect/AnnotatedElement;Ljava/lang/Class;)Ljava/lang/annotation/Annotation; 41 <appendix> argL0 ; # org/springframework/core/annotation/AnnotatedElementUtils$$Lambda+0x0000020a2896fb20
instanceKlass  @bci org/springframework/data/mapping/model/AnnotationBasedPersistentProperty lambda$doFindAnnotation$12 (Ljava/lang/Class;)Ljava/util/Optional; 15 <appendix> argL0 ; # org/springframework/data/mapping/model/AnnotationBasedPersistentProperty$$Lambda+0x0000020a2896f8e8
instanceKlass  @bci org/springframework/data/mapping/model/AnnotationBasedPersistentProperty lambda$doFindAnnotation$12 (Ljava/lang/Class;)Ljava/util/Optional; 5 <appendix> member <vmtarget> ; # org/springframework/data/mapping/model/AnnotationBasedPersistentProperty$$Lambda+0x0000020a2896f6a8
instanceKlass  @bci org/springframework/data/mapping/model/AnnotationBasedPersistentProperty doFindAnnotation (Ljava/lang/Class;)Ljava/util/Optional; 26 <appendix> member <vmtarget> ; # org/springframework/data/mapping/model/AnnotationBasedPersistentProperty$$Lambda+0x0000020a2896f468
instanceKlass  @bci org/springframework/core/annotation/AnnotatedElementUtils getMergedAnnotation (Ljava/lang/reflect/AnnotatedElement;Ljava/lang/Class;)Ljava/lang/annotation/Annotation; 41 <appendix> argL0 ; # org/springframework/core/annotation/AnnotatedElementUtils$$Lambda+0x0000020a2896f220
instanceKlass  @bci org/springframework/data/mapping/model/AnnotationBasedPersistentProperty populateAnnotationCache (Lorg/springframework/data/mapping/model/Property;)V 37 <appendix> member <vmtarget> ; # org/springframework/data/mapping/model/AnnotationBasedPersistentProperty$$Lambda+0x0000020a2896eff0
instanceKlass  @bci org/springframework/data/util/Optionals lambda$toStream$0 (Ljava/util/Optional;)Ljava/util/stream/Stream; 9 <appendix> argL0 ; # org/springframework/data/util/Optionals$$Lambda+0x0000020a2896edd8
instanceKlass  @bci org/springframework/data/util/Optionals lambda$toStream$0 (Ljava/util/Optional;)Ljava/util/stream/Stream; 1 <appendix> argL0 ; # org/springframework/data/util/Optionals$$Lambda+0x0000020a2896eba0
instanceKlass  @bci org/springframework/data/mapping/model/AnnotationBasedPersistentProperty populateAnnotationCache (Lorg/springframework/data/mapping/model/Property;)V 22 <appendix> member <vmtarget> ; # org/springframework/data/mapping/model/AnnotationBasedPersistentProperty$$Lambda+0x0000020a2896e970
instanceKlass  @bci org/springframework/data/util/Optionals toStream ([Ljava/util/Optional;)Ljava/util/stream/Stream; 15 <appendix> argL0 ; # org/springframework/data/util/Optionals$$Lambda+0x0000020a2896e738
instanceKlass  @bci org/springframework/data/mapping/model/AnnotationBasedPersistentProperty <init> (Lorg/springframework/data/mapping/model/Property;Lorg/springframework/data/mapping/PersistentEntity;Lorg/springframework/data/mapping/model/SimpleTypeHolder;)V 98 <appendix> member <vmtarget> ; # org/springframework/data/mapping/model/AnnotationBasedPersistentProperty$$Lambda+0x0000020a2896e518
instanceKlass  @bci org/springframework/data/mapping/model/AnnotationBasedPersistentProperty <init> (Lorg/springframework/data/mapping/model/Property;Lorg/springframework/data/mapping/PersistentEntity;Lorg/springframework/data/mapping/model/SimpleTypeHolder;)V 85 <appendix> member <vmtarget> ; # org/springframework/data/mapping/model/AnnotationBasedPersistentProperty$$Lambda+0x0000020a2896e2f8
instanceKlass  @bci org/springframework/data/mapping/model/AnnotationBasedPersistentProperty <init> (Lorg/springframework/data/mapping/model/Property;Lorg/springframework/data/mapping/PersistentEntity;Lorg/springframework/data/mapping/model/SimpleTypeHolder;)V 72 <appendix> member <vmtarget> ; # org/springframework/data/mapping/model/AnnotationBasedPersistentProperty$$Lambda+0x0000020a2896e0d8
instanceKlass  @bci org/springframework/data/mapping/model/AnnotationBasedPersistentProperty <init> (Lorg/springframework/data/mapping/model/Property;Lorg/springframework/data/mapping/PersistentEntity;Lorg/springframework/data/mapping/model/SimpleTypeHolder;)V 59 <appendix> member <vmtarget> ; # org/springframework/data/mapping/model/AnnotationBasedPersistentProperty$$Lambda+0x0000020a2896deb8
instanceKlass  @bci org/springframework/data/mapping/model/AnnotationBasedPersistentProperty <init> (Lorg/springframework/data/mapping/model/Property;Lorg/springframework/data/mapping/PersistentEntity;Lorg/springframework/data/mapping/model/SimpleTypeHolder;)V 46 <appendix> member <vmtarget> ; # org/springframework/data/mapping/model/AnnotationBasedPersistentProperty$$Lambda+0x0000020a2896dc98
instanceKlass  @bci org/springframework/data/mapping/model/AnnotationBasedPersistentProperty <init> (Lorg/springframework/data/mapping/model/Property;Lorg/springframework/data/mapping/PersistentEntity;Lorg/springframework/data/mapping/model/SimpleTypeHolder;)V 33 <appendix> member <vmtarget> ; # org/springframework/data/mapping/model/AnnotationBasedPersistentProperty$$Lambda+0x0000020a2896da78
instanceKlass  @bci org/springframework/data/mapping/model/AnnotationBasedPersistentProperty <init> (Lorg/springframework/data/mapping/model/Property;Lorg/springframework/data/mapping/PersistentEntity;Lorg/springframework/data/mapping/model/SimpleTypeHolder;)V 20 <appendix> member <vmtarget> ; # org/springframework/data/mapping/model/AnnotationBasedPersistentProperty$$Lambda+0x0000020a2896d858
instanceKlass  @bci org/springframework/data/mapping/model/AbstractPersistentProperty <init> (Lorg/springframework/data/mapping/model/Property;Lorg/springframework/data/mapping/PersistentEntity;Lorg/springframework/data/mapping/model/SimpleTypeHolder;)V 262 <appendix> member <vmtarget> ; # org/springframework/data/mapping/model/AbstractPersistentProperty$$Lambda+0x0000020a2896d638
instanceKlass  @bci org/springframework/data/mapping/model/Property findWither (Lorg/springframework/data/util/TypeInformation;Ljava/lang/String;Ljava/lang/Class;)Ljava/util/Optional; 42 <appendix> member <vmtarget> ; # org/springframework/data/mapping/model/Property$$Lambda+0x0000020a2896d408
instanceKlass  @bci org/springframework/data/mapping/model/Property findWither (Lorg/springframework/data/util/TypeInformation;Ljava/lang/String;Ljava/lang/Class;)Ljava/util/Optional; 34 <appendix> member <vmtarget> ; # org/springframework/data/mapping/model/Property$$Lambda+0x0000020a2896d1e8
instanceKlass  @bci org/springframework/data/mapping/model/AbstractPersistentProperty <init> (Lorg/springframework/data/mapping/model/Property;Lorg/springframework/data/mapping/PersistentEntity;Lorg/springframework/data/mapping/model/SimpleTypeHolder;)V 152 <appendix> member <vmtarget> ; # org/springframework/data/mapping/model/AbstractPersistentProperty$$Lambda+0x0000020a2896cfc8
instanceKlass  @bci org/springframework/data/mapping/model/AbstractPersistentProperty <init> (Lorg/springframework/data/mapping/model/Property;Lorg/springframework/data/mapping/PersistentEntity;Lorg/springframework/data/mapping/model/SimpleTypeHolder;)V 113 <appendix> member <vmtarget> ; # org/springframework/data/mapping/model/AbstractPersistentProperty$$Lambda+0x0000020a2896cda8
instanceKlass  @bci org/springframework/data/mapping/model/AbstractPersistentProperty <init> (Lorg/springframework/data/mapping/model/Property;Lorg/springframework/data/mapping/PersistentEntity;Lorg/springframework/data/mapping/model/SimpleTypeHolder;)V 100 <appendix> member <vmtarget> ; # org/springframework/data/mapping/model/AbstractPersistentProperty$$Lambda+0x0000020a2896cb88
instanceKlass  @bci org/springframework/data/mapping/model/AbstractPersistentProperty <init> (Lorg/springframework/data/mapping/model/Property;Lorg/springframework/data/mapping/PersistentEntity;Lorg/springframework/data/mapping/model/SimpleTypeHolder;)V 86 <appendix> member <vmtarget> ; # org/springframework/data/mapping/model/AbstractPersistentProperty$$Lambda+0x0000020a2896c968
instanceKlass  @bci org/springframework/data/mapping/model/AbstractPersistentProperty <init> (Lorg/springframework/data/mapping/model/Property;Lorg/springframework/data/mapping/PersistentEntity;Lorg/springframework/data/mapping/model/SimpleTypeHolder;)V 63 <appendix> member <vmtarget> ; # org/springframework/data/mapping/model/AbstractPersistentProperty$$Lambda+0x0000020a2896c748
instanceKlass org/springframework/data/mapping/Association
instanceKlass  @bci org/springframework/data/mapping/model/Property lambda$new$3 ()Ljava/lang/String; 6 <appendix> argL0 ; # org/springframework/data/mapping/model/Property$$Lambda+0x0000020a2896c2f8
instanceKlass  @bci org/springframework/data/mapping/model/Property lambda$new$3 ()Ljava/lang/String; 1 <appendix> argL0 ; # org/springframework/data/mapping/model/Property$$Lambda+0x0000020a2896c0c0
instanceKlass org/springframework/data/mapping/model/AbstractPersistentProperty
instanceKlass  @bci org/springframework/data/mapping/context/AbstractMappingContext$PersistentPropertyCreator doWith (Ljava/lang/reflect/Field;)V 47 <appendix> member <vmtarget> ; # org/springframework/data/mapping/context/AbstractMappingContext$PersistentPropertyCreator$$Lambda+0x0000020a2896af70
instanceKlass  @bci org/springframework/data/mapping/model/Property <init> (Lorg/springframework/data/util/TypeInformation;Ljava/util/Optional;Ljava/util/Optional;)V 170 <appendix> member <vmtarget> ; # org/springframework/data/mapping/model/Property$$Lambda+0x0000020a2896ad50
instanceKlass  @bci org/springframework/data/util/TypeDiscoverer getParameterTypes (Ljava/lang/reflect/Method;)Ljava/util/List; 34 <appendix> argL0 ; # org/springframework/data/util/TypeDiscoverer$$Lambda+0x0000020a2896ab18
instanceKlass  @bci org/springframework/data/util/TypeDiscoverer getParameterTypes (Ljava/lang/reflect/Method;)Ljava/util/List; 24 <appendix> member <vmtarget> ; # org/springframework/data/util/TypeDiscoverer$$Lambda+0x0000020a2896a8d8
instanceKlass  @bci org/springframework/data/util/TypeDiscoverer getParameterTypes (Ljava/lang/reflect/Method;)Ljava/util/List; 13 <appendix> argL0 ; # org/springframework/data/util/TypeDiscoverer$$Lambda+0x0000020a2896a6a0
instanceKlass  @bci org/springframework/data/mapping/model/Property <init> (Lorg/springframework/data/util/TypeInformation;Ljava/util/Optional;Ljava/util/Optional;)V 156 <appendix> member <vmtarget> ; # org/springframework/data/mapping/model/Property$$Lambda+0x0000020a2896a450
instanceKlass  @bci org/springframework/data/mapping/model/Property <init> (Lorg/springframework/data/util/TypeInformation;Ljava/util/Optional;Ljava/util/Optional;)V 146 <appendix> member <vmtarget> ; # org/springframework/data/mapping/model/Property$$Lambda+0x0000020a2896a200
instanceKlass  @bci org/springframework/data/mapping/model/Property <init> (Lorg/springframework/data/util/TypeInformation;Ljava/util/Optional;Ljava/util/Optional;)V 137 <appendix> argL0 ; # org/springframework/data/mapping/model/Property$$Lambda+0x0000020a28969fc8
instanceKlass  @bci org/springframework/data/mapping/model/Property <init> (Lorg/springframework/data/util/TypeInformation;Ljava/util/Optional;Ljava/util/Optional;)V 124 <appendix> member <vmtarget> ; # org/springframework/data/mapping/model/Property$$Lambda+0x0000020a28969d78
instanceKlass  @bci org/springframework/data/mapping/model/Property <init> (Lorg/springframework/data/util/TypeInformation;Ljava/util/Optional;Ljava/util/Optional;)V 114 <appendix> member <vmtarget> ; # org/springframework/data/mapping/model/Property$$Lambda+0x0000020a28969b28
instanceKlass  @bci org/springframework/data/mapping/model/Property <init> (Lorg/springframework/data/util/TypeInformation;Ljava/util/Optional;Ljava/util/Optional;)V 105 <appendix> argL0 ; # org/springframework/data/mapping/model/Property$$Lambda+0x0000020a289698f0
instanceKlass  @bci org/springframework/data/mapping/model/Property <init> (Lorg/springframework/data/util/TypeInformation;Ljava/util/Optional;Ljava/util/Optional;)V 92 <appendix> member <vmtarget> ; # org/springframework/data/mapping/model/Property$$Lambda+0x0000020a289696d0
instanceKlass  @bci org/springframework/data/mapping/model/Property <init> (Lorg/springframework/data/util/TypeInformation;Ljava/util/Optional;Ljava/util/Optional;)V 78 <appendix> member <vmtarget> ; # org/springframework/data/mapping/model/Property$$Lambda+0x0000020a289694b0
instanceKlass  @bci org/springframework/data/mapping/model/Property <init> (Lorg/springframework/data/util/TypeInformation;Ljava/util/Optional;Ljava/util/Optional;)V 65 <appendix> member <vmtarget> ; # org/springframework/data/mapping/model/Property$$Lambda+0x0000020a28969290
instanceKlass  @bci org/springframework/data/mapping/model/Property withFieldOrDescriptor (Ljava/util/function/Function;Ljava/util/function/Function;)Ljava/lang/Object; 27 <appendix> argL0 ; # org/springframework/data/mapping/model/Property$$Lambda+0x0000020a28969078
instanceKlass org/springframework/core/SerializableTypeWrapper$FieldTypeProvider
instanceKlass  @bci org/springframework/data/util/TypeDiscoverer getProperty (Ljava/lang/String;)Lorg/springframework/data/util/TypeInformation; 18 <appendix> member <vmtarget> ; # org/springframework/data/util/TypeDiscoverer$$Lambda+0x0000020a28968c00
instanceKlass  @bci org/springframework/data/util/Optionals firstNonEmpty (Ljava/lang/Iterable;)Ljava/util/Optional; 25 <appendix> argL0 ; # org/springframework/data/util/Optionals$$Lambda+0x0000020a289689b8
instanceKlass  @bci org/springframework/data/util/Optionals firstNonEmpty (Ljava/lang/Iterable;)Ljava/util/Optional; 15 <appendix> argL0 ; # org/springframework/data/util/Optionals$$Lambda+0x0000020a28968780
instanceKlass  @bci org/springframework/data/util/Streamable of ([Ljava/lang/Object;)Lorg/springframework/data/util/Streamable; 1 <appendix> member <vmtarget> ; # org/springframework/data/util/Streamable$$Lambda+0x0000020a28968440
instanceKlass  @bci org/springframework/data/mapping/model/Property withFieldOrDescriptor (Ljava/util/function/Function;Ljava/util/function/Function;)Ljava/lang/Object; 18 <appendix> member <vmtarget> ; # org/springframework/data/mapping/model/Property$$Lambda+0x0000020a28968220
instanceKlass  @bci org/springframework/data/mapping/model/Property withFieldOrDescriptor (Ljava/util/function/Function;Ljava/util/function/Function;)Ljava/lang/Object; 8 <appendix> member <vmtarget> ; # org/springframework/data/mapping/model/Property$$Lambda+0x0000020a28968000
instanceKlass  @bci org/springframework/data/mapping/model/Property <init> (Lorg/springframework/data/util/TypeInformation;Ljava/util/Optional;Ljava/util/Optional;)V 49 <appendix> member <vmtarget> ; # org/springframework/data/mapping/model/Property$$Lambda+0x0000020a28967d58
instanceKlass  @bci org/springframework/data/mapping/model/Property <init> (Lorg/springframework/data/util/TypeInformation;Ljava/util/Optional;Ljava/util/Optional;)V 43 <appendix> member <vmtarget> ; # org/springframework/data/mapping/model/Property$$Lambda+0x0000020a28967b18
instanceKlass  @bci org/springframework/data/util/Optionals isAnyPresent ([Ljava/util/Optional;)Z 10 <appendix> argL0 ; # org/springframework/data/util/Optionals$$Lambda+0x0000020a289678d0
instanceKlass org/springframework/data/util/Optionals
instanceKlass  @bci org/springframework/data/mapping/context/AbstractMappingContext$PersistentPropertyCreator doWith (Ljava/lang/reflect/Field;)V 37 <appendix> member <vmtarget> ; # org/springframework/data/mapping/context/AbstractMappingContext$PersistentPropertyCreator$$Lambda+0x0000020a28967498
instanceKlass org/springframework/data/util/KotlinReflectionUtils
instanceKlass  @bci org/springframework/data/mapping/context/AbstractMappingContext$PersistentPropertyFilter matches (Ljava/lang/reflect/Field;)Z 21 <appendix> member <vmtarget> ; # org/springframework/data/mapping/context/AbstractMappingContext$PersistentPropertyFilter$$Lambda+0x0000020a28967048
instanceKlass org/springframework/data/mapping/context/AbstractMappingContext$PersistentPropertyFilter$PropertyMatch
instanceKlass org/springframework/data/mapping/context/AbstractMappingContext$PersistentPropertyCreator
instanceKlass  @bci org/springframework/data/mapping/model/BasicPersistentEntity <init> (Lorg/springframework/data/util/TypeInformation;Ljava/util/Comparator;)V 193 <appendix> member <vmtarget> ; # org/springframework/data/mapping/model/BasicPersistentEntity$$Lambda+0x0000020a28966180
instanceKlass  @bci org/springframework/data/mapping/model/BasicPersistentEntity <init> (Lorg/springframework/data/util/TypeInformation;Ljava/util/Comparator;)V 180 <appendix> member <vmtarget> ; # org/springframework/data/mapping/model/BasicPersistentEntity$$Lambda+0x0000020a28965f60
instanceKlass  @bci org/springframework/data/mapping/model/BasicPersistentEntity <init> (Lorg/springframework/data/util/TypeInformation;Ljava/util/Comparator;)V 167 <appendix> member <vmtarget> ; # org/springframework/data/mapping/model/BasicPersistentEntity$$Lambda+0x0000020a28965d40
instanceKlass  @bci org/springframework/data/mapping/model/BasicPersistentEntity <init> (Lorg/springframework/data/util/TypeInformation;Ljava/util/Comparator;)V 153 <appendix> member <vmtarget> ; # org/springframework/data/mapping/model/BasicPersistentEntity$$Lambda+0x0000020a28965b20
instanceKlass org/springframework/data/mapping/Alias
instanceKlass org/springframework/data/mapping/Parameter
instanceKlass org/springframework/data/mapping/InstanceCreatorMetadataSupport
instanceKlass  @bci org/springframework/core/annotation/AnnotationUtils findAnnotation (Ljava/lang/reflect/AnnotatedElement;Ljava/lang/Class;)Ljava/lang/annotation/Annotation; 54 <appendix> argL0 ; # org/springframework/core/annotation/AnnotationUtils$$Lambda+0x0000020a28964760
instanceKlass org/springframework/data/mapping/model/PreferredConstructorDiscoverer
instanceKlass org/springframework/data/annotation/PersistenceCreator
instanceKlass org/springframework/data/mapping/model/InstanceCreatorMetadataDiscoverer
instanceKlass  @bci org/springframework/data/jpa/mapping/JpaMetamodelMappingContext$Metamodels getRequiredMetamodel (Lorg/springframework/data/util/TypeInformation;)Lorg/springframework/data/jpa/util/JpaMetamodel; 8 <appendix> member <vmtarget> ; # org/springframework/data/jpa/mapping/JpaMetamodelMappingContext$Metamodels$$Lambda+0x0000020a28963440
instanceKlass  @bci org/springframework/data/jpa/util/JpaMetamodel <init> (Ljakarta/persistence/metamodel/Metamodel;)V 30 <appendix> member <vmtarget> ; # org/springframework/data/jpa/util/JpaMetamodel$$Lambda+0x0000020a28963220
instanceKlass  @bci org/springframework/data/jpa/util/JpaMetamodel <init> (Ljakarta/persistence/metamodel/Metamodel;)V 17 <appendix> member <vmtarget> ; # org/springframework/data/jpa/util/JpaMetamodel$$Lambda+0x0000020a28963000
instanceKlass  @bci org/springframework/data/jpa/util/JpaMetamodel of (Ljakarta/persistence/metamodel/Metamodel;)Lorg/springframework/data/jpa/util/JpaMetamodel; 4 <appendix> argL0 ; # org/springframework/data/jpa/util/JpaMetamodel$$Lambda+0x0000020a28962dc8
instanceKlass org/springframework/data/jpa/util/JpaMetamodel
instanceKlass org/springframework/data/annotation/Version
instanceKlass org/springframework/data/mapping/IdentifierAccessor
instanceKlass org/springframework/data/mapping/PersistentPropertyPathAccessor
instanceKlass org/springframework/data/support/IsNewStrategy
instanceKlass  @bci org/springframework/data/jpa/util/HibernateProxyDetector getUserType (Ljava/lang/Class;)Ljava/lang/Class; 12 <appendix> argL0 ; # org/springframework/data/jpa/util/HibernateProxyDetector$$Lambda+0x0000020a28962180
instanceKlass  @bci org/springframework/data/jpa/util/HibernateProxyDetector getUserType (Ljava/lang/Class;)Ljava/lang/Class; 4 <appendix> member <vmtarget> ; # org/springframework/data/jpa/util/HibernateProxyDetector$$Lambda+0x0000020a28961f40
instanceKlass  @bci org/springframework/data/util/ProxyUtils getUserClass (Ljava/lang/Class;)Ljava/lang/Class; 10 <appendix> argL0 ; # org/springframework/data/util/ProxyUtils$$Lambda+0x0000020a28961d08
instanceKlass  @bci org/springframework/data/util/ProxyUtils <clinit> ()V 26 <appendix> argL0 ; # org/springframework/data/util/ProxyUtils$$Lambda+0x0000020a28961af0
instanceKlass org/springframework/data/jpa/util/HibernateProxyDetector
instanceKlass org/springframework/data/util/ProxyUtils$ProxyDetector
instanceKlass org/springframework/data/util/ProxyUtils
instanceKlass  @bci org/springframework/data/repository/core/support/RepositoryFactoryBeanSupport afterPropertiesSet ()V 213 <appendix> member <vmtarget> ; # org/springframework/data/repository/core/support/RepositoryFactoryBeanSupport$$Lambda+0x0000020a289612a8
instanceKlass  @bci org/springframework/data/repository/core/support/RepositoryFactoryBeanSupport afterPropertiesSet ()V 197 <appendix> member <vmtarget> ; # org/springframework/data/repository/core/support/RepositoryFactoryBeanSupport$$Lambda+0x0000020a28961088
instanceKlass  @bci org/springframework/data/repository/core/support/RepositoryFactoryBeanSupport afterPropertiesSet ()V 163 <appendix> argL0 ; # org/springframework/data/repository/core/support/RepositoryFactoryBeanSupport$$Lambda+0x0000020a28960e70
instanceKlass  @bci org/springframework/data/repository/core/support/RepositoryFactoryBeanSupport afterPropertiesSet ()V 147 <appendix> argL0 ; # org/springframework/data/repository/core/support/RepositoryFactoryBeanSupport$$Lambda+0x0000020a28960c58
instanceKlass  @bci org/springframework/data/repository/core/support/RepositoryFactoryBeanSupport afterPropertiesSet ()V 139 <appendix> argL0 ; # org/springframework/data/repository/core/support/RepositoryFactoryBeanSupport$$Lambda+0x0000020a28960a20
instanceKlass org/springframework/boot/actuate/metrics/AutoTimer$1
instanceKlass  @bci org/springframework/boot/actuate/metrics/AutoTimer <clinit> ()V 0 <appendix> argL0 ; # org/springframework/boot/actuate/metrics/AutoTimer$$Lambda+0x0000020a28960588
instanceKlass io/micrometer/core/instrument/AbstractTimerBuilder
instanceKlass org/springframework/boot/actuate/autoconfigure/metrics/PropertiesAutoTimer
instanceKlass  @bci org/springframework/boot/actuate/autoconfigure/metrics/data/RepositoryMetricsAutoConfiguration metricsRepositoryMethodInvocationListener (Lorg/springframework/beans/factory/ObjectProvider;Lorg/springframework/boot/actuate/metrics/data/RepositoryTagsProvider;)Lorg/springframework/boot/actuate/metrics/data/MetricsRepositoryMethodInvocationListener; 21 <appendix> member <vmtarget> ; # org/springframework/boot/actuate/autoconfigure/metrics/data/RepositoryMetricsAutoConfiguration$$Lambda+0x0000020a2895dae8
instanceKlass org/springframework/data/repository/core/support/RepositoryMethodInvocationListener$RepositoryMethodInvocation
instanceKlass io/micrometer/core/instrument/Tags
instanceKlass io/micrometer/core/instrument/ImmutableTag
instanceKlass io/micrometer/core/instrument/Tag
instanceKlass org/springframework/boot/actuate/autoconfigure/metrics/MetricsProperties$System$Diskspace
instanceKlass org/springframework/boot/actuate/autoconfigure/metrics/AutoTimeProperties
instanceKlass org/springframework/boot/actuate/autoconfigure/metrics/MetricsProperties$Data$Repository
instanceKlass org/springframework/boot/actuate/autoconfigure/metrics/MetricsProperties$Web$Server
instanceKlass org/springframework/boot/actuate/autoconfigure/metrics/MetricsProperties$Web$Client
instanceKlass  @bci org/springframework/data/repository/core/support/RepositoryFactoryBeanSupport afterPropertiesSet ()V 125 <appendix> member <vmtarget> ; # org/springframework/data/repository/core/support/RepositoryFactoryBeanSupport$$Lambda+0x0000020a2895f538
instanceKlass  @bci org/springframework/data/repository/core/support/RepositoryFactoryBeanSupport afterPropertiesSet ()V 112 <appendix> member <vmtarget> ; # org/springframework/data/repository/core/support/RepositoryFactoryBeanSupport$$Lambda+0x0000020a2895f308
instanceKlass org/springframework/data/repository/core/support/EventPublishingRepositoryProxyPostProcessor
instanceKlass org/springframework/data/jpa/repository/query/BeanFactoryQueryRewriterProvider
instanceKlass  @bci org/springframework/data/repository/core/support/RepositoryFactoryBeanSupport afterPropertiesSet ()V 38 <appendix> argL0 ; # org/springframework/data/repository/core/support/RepositoryFactoryBeanSupport$$Lambda+0x0000020a2895eca0
instanceKlass org/springframework/data/jpa/repository/support/QueryHints
instanceKlass org/springframework/aop/framework/JdkDynamicAopProxy$ProxiedInterfacesCache
instanceKlass org/springframework/aop/framework/JdkDynamicAopProxy
instanceKlass org/springframework/data/jpa/repository/support/CrudMethodMetadataPostProcessor$ThreadBoundTargetSource
instanceKlass org/springframework/data/jpa/repository/support/CrudMethodMetadata
instanceKlass org/springframework/aop/framework/AopProxy
instanceKlass org/springframework/aop/framework/DefaultAopProxyFactory
instanceKlass org/springframework/aop/framework/DefaultAdvisorChainFactory
instanceKlass org/springframework/aop/target/EmptyTargetSource
instanceKlass org/springframework/aop/framework/AopProxyFactory
instanceKlass org/springframework/aop/framework/AdvisorChainFactory
instanceKlass  @bci org/springframework/data/jpa/repository/support/JpaRepositoryFactory <init> (Ljakarta/persistence/EntityManager;)V 79 <appendix> argL0 ; # org/springframework/data/jpa/repository/support/JpaRepositoryFactory$$Lambda+0x0000020a2895b2c0
instanceKlass  @bci org/springframework/data/jpa/repository/query/QueryRewriterProvider simple ()Lorg/springframework/data/jpa/repository/query/QueryRewriterProvider; 0 <appendix> argL0 ; # org/springframework/data/jpa/repository/query/QueryRewriterProvider$$Lambda+0x0000020a2895b0a8
instanceKlass org/springframework/data/jpa/repository/QueryRewriter
instanceKlass org/springframework/data/jpa/repository/query/DefaultJpaQueryMethodFactory
instanceKlass org/springframework/data/jpa/repository/support/CrudMethodMetadataPostProcessor
instanceKlass  @bci org/hibernate/resource/jdbc/internal/ResourceRegistryStandardImpl releaseResources ()V 30 <appendix> argL0 ; # org/hibernate/resource/jdbc/internal/ResourceRegistryStandardImpl$$Lambda+0x0000020a2895a4c8
# instanceKlass java/lang/invoke/LambdaForm$MH+0x0000020a2895c400
# instanceKlass java/lang/invoke/LambdaForm$MH+0x0000020a2895c000
instanceKlass org/hibernate/resource/transaction/backend/jta/internal/JtaTransactionCoordinatorImpl
instanceKlass org/hibernate/resource/transaction/backend/jta/internal/synchronization/SynchronizationCallbackTarget
instanceKlass org/springframework/orm/jpa/ExtendedEntityManagerCreator$ExtendedEntityManagerInvocationHandler
instanceKlass  @bci org/springframework/orm/jpa/ExtendedEntityManagerCreator createProxy (Ljakarta/persistence/EntityManager;Ljava/lang/Class;Ljava/lang/ClassLoader;Lorg/springframework/dao/support/PersistenceExceptionTranslator;Ljava/lang/Boolean;ZZ)Ljakarta/persistence/EntityManager; 14 <appendix> argL0 ; # org/springframework/orm/jpa/ExtendedEntityManagerCreator$$Lambda+0x0000020a28959b08
instanceKlass org/springframework/orm/jpa/ExtendedEntityManagerCreator
instanceKlass org/hibernate/stat/internal/AbstractCacheableDataStatistics
instanceKlass org/hibernate/stat/internal/QueryStatisticsImpl
instanceKlass org/hibernate/stat/internal/CacheRegionStatisticsImpl
instanceKlass  @bci org/hibernate/stat/internal/StatisticsImpl <init> (Lorg/hibernate/engine/spi/SessionFactoryImplementor;)V 601 <appendix> member <vmtarget> ; # org/hibernate/stat/internal/StatisticsImpl$$Lambda+0x0000020a289585b8
instanceKlass  @bci org/hibernate/stat/internal/StatisticsImpl <init> (Lorg/hibernate/engine/spi/SessionFactoryImplementor;)V 559 <appendix> member <vmtarget> ; # org/hibernate/stat/internal/StatisticsImpl$$Lambda+0x0000020a28957ca0
instanceKlass org/hibernate/stat/internal/StatsNamedContainer
instanceKlass org/hibernate/stat/NaturalIdStatistics
instanceKlass org/hibernate/stat/CollectionStatistics
instanceKlass org/hibernate/stat/EntityStatistics
instanceKlass org/hibernate/stat/CacheableDataStatistics
instanceKlass org/hibernate/stat/QueryStatistics
instanceKlass org/hibernate/stat/CacheRegionStatistics
instanceKlass org/hibernate/stat/internal/StatisticsImpl
instanceKlass org/hibernate/engine/spi/ExecutableList$Sorter
instanceKlass org/hibernate/engine/spi/ActionQueue
instanceKlass org/hibernate/engine/internal/EntityEntryContext
instanceKlass org/hibernate/engine/spi/EntityHolder
instanceKlass org/hibernate/engine/spi/NaturalIdResolutions
instanceKlass org/hibernate/engine/internal/StatefulPersistenceContext
instanceKlass org/hibernate/internal/NonContextualJdbcConnectionAccess
instanceKlass  @bci org/hibernate/internal/AbstractSharedSessionContract createJdbcSessionContext (Lorg/hibernate/resource/jdbc/spi/StatementInspector;)Lorg/hibernate/internal/JdbcSessionContextImpl; 43 <appendix> member <vmtarget> ; # org/hibernate/internal/AbstractSharedSessionContract$$Lambda+0x0000020a28953050
instanceKlass org/hibernate/internal/JdbcObserverImpl
instanceKlass org/hibernate/internal/JdbcSessionContextImpl
instanceKlass org/hibernate/internal/SharedSessionCreationOptions
instanceKlass org/hibernate/resource/jdbc/internal/EmptyStatementInspector
instanceKlass org/hibernate/engine/internal/SessionEventListenerManagerImpl
instanceKlass org/hibernate/cache/internal/NoCachingTransactionSynchronizationImpl
instanceKlass org/hibernate/engine/transaction/spi/TransactionObserver
instanceKlass org/hibernate/resource/transaction/spi/TransactionObserver
instanceKlass org/hibernate/engine/spi/PersistenceContext
instanceKlass org/hibernate/engine/transaction/spi/TransactionImplementor
instanceKlass org/hibernate/graph/spi/RootGraphImplementor
instanceKlass org/hibernate/query/TupleTransformer
instanceKlass org/hibernate/engine/spi/ExceptionConverter
instanceKlass org/hibernate/query/sql/spi/NativeQueryImplementor
instanceKlass org/hibernate/query/spi/QueryImplementor
instanceKlass org/hibernate/engine/spi/SessionEventListenerManager
instanceKlass org/hibernate/internal/AbstractSharedSessionContract
instanceKlass org/hibernate/loader/internal/LoadAccessContext
instanceKlass org/hibernate/event/spi/EventSource
instanceKlass org/springframework/transaction/support/TransactionSynchronizationUtils$ScopedProxyUnwrapper
instanceKlass org/springframework/core/InfrastructureProxy
instanceKlass org/springframework/aop/scope/ScopedObject
instanceKlass org/springframework/aop/RawTargetAccess
instanceKlass org/springframework/transaction/support/TransactionSynchronizationUtils
instanceKlass org/springframework/transaction/support/TransactionSynchronizationManager
instanceKlass org/springframework/transaction/support/TransactionSynchronization
instanceKlass org/springframework/orm/jpa/EntityManagerFactoryUtils
instanceKlass  @bci org/springframework/data/repository/core/support/RepositoryFactorySupport createProjectionFactory ()Lorg/springframework/data/util/Lazy; 1 <appendix> member <vmtarget> ; # org/springframework/data/repository/core/support/RepositoryFactorySupport$$Lambda+0x0000020a28949da8
instanceKlass  @bci org/springframework/data/util/Lazy of (Ljava/lang/Object;)Lorg/springframework/data/util/Lazy; 11 <appendix> member <vmtarget> ; # org/springframework/data/util/Lazy$$Lambda+0x0000020a28949b88
instanceKlass org/springframework/data/repository/core/support/RepositoryFactorySupport$QueryCollectingQueryCreationListener
instanceKlass org/springframework/data/repository/util/QueryExecutionConverters$IterableToStreamableConverter
instanceKlass org/springframework/util/concurrent/SuccessCallback
instanceKlass org/springframework/util/concurrent/FailureCallback
instanceKlass org/springframework/scheduling/annotation/AsyncResult
instanceKlass  @bci org/springframework/data/repository/util/QueryExecutionConverters$AbstractWrapperTypeConverter getConvertibleTypes ()Ljava/util/Set; 7 <appendix> argL0 ; # org/springframework/data/repository/util/QueryExecutionConverters$AbstractWrapperTypeConverter$$Lambda+0x0000020a28948460
instanceKlass  @bci org/springframework/data/util/CustomCollections registerConvertersIn (Lorg/springframework/core/convert/converter/ConverterRegistry;)V 10 <appendix> member <vmtarget> ; # org/springframework/data/util/CustomCollections$$Lambda+0x0000020a28948230
instanceKlass  @bci org/springframework/data/repository/util/QueryExecutionConverters <clinit> ()V 290 <appendix> member <vmtarget> ; # org/springframework/data/repository/util/QueryExecutionConverters$$Lambda+0x0000020a28948000
instanceKlass  @bci org/springframework/data/repository/util/QueryExecutionConverters <clinit> ()V 269 <appendix> member <vmtarget> ; # org/springframework/data/repository/util/QueryExecutionConverters$$Lambda+0x0000020a28944400
instanceKlass  @bci org/springframework/data/repository/util/QueryExecutionConverters <clinit> ()V 251 <appendix> argL0 ; # org/springframework/data/repository/util/QueryExecutionConverters$$Lambda+0x0000020a28944c70
instanceKlass  @bci java/util/stream/Collectors toUnmodifiableSet ()Ljava/util/stream/Collector; 19 <appendix> argL0 ; # java/util/stream/Collectors$$Lambda+0x0000020a286a4ff8
instanceKlass  @bci java/util/stream/Collectors toUnmodifiableSet ()Ljava/util/stream/Collector; 14 <appendix> argL0 ; # java/util/stream/Collectors$$Lambda+0x0000020a286ac168
instanceKlass  @bci java/util/stream/Collectors toUnmodifiableSet ()Ljava/util/stream/Collector; 9 <appendix> argL0 ; # java/util/stream/Collectors$$Lambda+0x0000020a284f1bc8
instanceKlass  @bci java/util/stream/Collectors toUnmodifiableSet ()Ljava/util/stream/Collector; 4 <appendix> argL0 ; # java/util/stream/Collectors$$Lambda+0x0000020a286a8008
instanceKlass  @bci org/springframework/data/util/CustomCollections getUnwrappers ()Ljava/util/Set; 8 <appendix> argL0 ; # org/springframework/data/util/CustomCollections$$Lambda+0x0000020a28944a38
instanceKlass  @bci org/springframework/data/util/CustomCollections$SearchableTypes <clinit> ()V 16 <appendix> argL0 ; # org/springframework/data/util/CustomCollections$SearchableTypes$$Lambda+0x0000020a28944800
instanceKlass  @bci org/springframework/data/util/CustomCollections$SearchableTypes <clinit> ()V 8 <appendix> argL0 ; # org/springframework/data/util/CustomCollections$SearchableTypes$$Lambda+0x0000020a28945db8
instanceKlass  @bci org/springframework/data/util/CustomCollections$SearchableTypes <clinit> ()V 0 <appendix> argL0 ; # org/springframework/data/util/CustomCollections$SearchableTypes$$Lambda+0x0000020a28945b70
instanceKlass org/springframework/data/util/CustomCollections$SearchableTypes
instanceKlass  @bci org/springframework/data/util/CustomCollections <clinit> ()V 90 <appendix> argL0 ; # org/springframework/data/util/CustomCollections$$Lambda+0x0000020a28945728
instanceKlass  @bci org/springframework/data/util/CustomCollections <clinit> ()V 69 <appendix> argL0 ; # org/springframework/data/util/CustomCollections$$Lambda+0x0000020a289454e0
instanceKlass org/springframework/data/util/CustomCollections$EclipseCollections
instanceKlass org/springframework/data/util/CustomCollections$VavrCollections
instanceKlass org/springframework/data/util/CustomCollectionRegistrar
instanceKlass org/springframework/data/util/CustomCollections
instanceKlass org/springframework/data/repository/util/QueryExecutionConverters$AbstractWrapperTypeConverter
instanceKlass org/springframework/data/domain/Window
instanceKlass org/springframework/util/concurrent/ListenableFuture
instanceKlass org/springframework/data/repository/util/QueryExecutionConverters$WrapperType
instanceKlass org/springframework/data/repository/util/QueryExecutionConverters
instanceKlass org/springframework/data/jpa/repository/support/JpaRepositoryConfigurationAware
instanceKlass org/springframework/data/jpa/repository/query/QueryRewriterProvider
instanceKlass org/springframework/data/repository/core/support/QueryCreationListener
instanceKlass org/springframework/data/repository/core/support/PersistenceExceptionTranslationRepositoryProxyPostProcessor
instanceKlass org/springframework/data/repository/core/support/TransactionalRepositoryProxyPostProcessor
instanceKlass  @bci org/springframework/data/spel/ExtensionAwareEvaluationContextProvider <init> (Lorg/springframework/beans/factory/ListableBeanFactory;)V 2 <appendix> member <vmtarget> ; # org/springframework/data/spel/ExtensionAwareEvaluationContextProvider$$Lambda+0x0000020a28943c58
instanceKlass org/springframework/expression/MethodResolver
instanceKlass org/springframework/data/spel/ExtensionAwareEvaluationContextProvider
instanceKlass org/springframework/data/repository/query/ExtensionAwareQueryMethodEvaluationContextProvider
instanceKlass org/aspectj/weaver/SourceContextImpl$1
instanceKlass org/aspectj/weaver/SourceContextImpl
instanceKlass org/aspectj/weaver/AbstractReferenceTypeDelegate
# instanceKlass java/lang/invoke/LambdaForm$MH+0x0000020a28944000
instanceKlass org/springframework/data/mapping/PropertyPath
instanceKlass org/springframework/data/mapping/PersistentPropertyPaths
instanceKlass org/springframework/data/mapping/model/BasicPersistentEntity
instanceKlass org/springframework/data/jpa/mapping/JpaPersistentEntity
instanceKlass org/springframework/data/mapping/model/Property
instanceKlass  @bci org/springframework/data/mapping/context/AbstractMappingContext initialize ()V 5 <appendix> member <vmtarget> ; # org/springframework/data/mapping/context/AbstractMappingContext$$Lambda+0x0000020a28940bc8
instanceKlass org/springframework/data/jpa/provider/JpaClassUtils
instanceKlass org/hibernate/query/TypedParameterValue
instanceKlass org/springframework/data/util/CloseableIterator
instanceKlass org/springframework/data/jpa/provider/QueryComment
instanceKlass org/springframework/data/jpa/provider/QueryExtractor
instanceKlass org/springframework/data/jpa/mapping/JpaMetamodelMappingContext$Metamodels
instanceKlass org/springframework/data/mapping/model/InstantiationAwarePropertyAccessorFactory
instanceKlass  @bci org/springframework/data/mapping/model/ClassGeneratingPropertyAccessorFactory <init> ()V 50 <appendix> argL0 ; # org/springframework/data/mapping/model/ClassGeneratingPropertyAccessorFactory$$Lambda+0x0000020a2893e678
instanceKlass  @bci org/springframework/data/mapping/model/ClassGeneratingPropertyAccessorFactory <init> ()V 5 <appendix> argL0 ; # org/springframework/data/mapping/model/ClassGeneratingPropertyAccessorFactory$$Lambda+0x0000020a2893e230
instanceKlass org/springframework/data/mapping/PersistentPropertyAccessor
instanceKlass org/springframework/data/mapping/model/ClassGeneratingPropertyAccessorFactory
instanceKlass org/springframework/data/mapping/model/ClassGeneratingEntityInstantiator$ObjectInstantiator
instanceKlass org/springframework/data/mapping/model/ClassGeneratingEntityInstantiator$ObjectInstantiatorClassGenerator
instanceKlass org/springframework/data/mapping/InstanceCreatorMetadata
instanceKlass org/springframework/data/mapping/model/ClassGeneratingEntityInstantiator
instanceKlass org/springframework/data/mapping/model/EntityInstantiator
instanceKlass org/springframework/data/mapping/model/EntityInstantiators
instanceKlass  @bci org/springframework/data/mapping/context/PersistentPropertyPathFactory <clinit> ()V 0 <appendix> argL0 ; # org/springframework/data/mapping/context/PersistentPropertyPathFactory$$Lambda+0x0000020a2893cd30
instanceKlass org/springframework/data/mapping/PersistentPropertyPath
instanceKlass org/springframework/data/mapping/context/PersistentPropertyPathFactory
instanceKlass  @bci org/springframework/data/mapping/model/SimpleTypeHolder register (Ljava/util/Collection;)V 2 <appendix> member <vmtarget> ; # org/springframework/data/mapping/model/SimpleTypeHolder$$Lambda+0x0000020a2893c6c8
instanceKlass org/springframework/data/mapping/model/SimpleTypeHolder
instanceKlass  @bci org/springframework/data/domain/ManagedTypes fromIterable (Ljava/lang/Iterable;)Lorg/springframework/data/domain/ManagedTypes; 12 <appendix> member <vmtarget> ; # org/springframework/data/domain/ManagedTypes$$Lambda+0x0000020a2893c288
instanceKlass org/springframework/data/domain/ManagedTypes
instanceKlass  @bci org/springframework/data/spel/EvaluationContextProvider <clinit> ()V 0 <appendix> argL0 ; # org/springframework/data/spel/EvaluationContextProvider$$Lambda+0x0000020a2893be68
instanceKlass  @bci org/springframework/data/jpa/repository/config/JpaMetamodelMappingContextFactoryBean getMetamodels ()Ljava/util/Set; 38 <appendix> argL0 ; # org/springframework/data/jpa/repository/config/JpaMetamodelMappingContextFactoryBean$$Lambda+0x0000020a2893bc30
instanceKlass org/springframework/data/jpa/provider/ProxyIdAccessor
instanceKlass org/springframework/data/mapping/model/MutablePersistentEntity
instanceKlass org/springframework/data/jpa/mapping/JpaPersistentProperty
instanceKlass org/springframework/data/mapping/PersistentProperty
instanceKlass org/springframework/data/spel/EvaluationContextProvider
instanceKlass org/springframework/data/mapping/model/PersistentPropertyAccessorFactory
instanceKlass  @bci java/lang/reflect/Executable sharedToString (IZ[Ljava/lang/Class;[Ljava/lang/Class;)Ljava/lang/String; 29 <appendix> argL0 ; # java/lang/reflect/Executable$$Lambda+0x0000020a284d85d8
instanceKlass org/hibernate/query/NativeQuery
instanceKlass org/hibernate/procedure/ProcedureCall
instanceKlass org/hibernate/query/named/NameableQuery
instanceKlass jakarta/persistence/StoredProcedureQuery
instanceKlass org/hibernate/query/SynchronizeableQuery
instanceKlass org/hibernate/Transaction
instanceKlass jakarta/persistence/EntityTransaction
instanceKlass org/hibernate/jdbc/Work
instanceKlass org/hibernate/stat/SessionStatistics
instanceKlass org/hibernate/MultiIdentifierLoadAccess
instanceKlass org/hibernate/LobHelper
instanceKlass org/hibernate/SimpleNaturalIdLoadAccess
instanceKlass org/hibernate/NaturalIdLoadAccess
instanceKlass org/hibernate/Session$LockRequest
instanceKlass org/hibernate/SharedSessionBuilder
instanceKlass org/hibernate/query/Query
instanceKlass org/hibernate/query/MutationQuery
instanceKlass org/hibernate/query/SelectionQuery
instanceKlass org/hibernate/query/CommonQueryContract
instanceKlass org/hibernate/NaturalIdMultiLoadAccess
instanceKlass org/hibernate/IdentifierLoadAccess
instanceKlass jakarta/persistence/TypedQuery
instanceKlass org/springframework/orm/jpa/SharedEntityManagerCreator$SharedEntityManagerInvocationHandler
instanceKlass org/springframework/orm/jpa/EntityManagerProxy
instanceKlass javax/naming/Reference
instanceKlass jakarta/persistence/Query
instanceKlass org/hibernate/engine/spi/FilterDefinition
instanceKlass org/springframework/orm/jpa/AbstractEntityManagerFactoryBean$ManagedEntityManagerFactoryInvocationHandler
instanceKlass org/hibernate/internal/SessionFactoryRegistry$1
instanceKlass org/hibernate/internal/SessionFactoryRegistry
instanceKlass  @bci org/hibernate/boot/internal/SessionFactoryObserverForSchemaExport sessionFactoryCreated (Lorg/hibernate/SessionFactory;)V 15 <appendix> member <vmtarget> ; # org/hibernate/boot/internal/SessionFactoryObserverForSchemaExport$$Lambda+0x0000020a28935828
instanceKlass org/hibernate/tool/schema/spi/DelayedDropAction
instanceKlass  @bci org/hibernate/query/internal/NamedObjectRepositoryImpl prepare (Lorg/hibernate/engine/spi/SessionFactoryImplementor;Lorg/hibernate/boot/Metadata;)V 42 <appendix> member <vmtarget> ; # org/hibernate/query/internal/NamedObjectRepositoryImpl$$Lambda+0x0000020a28935400
instanceKlass  @bci org/hibernate/query/internal/NamedObjectRepositoryImpl prepare (Lorg/hibernate/engine/spi/SessionFactoryImplementor;Lorg/hibernate/boot/Metadata;)V 29 <appendix> member <vmtarget> ; # org/hibernate/query/internal/NamedObjectRepositoryImpl$$Lambda+0x0000020a289351d0
instanceKlass  @bci org/hibernate/query/internal/NamedObjectRepositoryImpl prepare (Lorg/hibernate/engine/spi/SessionFactoryImplementor;Lorg/hibernate/boot/Metadata;)V 16 <appendix> member <vmtarget> ; # org/hibernate/query/internal/NamedObjectRepositoryImpl$$Lambda+0x0000020a28934fa0
instanceKlass org/hibernate/boot/query/NamedNativeQueryDefinition
instanceKlass  @bci org/hibernate/query/internal/NamedObjectRepositoryImpl prepare (Lorg/hibernate/engine/spi/SessionFactoryImplementor;Lorg/hibernate/boot/Metadata;)V 3 <appendix> member <vmtarget> ; # org/hibernate/query/internal/NamedObjectRepositoryImpl$$Lambda+0x0000020a28934b78
instanceKlass jakarta/transaction/UserTransaction
instanceKlass jakarta/transaction/Synchronization
instanceKlass org/hibernate/persister/entity/SessionFactoryBasedWrapperOptions
instanceKlass org/hibernate/StatelessSession
instanceKlass org/hibernate/internal/SessionFactoryImpl$StatelessSessionBuilderImpl
instanceKlass org/hibernate/resource/transaction/backend/jta/internal/synchronization/ExceptionMapper
instanceKlass org/hibernate/internal/SessionFactoryImpl$SessionBuilderImpl
instanceKlass org/hibernate/internal/SessionCreationOptions
instanceKlass org/hibernate/engine/profile/FetchProfile
instanceKlass org/hibernate/internal/FetchProfileHelper
instanceKlass  @bci org/hibernate/metamodel/model/domain/internal/JpaMetamodelImpl processJpa (Lorg/hibernate/boot/spi/MetadataImplementor;Lorg/hibernate/metamodel/MappingMetamodel;Ljava/util/Map;Lorg/hibernate/metamodel/internal/JpaStaticMetaModelPopulationSetting;Lorg/hibernate/metamodel/internal/JpaMetaModelPopulationSetting;Ljava/util/Collection;Lorg/hibernate/metamodel/spi/RuntimeModelCreationContext;)V 621 <appendix> member <vmtarget> ; # org/hibernate/metamodel/model/domain/internal/JpaMetamodelImpl$$Lambda+0x0000020a28932a30
instanceKlass org/hibernate/metamodel/model/domain/internal/JpaMetamodelImpl$1
instanceKlass org/hibernate/metamodel/model/domain/internal/CompositeSqmPathSource
instanceKlass  @bci org/hibernate/metamodel/internal/MetadataContext registerEmbeddableType (Lorg/hibernate/metamodel/model/domain/EmbeddableDomainType;Lorg/hibernate/mapping/Component;)V 61 <appendix> argL0 ; # org/hibernate/metamodel/internal/MetadataContext$$Lambda+0x0000020a28931fe0
instanceKlass org/hibernate/metamodel/model/domain/ListPersistentAttribute
instanceKlass org/hibernate/metamodel/model/domain/PluralPersistentAttribute
instanceKlass org/hibernate/metamodel/model/domain/internal/PluralAttributeBuilder
instanceKlass org/hibernate/metamodel/internal/PluralAttributeMetadataImpl$1
instanceKlass org/hibernate/metamodel/internal/PluralAttributeMetadataImpl$3
instanceKlass org/hibernate/metamodel/model/domain/internal/BasicTypeImpl
instanceKlass java/sql/RowId
instanceKlass java/sql/Ref
instanceKlass org/hibernate/type/descriptor/jdbc/JdbcTypeJavaClassMappings
instanceKlass  @bci org/hibernate/metamodel/internal/MetadataContext resolveBasicType (Ljava/lang/Class;)Lorg/hibernate/metamodel/model/domain/BasicDomainType; 7 <appendix> member <vmtarget> ; # org/hibernate/metamodel/internal/MetadataContext$$Lambda+0x0000020a2892a800
instanceKlass org/hibernate/metamodel/model/domain/AnyMappingDomainType
instanceKlass org/hibernate/metamodel/internal/PluralAttributeMetadata
instanceKlass  @bci org/hibernate/metamodel/internal/MetadataContext wrapUp ()V 246 <appendix> member <vmtarget> ; # org/hibernate/metamodel/internal/MetadataContext$$Lambda+0x0000020a28929dc0
instanceKlass org/hibernate/metamodel/model/domain/internal/AbstractSqmPathSource
instanceKlass org/hibernate/query/sqm/internal/SqmMappingModelHelper
instanceKlass org/hibernate/metamodel/internal/SingularAttributeMetadataImpl$2
instanceKlass org/hibernate/metamodel/internal/AttributeFactory$2
instanceKlass org/hibernate/metamodel/internal/SingularAttributeMetadataImpl$1
instanceKlass org/hibernate/metamodel/internal/ValueContext
instanceKlass org/hibernate/metamodel/internal/BaseAttributeMetadata
instanceKlass org/hibernate/metamodel/internal/SingularAttributeMetadata
instanceKlass org/hibernate/property/access/internal/PropertyAccessMapImpl$GetterImpl
instanceKlass org/hibernate/metamodel/internal/AttributeFactory$1
instanceKlass  @bci org/hibernate/metamodel/internal/MetadataContext applyIdMetadata (Lorg/hibernate/mapping/PersistentClass;Lorg/hibernate/metamodel/model/domain/IdentifiableDomainType;)V 34 <appendix> member <vmtarget> ; # org/hibernate/metamodel/internal/MetadataContext$$Lambda+0x0000020a28926150
instanceKlass  @bci org/hibernate/persister/entity/AbstractEntityPersister getTypeDiscriminatorMetadata ()Lorg/hibernate/persister/entity/DiscriminatorMetadata; 1 <appendix> member <vmtarget> ; # org/hibernate/persister/entity/AbstractEntityPersister$$Lambda+0x0000020a28925f30
instanceKlass org/hibernate/persister/entity/DiscriminatorMetadata
instanceKlass org/hibernate/metamodel/model/domain/AbstractManagedType$InFlightAccessImpl
instanceKlass org/hibernate/metamodel/model/domain/internal/AttributeContainer$InFlightAccess
instanceKlass jakarta/persistence/metamodel/CollectionAttribute
instanceKlass jakarta/persistence/metamodel/ListAttribute
instanceKlass jakarta/persistence/metamodel/SetAttribute
instanceKlass jakarta/persistence/metamodel/MapAttribute
instanceKlass jakarta/persistence/metamodel/PluralAttribute
instanceKlass org/hibernate/metamodel/model/domain/AbstractDomainType
instanceKlass org/hibernate/metamodel/model/domain/internal/AttributeContainer
instanceKlass  @bci org/hibernate/metamodel/internal/AttributeFactory <init> (Lorg/hibernate/metamodel/internal/MetadataContext;)V 14 <appendix> argL0 ; # org/hibernate/metamodel/internal/AttributeFactory$$Lambda+0x0000020a289222a0
instanceKlass  @bci org/hibernate/metamodel/internal/AttributeFactory <init> (Lorg/hibernate/metamodel/internal/MetadataContext;)V 5 <appendix> argL0 ; # org/hibernate/metamodel/internal/AttributeFactory$$Lambda+0x0000020a28922088
instanceKlass  @bci org/hibernate/metamodel/internal/AttributeFactory <clinit> ()V 40 <appendix> argL0 ; # org/hibernate/metamodel/internal/AttributeFactory$$Lambda+0x0000020a28921e70
instanceKlass  @bci org/hibernate/metamodel/internal/AttributeFactory <clinit> ()V 32 <appendix> argL0 ; # org/hibernate/metamodel/internal/AttributeFactory$$Lambda+0x0000020a28921c58
instanceKlass  @bci org/hibernate/metamodel/internal/AttributeFactory <clinit> ()V 24 <appendix> argL0 ; # org/hibernate/metamodel/internal/AttributeFactory$$Lambda+0x0000020a28921a40
instanceKlass org/hibernate/metamodel/internal/MemberResolver
instanceKlass org/hibernate/metamodel/model/domain/internal/AbstractAttribute
instanceKlass org/hibernate/metamodel/internal/AttributeMetadata
instanceKlass org/hibernate/metamodel/internal/AttributeContext
instanceKlass org/hibernate/metamodel/internal/AttributeFactory
instanceKlass org/hibernate/metamodel/model/domain/SingularPersistentAttribute
instanceKlass org/hibernate/query/sqm/SqmJoinable
instanceKlass jakarta/persistence/metamodel/SingularAttribute
instanceKlass org/hibernate/metamodel/model/domain/EmbeddableDomainType
instanceKlass org/hibernate/metamodel/model/domain/PersistentAttribute
instanceKlass jakarta/persistence/metamodel/Attribute
instanceKlass org/hibernate/metamodel/internal/MetadataContext
instanceKlass org/hibernate/metamodel/model/domain/internal/JpaMetamodelImpl$ImportInfo
instanceKlass  @bci org/hibernate/metamodel/model/domain/internal/JpaMetamodelImpl processJpa (Lorg/hibernate/boot/spi/MetadataImplementor;Lorg/hibernate/metamodel/MappingMetamodel;Ljava/util/Map;Lorg/hibernate/metamodel/internal/JpaStaticMetaModelPopulationSetting;Lorg/hibernate/metamodel/internal/JpaMetaModelPopulationSetting;Ljava/util/Collection;Lorg/hibernate/metamodel/spi/RuntimeModelCreationContext;)V 7 <appendix> member <vmtarget> ; # org/hibernate/metamodel/model/domain/internal/JpaMetamodelImpl$$Lambda+0x0000020a28919620
instanceKlass  @bci org/hibernate/metamodel/model/domain/internal/MappingMetamodelImpl registerEmbeddableMappingType (Lorg/hibernate/boot/spi/MetadataImplementor;)V 2 <appendix> member <vmtarget> ; # org/hibernate/metamodel/model/domain/internal/MappingMetamodelImpl$$Lambda+0x0000020a2891ba50
instanceKlass  @bci org/hibernate/metamodel/mapping/internal/ManyToManyCollectionPart createTableGroupJoin (Lorg/hibernate/spi/NavigablePath;Lorg/hibernate/sql/ast/tree/from/TableGroup;Ljava/lang/String;Lorg/hibernate/sql/ast/spi/SqlAliasBase;Lorg/hibernate/sql/ast/SqlAstJoinType;ZZLorg/hibernate/sql/ast/spi/SqlAstCreationState;)Lorg/hibernate/sql/ast/tree/from/TableGroupJoin; 54 <appendix> member <vmtarget> ; # org/hibernate/metamodel/mapping/internal/ManyToManyCollectionPart$$Lambda+0x0000020a2891b820
instanceKlass  @bci org/hibernate/metamodel/mapping/internal/ManyToManyCollectionPart createRootTableGroupJoin (Lorg/hibernate/spi/NavigablePath;Lorg/hibernate/sql/ast/tree/from/TableGroup;Ljava/lang/String;Lorg/hibernate/sql/ast/spi/SqlAliasBase;Lorg/hibernate/sql/ast/SqlAstJoinType;ZLjava/util/function/Consumer;Lorg/hibernate/sql/ast/spi/SqlAstCreationState;)Lorg/hibernate/sql/ast/tree/from/LazyTableGroup; 72 <appendix> member <vmtarget> ; # org/hibernate/metamodel/mapping/internal/ManyToManyCollectionPart$$Lambda+0x0000020a2891b600
instanceKlass  @bci org/hibernate/metamodel/mapping/internal/PluralAttributeMappingImpl createCollectionTableGroup (ZLorg/hibernate/sql/ast/SqlAstJoinType;Lorg/hibernate/spi/NavigablePath;ZZLjava/lang/String;Lorg/hibernate/sql/ast/spi/SqlAliasBase;Lorg/hibernate/sql/ast/spi/SqlAstCreationState;)Lorg/hibernate/sql/ast/tree/from/TableGroup; 92 <appendix> argL0 ; # org/hibernate/metamodel/mapping/internal/PluralAttributeMappingImpl$$Lambda+0x0000020a2891b3b8
instanceKlass org/hibernate/sql/exec/spi/JdbcParameterBindings$1
instanceKlass  @bci org/hibernate/loader/ast/internal/CollectionLoaderSingleKey <init> (Lorg/hibernate/metamodel/mapping/PluralAttributeMapping;Lorg/hibernate/engine/spi/LoadQueryInfluencers;Lorg/hibernate/engine/spi/SessionFactoryImplementor;)V 108 <appendix> member <vmtarget> ; # org/hibernate/loader/ast/internal/CollectionLoaderSingleKey$$Lambda+0x0000020a2891a890
instanceKlass org/hibernate/metamodel/mapping/PluralAttributeMapping$PredicateConsumer
instanceKlass  @bci org/hibernate/loader/ast/internal/LoaderSelectBuilder applyFiltering (Lorg/hibernate/sql/ast/tree/select/QuerySpec;Lorg/hibernate/sql/ast/tree/from/TableGroup;Lorg/hibernate/metamodel/mapping/PluralAttributeMapping;Lorg/hibernate/sql/ast/spi/SqlAstCreationState;)V 52 <appendix> member <vmtarget> ; # org/hibernate/loader/ast/internal/LoaderSelectBuilder$$Lambda+0x0000020a2891a468
instanceKlass  @bci org/hibernate/loader/ast/internal/LoaderSelectBuilder applyFiltering (Lorg/hibernate/sql/ast/tree/select/QuerySpec;Lorg/hibernate/sql/ast/tree/from/TableGroup;Lorg/hibernate/metamodel/mapping/PluralAttributeMapping;Lorg/hibernate/sql/ast/spi/SqlAstCreationState;)V 23 <appendix> member <vmtarget> ; # org/hibernate/loader/ast/internal/LoaderSelectBuilder$$Lambda+0x0000020a2891a238
instanceKlass org/hibernate/sql/results/graph/collection/internal/BagInitializerProducer
instanceKlass org/hibernate/sql/results/graph/BiDirectionalFetch
instanceKlass org/hibernate/metamodel/mapping/internal/EmbeddedCollectionPart
instanceKlass  @bci org/hibernate/metamodel/mapping/internal/AbstractEntityCollectionPart resolveTableGroup (Lorg/hibernate/spi/NavigablePath;Lorg/hibernate/sql/results/graph/DomainResultCreationState;)Lorg/hibernate/sql/ast/tree/from/TableGroup; 18 <appendix> member <vmtarget> ; # org/hibernate/metamodel/mapping/internal/AbstractEntityCollectionPart$$Lambda+0x0000020a2891e0d0
instanceKlass org/hibernate/collection/spi/InitializerProducerBuilder$1
instanceKlass org/hibernate/collection/spi/CollectionInitializerProducer
instanceKlass org/hibernate/collection/spi/InitializerProducerBuilder
instanceKlass org/hibernate/sql/results/graph/collection/internal/CollectionDomainResult
instanceKlass org/hibernate/sql/results/graph/collection/CollectionResultGraphNode
instanceKlass  @bci org/hibernate/metamodel/mapping/internal/AbstractEntityCollectionPart createTableGroupInternal (ZLorg/hibernate/spi/NavigablePath;ZLjava/lang/String;Lorg/hibernate/sql/ast/spi/SqlAliasBase;Lorg/hibernate/sql/ast/spi/SqlAstCreationState;)Lorg/hibernate/sql/ast/tree/from/TableGroup; 65 <appendix> member <vmtarget> ; # org/hibernate/metamodel/mapping/internal/AbstractEntityCollectionPart$$Lambda+0x0000020a2891cc70
instanceKlass  @bci org/hibernate/metamodel/mapping/internal/AbstractEntityCollectionPart createTableGroupInternal (ZLorg/hibernate/spi/NavigablePath;ZLjava/lang/String;Lorg/hibernate/sql/ast/spi/SqlAliasBase;Lorg/hibernate/sql/ast/spi/SqlAstCreationState;)Lorg/hibernate/sql/ast/tree/from/TableGroup; 53 <appendix> member <vmtarget> ; # org/hibernate/metamodel/mapping/internal/AbstractEntityCollectionPart$$Lambda+0x0000020a2891ca20
instanceKlass  @bci org/hibernate/loader/ast/internal/CollectionLoaderSingleKey <init> (Lorg/hibernate/metamodel/mapping/PluralAttributeMapping;Lorg/hibernate/engine/spi/LoadQueryInfluencers;Lorg/hibernate/engine/spi/SessionFactoryImplementor;)V 51 <appendix> member <vmtarget> ; # org/hibernate/loader/ast/internal/CollectionLoaderSingleKey$$Lambda+0x0000020a2891c7f0
instanceKlass org/hibernate/loader/ast/internal/CollectionLoaderSingleKey
instanceKlass  @bci org/hibernate/metamodel/model/domain/internal/MappingMetamodelImpl finishInitialization (Lorg/hibernate/metamodel/spi/RuntimeModelCreationContext;)V 221 <appendix> argL0 ; # org/hibernate/metamodel/model/domain/internal/MappingMetamodelImpl$$Lambda+0x0000020a2891c350
instanceKlass  @cpi org/hibernate/metamodel/model/domain/internal/MappingMetamodelImpl 622 form vmentry <vmtarget> ; # java/lang/invoke/LambdaForm$DMH+0x0000020a28918400
instanceKlass org/hibernate/sql/ast/tree/predicate/AbstractPredicate
instanceKlass org/hibernate/sql/ast/tree/expression/SqlTuple
instanceKlass  @bci org/hibernate/loader/ast/internal/LoaderSelectBuilder applyRestriction (Lorg/hibernate/sql/ast/tree/select/QuerySpec;Lorg/hibernate/spi/NavigablePath;Lorg/hibernate/sql/ast/tree/from/TableGroup;Lorg/hibernate/metamodel/mapping/ModelPart;ILjava/util/function/Consumer;Lorg/hibernate/loader/ast/internal/LoaderSqlAstCreationState;)V 76 <appendix> member <vmtarget> ; # org/hibernate/loader/ast/internal/LoaderSelectBuilder$$Lambda+0x0000020a28917610
instanceKlass  @cpi org/hibernate/loader/ast/internal/LoaderSelectBuilder 691 form vmentry <vmtarget> ; # java/lang/invoke/LambdaForm$DMH+0x0000020a28918000
instanceKlass org/hibernate/sql/results/graph/basic/BasicResult
instanceKlass org/hibernate/sql/ast/tree/from/VirtualTableGroup
instanceKlass  @bci org/hibernate/sql/results/graph/embeddable/internal/EmbeddableFetchImpl <init> (Lorg/hibernate/spi/NavigablePath;Lorg/hibernate/sql/results/graph/embeddable/EmbeddableValuedFetchable;Lorg/hibernate/sql/results/graph/FetchParent;Lorg/hibernate/engine/FetchTiming;ZLorg/hibernate/sql/results/graph/DomainResultCreationState;)V 53 <appendix> member <vmtarget> ; # org/hibernate/sql/results/graph/embeddable/internal/EmbeddableFetchImpl$$Lambda+0x0000020a28916638
instanceKlass org/hibernate/sql/results/graph/embeddable/EmbeddableInitializer
instanceKlass org/hibernate/loader/ast/internal/AbstractMultiIdEntityLoader
instanceKlass org/hibernate/loader/ast/internal/MultiKeyLoadHelper
instanceKlass org/hibernate/sql/results/jdbc/internal/StandardJdbcValuesMapping
instanceKlass org/hibernate/sql/results/jdbc/internal/JdbcValuesMappingProducerStandard
instanceKlass org/hibernate/sql/exec/spi/AbstractJdbcOperationQuery
instanceKlass  @bci org/hibernate/sql/ast/spi/AbstractSqlAstTranslator processTableGroupJoins (Lorg/hibernate/sql/ast/tree/from/TableGroup;)V 2 <appendix> member <vmtarget> ; # org/hibernate/sql/ast/spi/AbstractSqlAstTranslator$$Lambda+0x0000020a28914798
instanceKlass  @bci org/hibernate/sql/ast/spi/AbstractSqlAstTranslator processNestedTableGroupJoins (Lorg/hibernate/sql/ast/tree/from/TableGroup;Ljava/util/List;)V 3 <appendix> member <vmtarget> ; # org/hibernate/sql/ast/spi/AbstractSqlAstTranslator$$Lambda+0x0000020a28914568
instanceKlass org/hibernate/dialect/SQLServerSqlAstTranslator$1
instanceKlass org/hibernate/sql/ast/spi/AbstractSqlAstTranslator$1
instanceKlass  @bci org/hibernate/sql/ast/tree/from/TableReference applyAffectedTableNames (Ljava/util/function/Consumer;)V 2 <appendix> member <vmtarget> ; # org/hibernate/sql/ast/tree/from/TableReference$$Lambda+0x0000020a28912a38
instanceKlass  @bci org/hibernate/sql/ast/spi/AbstractSqlAstTranslator registerAffectedTable (Lorg/hibernate/sql/ast/tree/from/NamedTableReference;)V 2 <appendix> member <vmtarget> ; # org/hibernate/sql/ast/spi/AbstractSqlAstTranslator$$Lambda+0x0000020a28912808
instanceKlass org/hibernate/sql/ast/tree/SqlAstTreeLogger
instanceKlass org/hibernate/sql/ast/SqlTreePrinter
instanceKlass org/hibernate/sql/results/graph/DomainResultGraphPrinter$Logging
instanceKlass org/hibernate/sql/results/graph/DomainResultGraphPrinter
instanceKlass org/hibernate/sql/ast/tree/insert/InsertStatement
instanceKlass org/hibernate/sql/exec/spi/JdbcParametersList$JdbcParametersListSingleton
instanceKlass org/hibernate/sql/exec/spi/Callback
instanceKlass org/hibernate/sql/exec/spi/JdbcParameterBindings
instanceKlass  @bci org/hibernate/loader/ast/internal/LoaderSelectBuilder applyFiltering (Lorg/hibernate/sql/ast/tree/select/QuerySpec;Lorg/hibernate/sql/ast/tree/from/TableGroup;Lorg/hibernate/metamodel/mapping/Restrictable;Lorg/hibernate/sql/ast/spi/SqlAstCreationState;)V 7 <appendix> member <vmtarget> ; # org/hibernate/loader/ast/internal/LoaderSelectBuilder$$Lambda+0x0000020a2890fda0
instanceKlass  @bci org/hibernate/loader/ast/internal/LoaderSelectBuilder applyRestriction (Lorg/hibernate/sql/ast/tree/select/QuerySpec;Lorg/hibernate/spi/NavigablePath;Lorg/hibernate/sql/ast/tree/from/TableGroup;Lorg/hibernate/metamodel/mapping/ModelPart;ILjava/util/function/Consumer;Lorg/hibernate/loader/ast/internal/LoaderSqlAstCreationState;)V 42 <adapter> ; # java/lang/invoke/LambdaForm$MH+0x0000020a28906000
# instanceKlass java/lang/invoke/LambdaForm$DMH+0x0000020a28905c00
instanceKlass  @bci org/hibernate/loader/ast/internal/LoaderSelectBuilder applyRestriction (Lorg/hibernate/sql/ast/tree/select/QuerySpec;Lorg/hibernate/spi/NavigablePath;Lorg/hibernate/sql/ast/tree/from/TableGroup;Lorg/hibernate/metamodel/mapping/ModelPart;ILjava/util/function/Consumer;Lorg/hibernate/loader/ast/internal/LoaderSqlAstCreationState;)V 42 <appendix> form vmentry <vmtarget> ; # java/lang/invoke/LambdaForm$DMH+0x0000020a28905800
instanceKlass  @bci org/hibernate/loader/ast/internal/LoaderSelectBuilder applyRestriction (Lorg/hibernate/sql/ast/tree/select/QuerySpec;Lorg/hibernate/spi/NavigablePath;Lorg/hibernate/sql/ast/tree/from/TableGroup;Lorg/hibernate/metamodel/mapping/ModelPart;ILjava/util/function/Consumer;Lorg/hibernate/loader/ast/internal/LoaderSqlAstCreationState;)V 42 <appendix> member <vmtarget> ; # org/hibernate/loader/ast/internal/LoaderSelectBuilder$$Lambda+0x0000020a2890fb60
instanceKlass  @cpi org/hibernate/loader/ast/internal/LoaderSelectBuilder 688 form vmentry <vmtarget> ; # java/lang/invoke/LambdaForm$DMH+0x0000020a28905400
instanceKlass org/hibernate/sql/results/graph/embeddable/EmbeddableResultGraphNode
instanceKlass org/hibernate/sql/results/graph/entity/internal/AbstractNonJoinedEntityFetch
instanceKlass org/hibernate/sql/results/graph/collection/CollectionInitializer
instanceKlass org/hibernate/sql/results/graph/collection/internal/CollectionFetch
instanceKlass org/hibernate/sql/results/graph/internal/ImmutableFetchList$FetchIterator
instanceKlass  @bci org/hibernate/metamodel/mapping/internal/ToOneAttributeMapping lambda$createTableGroupJoin$1 (Lorg/hibernate/sql/ast/tree/from/TableReference;Lorg/hibernate/sql/ast/tree/from/TableGroupJoin;Lorg/hibernate/sql/ast/spi/SqlAstCreationState;Lorg/hibernate/sql/ast/tree/from/LazyTableGroup;Lorg/hibernate/spi/NavigablePath;Lorg/hibernate/sql/ast/tree/from/TableGroup;)V 83 <appendix> member <vmtarget> ; # org/hibernate/metamodel/mapping/internal/ToOneAttributeMapping$$Lambda+0x0000020a2890e168
instanceKlass org/hibernate/sql/ast/spi/SqlAstTreeHelper
instanceKlass org/hibernate/sql/ast/tree/predicate/ComparisonPredicate
instanceKlass  @bci org/hibernate/metamodel/mapping/internal/ToOneAttributeMapping createTableGroupInternal (ZLorg/hibernate/spi/NavigablePath;ZLjava/lang/String;Lorg/hibernate/sql/ast/spi/SqlAliasBase;Lorg/hibernate/sql/ast/spi/SqlAstCreationState;)Lorg/hibernate/sql/ast/tree/from/TableGroup; 56 <appendix> member <vmtarget> ; # org/hibernate/metamodel/mapping/internal/ToOneAttributeMapping$$Lambda+0x0000020a28903630
instanceKlass  @bci org/hibernate/metamodel/mapping/internal/ToOneAttributeMapping createTableGroupInternal (ZLorg/hibernate/spi/NavigablePath;ZLjava/lang/String;Lorg/hibernate/sql/ast/spi/SqlAliasBase;Lorg/hibernate/sql/ast/spi/SqlAstCreationState;)Lorg/hibernate/sql/ast/tree/from/TableGroup; 44 <appendix> member <vmtarget> ; # org/hibernate/metamodel/mapping/internal/ToOneAttributeMapping$$Lambda+0x0000020a289033e0
instanceKlass org/hibernate/sql/results/graph/entity/EntityInitializer
instanceKlass org/hibernate/sql/results/graph/FetchParentAccess
instanceKlass  @bci org/hibernate/metamodel/mapping/internal/ToOneAttributeMapping generateFetch (Lorg/hibernate/sql/results/graph/FetchParent;Lorg/hibernate/spi/NavigablePath;Lorg/hibernate/engine/FetchTiming;ZLjava/lang/String;Lorg/hibernate/sql/results/graph/DomainResultCreationState;)Lorg/hibernate/sql/results/graph/entity/EntityFetch; 134 <appendix> member <vmtarget> ; # org/hibernate/metamodel/mapping/internal/ToOneAttributeMapping$$Lambda+0x0000020a28902858
instanceKlass  @bci org/hibernate/metamodel/mapping/internal/ToOneAttributeMapping createTableGroupJoin (Lorg/hibernate/spi/NavigablePath;Lorg/hibernate/sql/ast/tree/from/TableGroup;Ljava/lang/String;Lorg/hibernate/sql/ast/spi/SqlAliasBase;Lorg/hibernate/sql/ast/SqlAstJoinType;ZZLorg/hibernate/sql/ast/spi/SqlAstCreationState;)Lorg/hibernate/sql/ast/tree/from/TableGroupJoin; 424 <appendix> member <vmtarget> ; # org/hibernate/metamodel/mapping/internal/ToOneAttributeMapping$$Lambda+0x0000020a28902628
instanceKlass org/hibernate/sql/ast/tree/from/TableGroupJoin
instanceKlass  @bci org/hibernate/metamodel/mapping/internal/ManyToManyCollectionPart createRootTableGroupJoin (Lorg/hibernate/spi/NavigablePath;Lorg/hibernate/sql/ast/tree/from/TableGroup;Ljava/lang/String;Lorg/hibernate/sql/ast/spi/SqlAliasBase;Lorg/hibernate/sql/ast/SqlAstJoinType;ZLjava/util/function/Consumer;Lorg/hibernate/sql/ast/spi/SqlAstCreationState;)Lorg/hibernate/sql/ast/tree/from/LazyTableGroup; 72 <adapter> ; # java/lang/invoke/LambdaForm$MH+0x0000020a28905000
# instanceKlass java/lang/invoke/LambdaForm$DMH+0x0000020a28904c00
instanceKlass  @bci org/hibernate/metamodel/mapping/internal/ManyToManyCollectionPart createRootTableGroupJoin (Lorg/hibernate/spi/NavigablePath;Lorg/hibernate/sql/ast/tree/from/TableGroup;Ljava/lang/String;Lorg/hibernate/sql/ast/spi/SqlAliasBase;Lorg/hibernate/sql/ast/SqlAstJoinType;ZLjava/util/function/Consumer;Lorg/hibernate/sql/ast/spi/SqlAstCreationState;)Lorg/hibernate/sql/ast/tree/from/LazyTableGroup; 72 <appendix> form vmentry <vmtarget> ; # java/lang/invoke/LambdaForm$DMH+0x0000020a28904800
instanceKlass  @bci org/hibernate/metamodel/mapping/internal/ToOneAttributeMapping createRootTableGroupJoin (Lorg/hibernate/spi/NavigablePath;Lorg/hibernate/sql/ast/tree/from/TableGroup;Ljava/lang/String;Lorg/hibernate/sql/ast/spi/SqlAliasBase;Lorg/hibernate/sql/ast/SqlAstJoinType;ZLjava/util/function/Consumer;Lorg/hibernate/sql/ast/spi/SqlAstCreationState;)Lorg/hibernate/sql/ast/tree/from/LazyTableGroup; 232 <appendix> member <vmtarget> ; # org/hibernate/metamodel/mapping/internal/ToOneAttributeMapping$$Lambda+0x0000020a28902138
instanceKlass  @cpi org/hibernate/metamodel/mapping/internal/ManyToManyCollectionPart 476 form vmentry <vmtarget> ; # java/lang/invoke/LambdaForm$DMH+0x0000020a28904400
instanceKlass org/hibernate/sql/ast/tree/from/DelegatingTableGroup
instanceKlass  @bci org/hibernate/loader/ast/internal/LoaderSelectBuilder createFetchableConsumer (Lorg/hibernate/sql/results/graph/FetchParent;Lorg/hibernate/loader/ast/internal/LoaderSqlAstCreationState;Lorg/hibernate/sql/results/graph/internal/ImmutableFetchList$Builder;)Lorg/hibernate/loader/ast/internal/LoaderSelectBuilder$FetchableConsumer; 4 <appendix> member <vmtarget> ; # org/hibernate/loader/ast/internal/LoaderSelectBuilder$$Lambda+0x0000020a28900fc8
instanceKlass  @cpi org/hibernate/loader/ast/internal/LoaderSelectBuilder 740 form vmentry <vmtarget> ; # java/lang/invoke/LambdaForm$DMH+0x0000020a28904000
instanceKlass org/hibernate/loader/ast/internal/LoaderSelectBuilder$FetchableConsumer
instanceKlass org/hibernate/sql/results/graph/internal/ImmutableFetchList$Builder
instanceKlass org/hibernate/sql/results/graph/basic/BasicResultAssembler
instanceKlass org/hibernate/sql/results/graph/basic/BasicFetch
instanceKlass org/hibernate/sql/results/graph/basic/BasicResultGraphNode
instanceKlass org/hibernate/sql/results/internal/SqlSelectionImpl
instanceKlass org/hibernate/sql/ast/spi/SqlExpressionAccess
instanceKlass  @bci org/hibernate/sql/ast/spi/SqlExpressionResolver resolveSqlExpression (Lorg/hibernate/sql/ast/tree/from/TableReference;Lorg/hibernate/metamodel/mapping/SelectableMapping;)Lorg/hibernate/sql/ast/tree/expression/Expression; 8 <appendix> member <vmtarget> ; # org/hibernate/sql/ast/spi/SqlExpressionResolver$$Lambda+0x0000020a288ff758
instanceKlass org/hibernate/sql/ast/spi/SqlExpressionResolver$ColumnReferenceKey
instanceKlass org/hibernate/query/results/ResultsHelper
instanceKlass org/hibernate/sql/results/graph/Initializer
instanceKlass org/hibernate/sql/results/graph/DomainResultAssembler
instanceKlass org/hibernate/sql/results/graph/AbstractFetchParent
instanceKlass org/hibernate/sql/results/graph/InitializerProducer
instanceKlass org/hibernate/sql/results/graph/entity/EntityResult
instanceKlass org/hibernate/sql/ast/tree/from/PluralTableGroup
instanceKlass  @bci org/hibernate/persister/entity/AbstractEntityPersister createRootTableGroup (ZLorg/hibernate/spi/NavigablePath;Ljava/lang/String;Lorg/hibernate/sql/ast/spi/SqlAliasBase;Ljava/util/function/Supplier;Lorg/hibernate/sql/ast/spi/SqlAstCreationState;)Lorg/hibernate/sql/ast/tree/from/TableGroup; 86 <appendix> member <vmtarget> ; # org/hibernate/persister/entity/AbstractEntityPersister$$Lambda+0x0000020a288fdb28
instanceKlass org/hibernate/sql/ast/tree/from/TableReferenceJoin
instanceKlass org/hibernate/sql/ast/tree/from/TableJoin
instanceKlass  @bci org/hibernate/persister/entity/AbstractEntityPersister createRootTableGroup (ZLorg/hibernate/spi/NavigablePath;Ljava/lang/String;Lorg/hibernate/sql/ast/spi/SqlAliasBase;Ljava/util/function/Supplier;Lorg/hibernate/sql/ast/spi/SqlAstCreationState;)Lorg/hibernate/sql/ast/tree/from/TableGroup; 72 <appendix> member <vmtarget> ; # org/hibernate/persister/entity/AbstractEntityPersister$$Lambda+0x0000020a288fd440
instanceKlass org/hibernate/sql/ast/SqlTreeCreationLogger
instanceKlass org/hibernate/sql/ast/spi/SqlAliasBaseImpl
instanceKlass  @bci org/hibernate/loader/ast/internal/LoaderSelectBuilder buildRootTableGroup (Lorg/hibernate/spi/NavigablePath;Lorg/hibernate/sql/ast/tree/select/QuerySpec;Lorg/hibernate/loader/ast/internal/LoaderSqlAstCreationState;)Lorg/hibernate/sql/ast/tree/from/TableGroup; 9 <appendix> member <vmtarget> ; # org/hibernate/loader/ast/internal/LoaderSelectBuilder$$Lambda+0x0000020a288fc850
instanceKlass  @bci org/hibernate/loader/ast/internal/LoaderSqlAstCreationState <init> (Lorg/hibernate/sql/ast/tree/select/QueryPart;Lorg/hibernate/sql/ast/spi/SqlAliasBaseManager;Lorg/hibernate/sql/ast/spi/FromClauseAccess;Lorg/hibernate/LockOptions;Lorg/hibernate/loader/ast/internal/LoaderSqlAstCreationState$FetchProcessor;ZLorg/hibernate/engine/spi/LoadQueryInfluencers;Lorg/hibernate/sql/ast/spi/SqlAstCreationContext;)V 63 <appendix> argL0 ; # org/hibernate/loader/ast/internal/LoaderSqlAstCreationState$$Lambda+0x0000020a288fc638
instanceKlass org/hibernate/sql/ast/spi/SqlExpressionResolver$1
instanceKlass org/hibernate/query/sqm/sql/internal/SqlAstProcessingStateImpl
instanceKlass org/hibernate/query/sqm/sql/BaseSqmToSqlAstConverter$SqmAliasedNodeCollector
instanceKlass  @bci org/hibernate/loader/ast/internal/LoaderSelectBuilder createSqlAstCreationState (Lorg/hibernate/sql/ast/tree/select/QuerySpec;)Lorg/hibernate/loader/ast/internal/LoaderSqlAstCreationState; 24 <appendix> member <vmtarget> ; # org/hibernate/loader/ast/internal/LoaderSelectBuilder$$Lambda+0x0000020a288fb408
instanceKlass org/hibernate/sql/results/graph/internal/ImmutableFetchList
instanceKlass org/hibernate/sql/results/graph/FetchList
instanceKlass org/hibernate/loader/ast/internal/LoaderSqlAstCreationState$FetchProcessor
instanceKlass org/hibernate/sql/ast/spi/SimpleFromClauseAccessImpl
instanceKlass org/hibernate/sql/ast/spi/SqlAliasBaseManager
instanceKlass org/hibernate/sql/ast/spi/SqlAliasBaseGenerator
instanceKlass org/hibernate/sql/ast/spi/SqlExpressionResolver
instanceKlass org/hibernate/loader/ast/internal/LoaderSqlAstCreationState
instanceKlass org/hibernate/sql/ast/spi/SqlAstQueryPartProcessingState
instanceKlass org/hibernate/sql/ast/spi/SqlAstQueryNodeProcessingState
instanceKlass org/hibernate/sql/ast/spi/SqlAstProcessingState
instanceKlass org/hibernate/sql/ast/tree/select/SelectClause
instanceKlass org/hibernate/sql/ast/tree/from/FromClause
instanceKlass org/hibernate/sql/results/graph/EntityGraphTraversalState
instanceKlass org/hibernate/loader/ast/internal/LoaderSelectBuilder
instanceKlass  @bci org/hibernate/loader/ast/internal/SingleIdEntityLoaderStandardImpl createLoadPlan (Lorg/hibernate/metamodel/mapping/EntityMappingType;Lorg/hibernate/LockOptions;Lorg/hibernate/engine/spi/LoadQueryInfluencers;Lorg/hibernate/engine/spi/SessionFactoryImplementor;)Lorg/hibernate/loader/ast/internal/SingleIdLoadPlan; 24 <appendix> member <vmtarget> ; # org/hibernate/loader/ast/internal/SingleIdEntityLoaderStandardImpl$$Lambda+0x0000020a288f8218
instanceKlass org/hibernate/sql/exec/spi/JdbcParametersList$Builder
instanceKlass org/hibernate/sql/exec/spi/JdbcParametersList$JdbcParametersListMulti
instanceKlass org/hibernate/sql/exec/spi/JdbcParametersList
instanceKlass  @bci org/hibernate/loader/ast/internal/SingleIdEntityLoaderStandardImpl <init> (Lorg/hibernate/metamodel/mapping/EntityMappingType;Lorg/hibernate/engine/spi/SessionFactoryImplementor;)V 5 <appendix> member <vmtarget> ; # org/hibernate/loader/ast/internal/SingleIdEntityLoaderStandardImpl$$Lambda+0x0000020a288f6e00
instanceKlass org/hibernate/loader/ast/internal/SingleIdLoadPlan
instanceKlass org/hibernate/loader/ast/internal/SingleEntityLoadPlan
instanceKlass org/hibernate/loader/ast/internal/LoadPlan
instanceKlass org/hibernate/loader/ast/internal/SingleIdEntityLoaderSupport
instanceKlass org/hibernate/engine/spi/EffectiveEntityGraph
instanceKlass org/hibernate/graph/spi/AppliedGraph
instanceKlass org/hibernate/Filter
instanceKlass org/hibernate/engine/spi/LoadQueryInfluencers
instanceKlass  @bci org/hibernate/persister/entity/mutation/InsertCoordinatorStandard lambda$applyTableInsertDetails$9 (ZLorg/hibernate/sql/model/ast/builder/TableMutationBuilder;)V 148 <appendix> member <vmtarget> ; # org/hibernate/persister/entity/mutation/InsertCoordinatorStandard$$Lambda+0x0000020a288f51a8
instanceKlass  @bci org/hibernate/metamodel/model/domain/internal/MappingMetamodelImpl registerEntityNameResolvers (Lorg/hibernate/metamodel/spi/EntityRepresentationStrategy;Ljava/util/Set;)V 7 <appendix> member <vmtarget> ; # org/hibernate/metamodel/model/domain/internal/MappingMetamodelImpl$$Lambda+0x0000020a288f4f78
instanceKlass  @bci org/hibernate/dialect/SqlAstTranslatorWithMerge renderMergeInsert (Lorg/hibernate/sql/model/internal/OptionalTableUpdate;)V 178 <appendix> member <vmtarget> ; # org/hibernate/dialect/SqlAstTranslatorWithMerge$$Lambda+0x0000020a288f49f0
instanceKlass  @bci org/hibernate/dialect/SqlAstTranslatorWithMerge renderMergeInsert (Lorg/hibernate/sql/model/internal/OptionalTableUpdate;)V 97 <appendix> member <vmtarget> ; # org/hibernate/dialect/SqlAstTranslatorWithMerge$$Lambda+0x0000020a288f47c0
instanceKlass  @bci org/hibernate/sql/ast/tree/expression/ColumnReference appendReadExpression (Lorg/hibernate/sql/ast/spi/SqlAppender;Ljava/lang/String;)V 8 <appendix> member <vmtarget> ; # org/hibernate/sql/ast/tree/expression/ColumnReference$$Lambda+0x0000020a288f4590
instanceKlass org/hibernate/dialect/Dialect$4
instanceKlass org/hibernate/sql/ast/tree/expression/CastTarget
instanceKlass org/hibernate/query/sqm/sql/internal/SqmParameterInterpretation
instanceKlass org/hibernate/sql/ast/tree/expression/SqlTupleContainer
instanceKlass  @bci org/hibernate/sql/ast/spi/AbstractSqlAstTranslator visitStandardTableDelete (Lorg/hibernate/sql/model/internal/TableDeleteStandard;)V 78 <appendix> member <vmtarget> ; # org/hibernate/sql/ast/spi/AbstractSqlAstTranslator$$Lambda+0x0000020a288f2018
instanceKlass  @bci org/hibernate/persister/entity/mutation/DeleteCoordinatorStandard applyTableDeleteDetails (Lorg/hibernate/sql/model/ast/builder/MutationGroupBuilder;Ljava/lang/Object;[Ljava/lang/Object;ZLorg/hibernate/engine/spi/SharedSessionContractImplementor;)V 3 <appendix> member <vmtarget> ; # org/hibernate/persister/entity/mutation/DeleteCoordinatorStandard$$Lambda+0x0000020a288f1570
instanceKlass org/hibernate/sql/model/ast/TableDelete
instanceKlass  @bci org/hibernate/persister/entity/mutation/DeleteCoordinatorStandard generateOperationGroup (Ljava/lang/Object;[Ljava/lang/Object;ZLorg/hibernate/engine/spi/SharedSessionContractImplementor;)Lorg/hibernate/sql/model/MutationOperationGroup; 23 <appendix> member <vmtarget> ; # org/hibernate/persister/entity/mutation/DeleteCoordinatorStandard$$Lambda+0x0000020a288f0d48
instanceKlass org/hibernate/sql/model/ast/builder/TableDeleteBuilder
instanceKlass  @bci org/hibernate/sql/ast/spi/AbstractSqlAstTranslator visitTableUpdate (Lorg/hibernate/sql/model/ast/RestrictedTableMutation;)V 132 <appendix> member <vmtarget> ; # org/hibernate/sql/ast/spi/AbstractSqlAstTranslator$$Lambda+0x0000020a288f0000
instanceKlass  @bci org/hibernate/sql/ast/spi/AbstractSqlAstTranslator visitTableUpdate (Lorg/hibernate/sql/model/ast/RestrictedTableMutation;)V 71 <appendix> member <vmtarget> ; # org/hibernate/sql/ast/spi/AbstractSqlAstTranslator$$Lambda+0x0000020a288efdc8
instanceKlass  @bci org/hibernate/sql/model/ast/AbstractTableUpdate collectParameters (Ljava/util/List;Ljava/util/List;Ljava/util/List;)Ljava/util/List; 9 <appendix> member <vmtarget> ; # org/hibernate/sql/model/ast/AbstractTableUpdate$$Lambda+0x0000020a288efb98
instanceKlass org/hibernate/sql/model/ast/TableUpdate
instanceKlass  @bci org/hibernate/sql/model/ast/ColumnValueBindingList createValueBinding (Ljava/lang/String;Ljava/lang/String;Lorg/hibernate/metamodel/mapping/JdbcMapping;)Lorg/hibernate/sql/model/ast/ColumnValueBinding; 20 <appendix> member <vmtarget> ; # org/hibernate/sql/model/ast/ColumnValueBindingList$$Lambda+0x0000020a288eeab8
instanceKlass  @bci org/hibernate/persister/entity/mutation/UpdateCoordinatorStandard applyTableUpdateDetails (Ljava/lang/Object;Ljava/lang/Object;Lorg/hibernate/sql/model/ast/builder/MutationGroupBuilder;[Ljava/lang/Object;Lorg/hibernate/persister/entity/mutation/UpdateCoordinatorStandard$UpdateValuesAnalysisImpl;Lorg/hibernate/persister/entity/mutation/UpdateCoordinatorStandard$DirtinessChecker;Lorg/hibernate/engine/spi/SharedSessionContractImplementor;)V 67 <appendix> member <vmtarget> ; # org/hibernate/persister/entity/mutation/UpdateCoordinatorStandard$$Lambda+0x0000020a288ee888
instanceKlass  @bci org/hibernate/metamodel/mapping/ValuedModelPart forEachUpdatable (Lorg/hibernate/metamodel/mapping/SelectableConsumer;)V 2 <appendix> member <vmtarget> ; # org/hibernate/metamodel/mapping/ValuedModelPart$$Lambda+0x0000020a288ee648
instanceKlass  @bci org/hibernate/persister/entity/mutation/UpdateCoordinatorStandard applyTableUpdateDetails (Ljava/lang/Object;Ljava/lang/Object;Lorg/hibernate/sql/model/ast/builder/MutationGroupBuilder;[Ljava/lang/Object;Lorg/hibernate/persister/entity/mutation/UpdateCoordinatorStandard$UpdateValuesAnalysisImpl;Lorg/hibernate/persister/entity/mutation/UpdateCoordinatorStandard$DirtinessChecker;Lorg/hibernate/engine/spi/SharedSessionContractImplementor;)V 56 <adapter> ; # java/lang/invoke/LambdaForm$MH+0x0000020a288edc00
# instanceKlass java/lang/invoke/LambdaForm$DMH+0x0000020a288ed800
instanceKlass  @bci org/hibernate/persister/entity/mutation/UpdateCoordinatorStandard applyTableUpdateDetails (Ljava/lang/Object;Ljava/lang/Object;Lorg/hibernate/sql/model/ast/builder/MutationGroupBuilder;[Ljava/lang/Object;Lorg/hibernate/persister/entity/mutation/UpdateCoordinatorStandard$UpdateValuesAnalysisImpl;Lorg/hibernate/persister/entity/mutation/UpdateCoordinatorStandard$DirtinessChecker;Lorg/hibernate/engine/spi/SharedSessionContractImplementor;)V 56 <appendix> form vmentry <vmtarget> ; # java/lang/invoke/LambdaForm$DMH+0x0000020a288ed400
instanceKlass  @bci org/hibernate/persister/entity/mutation/UpdateCoordinatorStandard applyTableUpdateDetails (Ljava/lang/Object;Ljava/lang/Object;Lorg/hibernate/sql/model/ast/builder/MutationGroupBuilder;[Ljava/lang/Object;Lorg/hibernate/persister/entity/mutation/UpdateCoordinatorStandard$UpdateValuesAnalysisImpl;Lorg/hibernate/persister/entity/mutation/UpdateCoordinatorStandard$DirtinessChecker;Lorg/hibernate/engine/spi/SharedSessionContractImplementor;)V 56 <appendix> member <vmtarget> ; # org/hibernate/persister/entity/mutation/UpdateCoordinatorStandard$$Lambda+0x0000020a288ee418
instanceKlass  @cpi org/hibernate/persister/entity/mutation/UpdateCoordinatorStandard 890 form vmentry <vmtarget> ; # java/lang/invoke/LambdaForm$DMH+0x0000020a288ed000
instanceKlass  @bci org/hibernate/persister/entity/mutation/UpdateCoordinatorStandard buildStaticUpdateGroup ()Lorg/hibernate/sql/model/MutationOperationGroup; 68 <appendix> member <vmtarget> ; # org/hibernate/persister/entity/mutation/UpdateCoordinatorStandard$$Lambda+0x0000020a288ee1f8
instanceKlass org/hibernate/persister/entity/mutation/UpdateCoordinatorStandard$DirtinessChecker
instanceKlass  @bci org/hibernate/persister/entity/mutation/UpdateCoordinatorStandard buildStaticUpdateGroup ()Lorg/hibernate/sql/model/MutationOperationGroup; 52 <appendix> member <vmtarget> ; # org/hibernate/persister/entity/mutation/UpdateCoordinatorStandard$$Lambda+0x0000020a288eb600
instanceKlass org/hibernate/persister/entity/mutation/UpdateCoordinatorStandard$SkippedAttributeAnalysis
instanceKlass org/hibernate/persister/entity/mutation/UpdateCoordinatorStandard$1
instanceKlass org/hibernate/persister/entity/mutation/UpdateCoordinatorStandard$ColumnSetAnalysis
instanceKlass org/hibernate/persister/entity/mutation/UpdateCoordinatorStandard$IncludedAttributeAnalysis
instanceKlass  @bci org/hibernate/persister/entity/mutation/UpdateCoordinatorStandard$UpdateValuesAnalysisImpl <init> (Lorg/hibernate/persister/entity/mutation/UpdateCoordinatorStandard;[Ljava/lang/Object;[Ljava/lang/Object;[ILorg/hibernate/persister/entity/mutation/UpdateCoordinatorStandard$InclusionChecker;Ljava/lang/Object;Z)V 104 <adapter> ; # java/lang/invoke/LambdaForm$MH+0x0000020a288ecc00
# instanceKlass java/lang/invoke/LambdaForm$DMH+0x0000020a288ec800
instanceKlass  @bci org/hibernate/persister/entity/mutation/UpdateCoordinatorStandard$UpdateValuesAnalysisImpl <init> (Lorg/hibernate/persister/entity/mutation/UpdateCoordinatorStandard;[Ljava/lang/Object;[Ljava/lang/Object;[ILorg/hibernate/persister/entity/mutation/UpdateCoordinatorStandard$InclusionChecker;Ljava/lang/Object;Z)V 104 <appendix> form vmentry <vmtarget> ; # java/lang/invoke/LambdaForm$DMH+0x0000020a288ec400
instanceKlass  @bci org/hibernate/persister/entity/mutation/UpdateCoordinatorStandard$UpdateValuesAnalysisImpl <init> (Lorg/hibernate/persister/entity/mutation/UpdateCoordinatorStandard;[Ljava/lang/Object;[Ljava/lang/Object;[ILorg/hibernate/persister/entity/mutation/UpdateCoordinatorStandard$InclusionChecker;Ljava/lang/Object;Z)V 104 <appendix> member <vmtarget> ; # org/hibernate/persister/entity/mutation/UpdateCoordinatorStandard$UpdateValuesAnalysisImpl$$Lambda+0x0000020a288ea3d0
instanceKlass org/hibernate/persister/entity/mutation/TableSet
instanceKlass org/hibernate/persister/entity/mutation/UpdateCoordinatorStandard$AttributeAnalysisImplementor
instanceKlass org/hibernate/persister/entity/mutation/AttributeAnalysis
instanceKlass org/hibernate/persister/entity/mutation/UpdateCoordinatorStandard$UpdateValuesAnalysisImpl
instanceKlass org/hibernate/persister/entity/mutation/UpdateValuesAnalysis
instanceKlass  @bci org/hibernate/persister/entity/mutation/UpdateCoordinatorStandard buildStaticUpdateGroup ()Lorg/hibernate/sql/model/MutationOperationGroup; 18 <appendix> argL0 ; # org/hibernate/persister/entity/mutation/UpdateCoordinatorStandard$$Lambda+0x0000020a288e9720
instanceKlass  @bci org/hibernate/persister/entity/mutation/UpdateCoordinatorStandard buildStaticUpdateGroup ()Lorg/hibernate/sql/model/MutationOperationGroup; 13 <appendix> member <vmtarget> ; # org/hibernate/persister/entity/mutation/UpdateCoordinatorStandard$$Lambda+0x0000020a288e9500
instanceKlass  @bci org/hibernate/persister/entity/mutation/UpdateCoordinatorStandard buildStaticUpdateGroup ()Lorg/hibernate/sql/model/MutationOperationGroup; 7 <appendix> member <vmtarget> ; # org/hibernate/persister/entity/mutation/UpdateCoordinatorStandard$$Lambda+0x0000020a288e92e0
instanceKlass  @cpi org/hibernate/persister/entity/mutation/UpdateCoordinatorStandard 908 form vmentry <vmtarget> ; # java/lang/invoke/LambdaForm$DMH+0x0000020a288ec000
instanceKlass org/hibernate/persister/entity/mutation/UpdateCoordinatorStandard$InclusionChecker
instanceKlass org/hibernate/sql/model/ast/builder/TableUpdateBuilder
instanceKlass org/hibernate/sql/model/ast/builder/RestrictedTableMutationBuilder
instanceKlass org/hibernate/metamodel/mapping/ModelPart$JdbcValueConsumer
instanceKlass org/hibernate/sql/model/internal/EntityMutationOperationGroupStandard
instanceKlass org/hibernate/sql/model/EntityMutationOperationGroup
instanceKlass org/hibernate/sql/model/internal/MutationOperationGroupFactory
instanceKlass org/hibernate/engine/jdbc/mutation/internal/JdbcValueDescriptorImpl
instanceKlass org/hibernate/sql/model/jdbc/JdbcValueDescriptor
instanceKlass org/hibernate/sql/model/PreparableMutationOperation$1
instanceKlass org/hibernate/sql/model/jdbc/AbstractJdbcMutation
instanceKlass  @bci org/hibernate/sql/ast/spi/AbstractSqlAstTranslator renderInsertInto (Lorg/hibernate/sql/model/internal/TableInsertStandard;)V 61 <appendix> member <vmtarget> ; # org/hibernate/sql/ast/spi/AbstractSqlAstTranslator$$Lambda+0x0000020a288e7208
instanceKlass  @bci org/hibernate/sql/ast/spi/AbstractSqlAstTranslator renderInsertInto (Lorg/hibernate/sql/model/internal/TableInsertStandard;)V 28 <appendix> member <vmtarget> ; # org/hibernate/sql/ast/spi/AbstractSqlAstTranslator$$Lambda+0x0000020a288e6fd8
instanceKlass org/hibernate/query/spi/QueryOptionsAdapter
instanceKlass org/hibernate/query/spi/Limit
instanceKlass org/hibernate/engine/jdbc/mutation/internal/MutationQueryOptions
instanceKlass org/hibernate/internal/util/collections/StandardStack
instanceKlass org/hibernate/sql/exec/internal/JdbcParametersImpl
instanceKlass org/hibernate/sql/exec/spi/JdbcParameters
instanceKlass org/hibernate/sql/ast/tree/expression/SelfRenderingExpression
instanceKlass org/hibernate/sql/exec/spi/JdbcParameterBinding
instanceKlass org/hibernate/sql/ast/tree/expression/Literal
instanceKlass org/hibernate/sql/exec/spi/JdbcOperationQueryInsert
instanceKlass org/hibernate/sql/exec/spi/JdbcOperationQueryMutation
instanceKlass org/hibernate/sql/exec/spi/JdbcOperationQuery
instanceKlass org/hibernate/internal/util/collections/Stack
instanceKlass org/hibernate/sql/ast/spi/AbstractSqlAstTranslator
instanceKlass org/hibernate/sql/model/internal/MutationGroupSingle
instanceKlass org/hibernate/sql/model/ast/AbstractTableMutation
instanceKlass  @bci org/springframework/data/repository/query/parser/PartTree$OrPart <init> (Ljava/lang/String;Ljava/lang/Class;Z)V 30 <appendix> form vmentry <vmtarget> ; # java/lang/invoke/LambdaForm$DMH+0x0000020a288dc800
instanceKlass  @bci org/hibernate/persister/entity/mutation/InsertCoordinatorStandard applyTableInsertDetails (Lorg/hibernate/sql/model/ast/builder/MutationGroupBuilder;[ZLjava/lang/Object;Lorg/hibernate/engine/spi/SharedSessionContractImplementor;Z)V 46 <appendix> member <vmtarget> ; # org/hibernate/persister/entity/mutation/InsertCoordinatorStandard$$Lambda+0x0000020a288dbd20
instanceKlass  @cpi org/hibernate/persister/entity/mutation/InsertCoordinatorStandard 441 form vmentry <vmtarget> ; # java/lang/invoke/LambdaForm$DMH+0x0000020a288dc400
instanceKlass org/hibernate/sql/model/ast/ColumnValueBinding
instanceKlass org/hibernate/sql/model/ast/ColumnWriteFragment
instanceKlass org/hibernate/sql/exec/internal/AbstractJdbcParameter
instanceKlass org/hibernate/sql/exec/spi/JdbcParameterBinder
instanceKlass org/hibernate/sql/ast/tree/expression/JdbcParameter
instanceKlass org/hibernate/sql/ast/tree/expression/ColumnReference
instanceKlass org/hibernate/sql/model/ast/builder/ColumnValueBindingBuilder
instanceKlass  @bci org/hibernate/sql/model/ast/builder/AbstractTableMutationBuilder createValueBinding (Ljava/lang/String;Ljava/lang/String;Lorg/hibernate/metamodel/mapping/JdbcMapping;Lorg/hibernate/engine/jdbc/mutation/ParameterUsage;)Lorg/hibernate/sql/model/ast/ColumnValueBinding; 18 <appendix> member <vmtarget> ; # org/hibernate/sql/model/ast/builder/AbstractTableMutationBuilder$$Lambda+0x0000020a288d9cd0
instanceKlass  @bci org/hibernate/metamodel/mapping/ValuedModelPart forEachInsertable (Lorg/hibernate/metamodel/mapping/SelectableConsumer;)V 2 <appendix> member <vmtarget> ; # org/hibernate/metamodel/mapping/ValuedModelPart$$Lambda+0x0000020a288d9660
instanceKlass  @bci org/hibernate/sql/model/ast/builder/MutationGroupBuilder forEachTableMutationBuilder (Ljava/util/function/Consumer;)V 5 <appendix> member <vmtarget> ; # org/hibernate/sql/model/ast/builder/MutationGroupBuilder$$Lambda+0x0000020a288d9430
instanceKlass  @bci org/hibernate/persister/entity/mutation/InsertCoordinatorStandard applyTableInsertDetails (Lorg/hibernate/sql/model/ast/builder/MutationGroupBuilder;[ZLjava/lang/Object;Lorg/hibernate/engine/spi/SharedSessionContractImplementor;Z)V 18 <appendix> member <vmtarget> ; # org/hibernate/persister/entity/mutation/InsertCoordinatorStandard$$Lambda+0x0000020a288d9200
instanceKlass  @cpi org/hibernate/persister/entity/mutation/InsertCoordinatorStandard 435 form vmentry <vmtarget> ; # java/lang/invoke/LambdaForm$DMH+0x0000020a288dc000
instanceKlass org/hibernate/sql/model/ast/TableInsert
instanceKlass org/hibernate/sql/model/ast/builder/AbstractTableMutationBuilder
instanceKlass org/hibernate/sql/model/ast/builder/TableInsertBuilder
instanceKlass org/hibernate/sql/model/ast/builder/ColumnValuesTableMutationBuilder
instanceKlass  @bci org/hibernate/persister/entity/mutation/InsertCoordinatorStandard generateStaticOperationGroup ()Lorg/hibernate/sql/model/MutationOperationGroup; 21 <appendix> member <vmtarget> ; # org/hibernate/persister/entity/mutation/InsertCoordinatorStandard$$Lambda+0x0000020a288d1c78
instanceKlass org/hibernate/sql/model/ast/MutationGroup
instanceKlass org/hibernate/sql/model/ast/builder/MutationGroupBuilder
instanceKlass org/hibernate/sql/model/ValuesAnalysis
instanceKlass org/hibernate/persister/entity/mutation/AbstractMutationCoordinator
instanceKlass  @bci org/hibernate/spi/NavigablePath <init> (Lorg/hibernate/spi/NavigablePath;Ljava/lang/String;Ljava/lang/String;)V 138 <appendix> argL0 ; # org/hibernate/spi/NavigablePath$$Lambda+0x0000020a288d34d0
instanceKlass org/hibernate/generator/values/GeneratedValueBasicResultBuilder
instanceKlass org/hibernate/query/results/ResultBuilder
instanceKlass org/hibernate/sql/results/jdbc/spi/JdbcValuesMapping
instanceKlass org/hibernate/generator/values/internal/GeneratedValuesMappingProducer
instanceKlass org/hibernate/sql/ast/tree/from/AbstractTableReference
instanceKlass org/hibernate/sql/ast/tree/from/ColumnReferenceQualifier$1
instanceKlass org/hibernate/sql/ast/spi/SqlSelection
instanceKlass org/hibernate/sql/ast/tree/from/AbstractColumnReferenceQualifier
instanceKlass  @bci org/hibernate/spi/NavigablePath <init> (Ljava/lang/String;Ljava/lang/String;)V 30 <appendix> argL0 ; # org/hibernate/spi/NavigablePath$$Lambda+0x0000020a288d7108
instanceKlass org/hibernate/spi/NavigablePath$FullPathCalculator
instanceKlass org/hibernate/spi/NavigablePath
instanceKlass org/hibernate/id/IdentifierGeneratorHelper
instanceKlass org/hibernate/sql/results/spi/RowTransformer
instanceKlass org/hibernate/sql/results/jdbc/spi/JdbcValues
instanceKlass org/hibernate/sql/results/jdbc/spi/JdbcValuesSourceProcessingOptions
instanceKlass org/hibernate/sql/results/jdbc/internal/ResultSetAccess
instanceKlass org/hibernate/sql/results/jdbc/spi/JdbcValuesMetadata
instanceKlass org/hibernate/sql/exec/spi/ExecutionContext
instanceKlass org/hibernate/generator/values/GeneratedValues
instanceKlass org/hibernate/generator/values/internal/GeneratedValuesHelper
instanceKlass org/hibernate/sql/model/ast/builder/TableMutationBuilder
instanceKlass org/hibernate/generator/values/AbstractGeneratedValuesMutationDelegate
instanceKlass org/hibernate/dialect/identity/IdentityColumnSupportImpl
instanceKlass  @bci org/hibernate/persister/entity/AbstractEntityPersister collectAttributesIndexesForTable (ILjava/util/function/Consumer;)V 4 <adapter> ; # java/lang/invoke/LambdaForm$MH+0x0000020a288d1000
instanceKlass  @bci org/hibernate/persister/entity/AbstractEntityPersister collectAttributesIndexesForTable (ILjava/util/function/Consumer;)V 4 <appendix> form vmentry <vmtarget> ; # java/lang/invoke/LambdaForm$DMH+0x0000020a288d0c00
instanceKlass  @bci org/hibernate/persister/entity/AbstractEntityPersister collectAttributesIndexesForTable (ILjava/util/function/Consumer;)V 4 <appendix> member <vmtarget> ; # org/hibernate/persister/entity/AbstractEntityPersister$$Lambda+0x0000020a288cf268
instanceKlass  @cpi org/hibernate/persister/entity/AbstractEntityPersister 4177 form vmentry <vmtarget> ; # java/lang/invoke/LambdaForm$DMH+0x0000020a288d0800
instanceKlass  @bci org/hibernate/persister/entity/AbstractEntityPersister lambda$buildTableMappings$9 (Ljava/util/LinkedHashMap;Ljava/lang/String;ILjava/util/function/Supplier;)V 279 <appendix> member <vmtarget> ; # org/hibernate/persister/entity/AbstractEntityPersister$$Lambda+0x0000020a288cf038
instanceKlass org/hibernate/persister/entity/mutation/EntityTableMapping
instanceKlass org/hibernate/persister/entity/mutation/EntityTableMapping$KeyMapping
instanceKlass org/hibernate/metamodel/mapping/TableDetails$KeyDetails
instanceKlass org/hibernate/persister/entity/AbstractEntityPersister$TableMappingBuilder
instanceKlass org/hibernate/persister/entity/mutation/EntityTableMapping$KeyColumn
instanceKlass org/hibernate/metamodel/mapping/TableDetails$KeyColumn
instanceKlass  @bci org/hibernate/metamodel/mapping/SelectableConsumer accept (Ljava/lang/String;Lorg/hibernate/metamodel/mapping/JdbcMappingContainer;[Ljava/lang/String;)V 40 <appendix> member <vmtarget> ; # org/hibernate/metamodel/mapping/SelectableConsumer$$Lambda+0x0000020a288cddc8
instanceKlass  @cpi org/hibernate/metamodel/mapping/SelectableConsumer 62 form vmentry <vmtarget> ; # java/lang/invoke/LambdaForm$DMH+0x0000020a288d0400
instanceKlass org/hibernate/metamodel/mapping/SelectableConsumer$MutableSelectableMapping
instanceKlass  @bci org/hibernate/persister/entity/AbstractEntityPersister lambda$buildTableMappings$9 (Ljava/util/LinkedHashMap;Ljava/lang/String;ILjava/util/function/Supplier;)V 48 <appendix> member <vmtarget> ; # org/hibernate/persister/entity/AbstractEntityPersister$$Lambda+0x0000020a288cd7f0
instanceKlass  @bci org/hibernate/persister/entity/SingleTableEntityPersister lambda$visitMutabilityOrderedTables$3 (Ljava/lang/String;I)Ljava/util/function/Consumer; 3 <appendix> member <vmtarget> ; # org/hibernate/persister/entity/SingleTableEntityPersister$$Lambda+0x0000020a288cd5c0
instanceKlass  @bci org/hibernate/persister/entity/SingleTableEntityPersister visitMutabilityOrderedTables (Lorg/hibernate/persister/entity/AbstractEntityPersister$MutabilityOrderedTableConsumer;)V 29 <appendix> member <vmtarget> ; # org/hibernate/persister/entity/SingleTableEntityPersister$$Lambda+0x0000020a288cd3a0
instanceKlass  @bci org/hibernate/persister/entity/AbstractEntityPersister buildTableMappings ()[Lorg/hibernate/persister/entity/mutation/EntityTableMapping; 11 <appendix> member <vmtarget> ; # org/hibernate/persister/entity/AbstractEntityPersister$$Lambda+0x0000020a288cd180
instanceKlass  @cpi org/hibernate/persister/entity/AbstractEntityPersister 4170 form vmentry <vmtarget> ; # java/lang/invoke/LambdaForm$DMH+0x0000020a288d0000
instanceKlass org/hibernate/persister/entity/AbstractEntityPersister$MutabilityOrderedTableConsumer
instanceKlass org/hibernate/metamodel/mapping/internal/SelectableMappingsImpl
instanceKlass org/hibernate/metamodel/mapping/SelectableConsumer$1
instanceKlass  @bci org/hibernate/metamodel/mapping/internal/AbstractEmbeddableMapping lambda$initColumnMappings$3 (Ljava/util/List;ILorg/hibernate/metamodel/mapping/AttributeMapping;)V 2 <appendix> member <vmtarget> ; # org/hibernate/metamodel/mapping/internal/AbstractEmbeddableMapping$$Lambda+0x0000020a288cc510
instanceKlass  @bci org/hibernate/metamodel/mapping/internal/AbstractEmbeddableMapping initColumnMappings ()Z 18 <appendix> member <vmtarget> ; # org/hibernate/metamodel/mapping/internal/AbstractEmbeddableMapping$$Lambda+0x0000020a288cc2f0
instanceKlass org/hibernate/internal/util/IndexedConsumer
instanceKlass  @bci org/hibernate/metamodel/mapping/internal/EmbeddableMappingTypeImpl finishInitialization (Lorg/hibernate/mapping/Component;Lorg/hibernate/type/CompositeType;Ljava/lang/String;[Ljava/lang/String;Lorg/hibernate/mapping/DependantValue;I[Z[ZLorg/hibernate/metamodel/mapping/internal/MappingModelCreationProcess;)Z 1089 <appendix> member <vmtarget> ; # org/hibernate/metamodel/mapping/internal/EmbeddableMappingTypeImpl$$Lambda+0x0000020a288cbed8
instanceKlass org/hibernate/internal/util/NullnessUtil
instanceKlass  @bci org/hibernate/persister/entity/AbstractEntityPersister lambda$prepareMappingModel$11 ()Z 24 <appendix> member <vmtarget> ; # org/hibernate/persister/entity/AbstractEntityPersister$$Lambda+0x0000020a288cbaa8
instanceKlass org/hibernate/metamodel/mapping/AssociationKey
instanceKlass org/hibernate/metamodel/mapping/internal/SimpleForeignKeyDescriptorSide
instanceKlass org/hibernate/metamodel/mapping/ForeignKeyDescriptor$Side
instanceKlass org/hibernate/metamodel/mapping/internal/SimpleForeignKeyDescriptor
instanceKlass org/hibernate/metamodel/mapping/internal/SqlTypedMappingImpl
instanceKlass org/hibernate/property/access/internal/ChainedPropertyAccessImpl
instanceKlass org/hibernate/metamodel/mapping/MappingModelCreationLogging
instanceKlass  @bci org/hibernate/metamodel/mapping/internal/EmbeddableMappingTypeImpl from (Lorg/hibernate/mapping/Component;Lorg/hibernate/type/CompositeType;Ljava/lang/String;[Ljava/lang/String;Lorg/hibernate/mapping/Property;Lorg/hibernate/mapping/DependantValue;I[Z[ZLjava/util/function/Function;Lorg/hibernate/metamodel/mapping/internal/MappingModelCreationProcess;)Lorg/hibernate/metamodel/mapping/internal/EmbeddableMappingTypeImpl; 77 <adapter> ; # java/lang/invoke/LambdaForm$MH+0x0000020a288c1c00
# instanceKlass java/lang/invoke/LambdaForm$DMH+0x0000020a288c1800
instanceKlass  @bci org/hibernate/metamodel/mapping/internal/EmbeddableMappingTypeImpl from (Lorg/hibernate/mapping/Component;Lorg/hibernate/type/CompositeType;Ljava/lang/String;[Ljava/lang/String;Lorg/hibernate/mapping/Property;Lorg/hibernate/mapping/DependantValue;I[Z[ZLjava/util/function/Function;Lorg/hibernate/metamodel/mapping/internal/MappingModelCreationProcess;)Lorg/hibernate/metamodel/mapping/internal/EmbeddableMappingTypeImpl; 77 <appendix> form vmentry <vmtarget> ; # java/lang/invoke/LambdaForm$DMH+0x0000020a288c1400
instanceKlass  @bci org/hibernate/metamodel/mapping/internal/EmbeddableMappingTypeImpl from (Lorg/hibernate/mapping/Component;Lorg/hibernate/type/CompositeType;Ljava/lang/String;[Ljava/lang/String;Lorg/hibernate/mapping/Property;Lorg/hibernate/mapping/DependantValue;I[Z[ZLjava/util/function/Function;Lorg/hibernate/metamodel/mapping/internal/MappingModelCreationProcess;)Lorg/hibernate/metamodel/mapping/internal/EmbeddableMappingTypeImpl; 77 <appendix> member <vmtarget> ; # org/hibernate/metamodel/mapping/internal/EmbeddableMappingTypeImpl$$Lambda+0x0000020a288c7a18
instanceKlass  @cpi org/hibernate/metamodel/mapping/internal/EmbeddableMappingTypeImpl 454 form vmentry <vmtarget> ; # java/lang/invoke/LambdaForm$DMH+0x0000020a288c1000
instanceKlass org/hibernate/metamodel/internal/AbstractCompositeIdentifierMapping
instanceKlass org/hibernate/metamodel/mapping/AggregatedIdentifierMapping
instanceKlass org/hibernate/metamodel/internal/StandardEmbeddableInstantiator
instanceKlass  @bci org/hibernate/type/descriptor/java/spi/RegistryHelper createTypeDescriptor (Ljava/lang/reflect/Type;Ljava/util/function/Supplier;Lorg/hibernate/type/spi/TypeConfiguration;)Lorg/hibernate/type/descriptor/java/JavaType; 6 <appendix> member <vmtarget> ; # org/hibernate/type/descriptor/java/spi/RegistryHelper$$Lambda+0x0000020a288c68d0
instanceKlass  @bci org/hibernate/type/descriptor/java/spi/JavaTypeRegistry lambda$resolveDescriptor$2 (Ljava/lang/reflect/Type;Ljava/util/function/BiFunction;)Lorg/hibernate/type/descriptor/java/JavaType; 94 <appendix> member <vmtarget> ; # org/hibernate/type/descriptor/java/spi/JavaTypeRegistry$$Lambda+0x0000020a288c66b0
instanceKlass org/hibernate/metamodel/internal/AbstractEmbeddableRepresentationStrategy
instanceKlass  @bci org/hibernate/metamodel/mapping/internal/EmbeddableMappingTypeImpl <init> (Lorg/hibernate/mapping/Component;Lorg/hibernate/mapping/Property;Ljava/util/function/Function;Lorg/hibernate/metamodel/spi/RuntimeModelCreationContext;)V 27 <appendix> member <vmtarget> ; # org/hibernate/metamodel/mapping/internal/EmbeddableMappingTypeImpl$$Lambda+0x0000020a288c5f40
instanceKlass org/hibernate/metamodel/mapping/internal/MutableAttributeMappingList
instanceKlass org/hibernate/metamodel/mapping/internal/AbstractEmbeddableMapping
instanceKlass  @bci org/hibernate/metamodel/mapping/internal/MappingModelCreationHelper buildEncapsulatedCompositeIdentifierMapping (Lorg/hibernate/persister/entity/EntityPersister;Lorg/hibernate/mapping/Property;Ljava/lang/String;Ljava/lang/String;[Ljava/lang/String;Lorg/hibernate/type/CompositeType;Lorg/hibernate/metamodel/mapping/internal/MappingModelCreationProcess;)Lorg/hibernate/metamodel/mapping/EntityIdentifierMapping; 77 <appendix> member <vmtarget> ; # org/hibernate/metamodel/mapping/internal/MappingModelCreationHelper$$Lambda+0x0000020a288bf278
instanceKlass  @bci org/hibernate/persister/entity/AbstractEntityPersister prepareMappingModel (Lorg/hibernate/metamodel/mapping/internal/MappingModelCreationProcess;)V 379 <appendix> member <vmtarget> ; # org/hibernate/persister/entity/AbstractEntityPersister$$Lambda+0x0000020a288bf058
instanceKlass org/hibernate/metamodel/mapping/internal/ImmutableAttributeMappingsMap$AttributeMappingIterator
instanceKlass org/hibernate/metamodel/mapping/internal/ImmutableAttributeMappingsMap$AttributeMappingIterable
instanceKlass org/hibernate/metamodel/mapping/internal/ImmutableAttributeMappingList
instanceKlass org/hibernate/metamodel/mapping/AttributeMappingsList
instanceKlass org/hibernate/metamodel/mapping/internal/ImmutableAttributeMappingList$Builder
instanceKlass  @bci org/hibernate/metamodel/mapping/internal/MappingModelCreationHelper buildSingularAssociationAttributeMapping (Ljava/lang/String;Lorg/hibernate/metamodel/model/domain/NavigableRole;IILorg/hibernate/mapping/Property;Lorg/hibernate/metamodel/mapping/ManagedMappingType;Lorg/hibernate/persister/entity/EntityPersister;Lorg/hibernate/type/EntityType;Lorg/hibernate/property/access/spi/PropertyAccess;Lorg/hibernate/engine/spi/CascadeStyle;Lorg/hibernate/metamodel/mapping/internal/MappingModelCreationProcess;Ljava/util/function/Function;)Lorg/hibernate/metamodel/mapping/internal/ToOneAttributeMapping; 386 <appendix> member <vmtarget> ; # org/hibernate/metamodel/mapping/internal/MappingModelCreationHelper$$Lambda+0x0000020a288bdf98
instanceKlass org/hibernate/metamodel/mapping/internal/MappingModelCreationHelper$1
instanceKlass  @bci org/hibernate/metamodel/mapping/internal/MappingModelCreationHelper buildPluralAttributeMapping (Ljava/lang/String;IILorg/hibernate/mapping/Property;Lorg/hibernate/metamodel/mapping/ManagedMappingType;Lorg/hibernate/property/access/spi/PropertyAccess;Lorg/hibernate/engine/spi/CascadeStyle;Lorg/hibernate/FetchMode;Lorg/hibernate/metamodel/mapping/internal/MappingModelCreationProcess;Ljava/util/function/Function;)Lorg/hibernate/metamodel/mapping/PluralAttributeMapping; 928 <appendix> member <vmtarget> ; # org/hibernate/metamodel/mapping/internal/MappingModelCreationHelper$$Lambda+0x0000020a288bd6f0
instanceKlass  @cpi org/hibernate/metamodel/mapping/internal/MappingModelCreationHelper 893 form vmentry <vmtarget> ; # java/lang/invoke/LambdaForm$DMH+0x0000020a288c0c00
instanceKlass  @bci org/hibernate/metamodel/mapping/internal/MappingModelCreationHelper buildPluralAttributeMapping (Ljava/lang/String;IILorg/hibernate/mapping/Property;Lorg/hibernate/metamodel/mapping/ManagedMappingType;Lorg/hibernate/property/access/spi/PropertyAccess;Lorg/hibernate/engine/spi/CascadeStyle;Lorg/hibernate/FetchMode;Lorg/hibernate/metamodel/mapping/internal/MappingModelCreationProcess;Ljava/util/function/Function;)Lorg/hibernate/metamodel/mapping/PluralAttributeMapping; 896 <appendix> member <vmtarget> ; # org/hibernate/metamodel/mapping/internal/MappingModelCreationHelper$$Lambda+0x0000020a288bd4d0
instanceKlass  @cpi org/hibernate/metamodel/mapping/internal/MappingModelCreationHelper 889 form vmentry <vmtarget> ; # java/lang/invoke/LambdaForm$DMH+0x0000020a288c0800
instanceKlass org/hibernate/metamodel/mapping/internal/PluralAttributeMappingImpl$1
instanceKlass org/hibernate/metamodel/mapping/PluralAttributeMapping$IndexMetadata
instanceKlass org/hibernate/metamodel/mapping/internal/FetchOptionsHelper$1
instanceKlass org/hibernate/metamodel/mapping/internal/FetchOptionsHelper
instanceKlass org/hibernate/metamodel/mapping/internal/MappingModelCreationHelper$CollectionMappingTypeImpl
instanceKlass org/hibernate/metamodel/mapping/internal/MappingModelCreationHelper$2
instanceKlass org/hibernate/metamodel/mapping/internal/MappingModelCreationProcess$PostInitCallbackEntry
instanceKlass  @bci org/hibernate/metamodel/mapping/internal/MappingModelCreationHelper buildEncapsulatedCompositeIdentifierMapping (Lorg/hibernate/persister/entity/EntityPersister;Lorg/hibernate/mapping/Property;Ljava/lang/String;Ljava/lang/String;[Ljava/lang/String;Lorg/hibernate/type/CompositeType;Lorg/hibernate/metamodel/mapping/internal/MappingModelCreationProcess;)Lorg/hibernate/metamodel/mapping/EntityIdentifierMapping; 77 <appendix> form vmentry <vmtarget> ; # java/lang/invoke/LambdaForm$DMH+0x0000020a288c0400
instanceKlass  @bci org/hibernate/metamodel/mapping/internal/MappingModelCreationHelper interpretElement (Lorg/hibernate/mapping/Collection;Ljava/lang/String;Lorg/hibernate/persister/collection/CollectionPersister;Ljava/lang/String;Lorg/hibernate/dialect/Dialect;Lorg/hibernate/metamodel/mapping/internal/MappingModelCreationProcess;)Lorg/hibernate/metamodel/mapping/CollectionPart; 362 <appendix> member <vmtarget> ; # org/hibernate/metamodel/mapping/internal/MappingModelCreationHelper$$Lambda+0x0000020a288bc420
instanceKlass  @cpi org/hibernate/metamodel/mapping/internal/MappingModelCreationHelper 1035 form vmentry <vmtarget> ; # java/lang/invoke/LambdaForm$DMH+0x0000020a288c0000
instanceKlass org/hibernate/metamodel/mapping/internal/MappingModelCreationProcess$PostInitCallback
instanceKlass org/hibernate/sql/results/graph/entity/EntityFetch
instanceKlass org/hibernate/sql/results/graph/entity/EntityResultGraphNode
instanceKlass org/hibernate/metamodel/mapping/internal/AbstractEntityCollectionPart
instanceKlass org/hibernate/metamodel/mapping/internal/ImmutableAttributeMappingsMap
instanceKlass org/hibernate/metamodel/mapping/SelectablePath
instanceKlass org/hibernate/metamodel/mapping/EmbeddableMappingType
instanceKlass org/hibernate/metamodel/mapping/internal/SimpleAttributeMetadata
instanceKlass org/hibernate/sql/ast/tree/update/Assignable
instanceKlass org/hibernate/boot/model/internal/SoftDeleteHelper
instanceKlass org/hibernate/engine/spi/IdentifierValue
instanceKlass org/hibernate/engine/spi/UnsavedValueStrategy
# instanceKlass java/lang/invoke/LambdaForm$MH+0x0000020a288acc00
instanceKlass org/hibernate/engine/internal/UnsavedValueFactory
instanceKlass  @bci org/hibernate/metamodel/mapping/internal/BasicEntityIdentifierMappingImpl getMappedType ()Lorg/hibernate/metamodel/mapping/MappingType; 9 <appendix> member <vmtarget> ; # org/hibernate/metamodel/mapping/internal/BasicEntityIdentifierMappingImpl$$Lambda+0x0000020a288b4850
instanceKlass org/hibernate/sql/results/graph/Fetch
instanceKlass org/hibernate/metamodel/mapping/internal/BasicEntityIdentifierMappingImpl
instanceKlass org/hibernate/metamodel/mapping/BasicEntityIdentifierMapping
instanceKlass org/hibernate/metamodel/mapping/internal/SingleAttributeIdentifierMapping
instanceKlass  @bci org/hibernate/persister/entity/AbstractEntityPersister prepareMappingModel (Lorg/hibernate/metamodel/mapping/internal/MappingModelCreationProcess;Lorg/hibernate/mapping/PersistentClass;)V 67 <appendix> member <vmtarget> ; # org/hibernate/persister/entity/AbstractEntityPersister$$Lambda+0x0000020a288b2da8
instanceKlass org/hibernate/metamodel/mapping/internal/MappingModelCreationProcess$SubPartMappingProducer
instanceKlass  @bci org/hibernate/persister/entity/AbstractEntityPersister prepareMappingModel (Lorg/hibernate/metamodel/mapping/internal/MappingModelCreationProcess;Lorg/hibernate/mapping/PersistentClass;)V 51 <appendix> member <vmtarget> ; # org/hibernate/persister/entity/AbstractEntityPersister$$Lambda+0x0000020a288b2990
instanceKlass  @bci org/hibernate/persister/entity/AbstractEntityPersister prepareMappingModel (Lorg/hibernate/metamodel/mapping/internal/MappingModelCreationProcess;Lorg/hibernate/mapping/PersistentClass;)V 43 <appendix> member <vmtarget> ; # org/hibernate/persister/entity/AbstractEntityPersister$$Lambda+0x0000020a288b2770
instanceKlass org/hibernate/internal/util/LazyValue
instanceKlass org/hibernate/metamodel/mapping/internal/MappingModelCreationProcess
instanceKlass  @bci org/hibernate/persister/collection/BasicCollectionPersister buildDeleteAllCoordinator ()Lorg/hibernate/persister/collection/mutation/RemoveCoordinator; 43 <appendix> member <vmtarget> ; # org/hibernate/persister/collection/BasicCollectionPersister$$Lambda+0x0000020a288b20f8
instanceKlass org/hibernate/persister/collection/mutation/RemoveCoordinatorStandard
instanceKlass org/hibernate/persister/collection/mutation/DeleteRowsCoordinatorStandard
instanceKlass org/hibernate/persister/collection/mutation/UpdateRowsCoordinatorNoOp
instanceKlass org/hibernate/engine/jdbc/batch/internal/BasicBatchKey
instanceKlass org/hibernate/persister/collection/mutation/InsertRowsCoordinatorStandard
instanceKlass  @bci org/hibernate/persister/collection/BasicCollectionPersister buildRowMutationOperations ()Lorg/hibernate/persister/collection/mutation/RowMutationOperations; 124 <appendix> member <vmtarget> ; # org/hibernate/persister/collection/BasicCollectionPersister$$Lambda+0x0000020a288b1360
instanceKlass org/hibernate/persister/collection/mutation/RowMutationOperations$Restrictions
instanceKlass  @bci org/hibernate/persister/collection/BasicCollectionPersister buildRowMutationOperations ()Lorg/hibernate/persister/collection/mutation/RowMutationOperations; 116 <appendix> member <vmtarget> ; # org/hibernate/persister/collection/BasicCollectionPersister$$Lambda+0x0000020a288afd48
instanceKlass  @bci org/hibernate/persister/collection/BasicCollectionPersister buildRowMutationOperations ()Lorg/hibernate/persister/collection/mutation/RowMutationOperations; 22 <appendix> member <vmtarget> ; # org/hibernate/persister/collection/BasicCollectionPersister$$Lambda+0x0000020a288afb28
instanceKlass  @cpi org/hibernate/persister/entity/mutation/UpdateCoordinatorStandard$UpdateValuesAnalysisImpl 166 form vmentry <vmtarget> ; # java/lang/invoke/LambdaForm$DMH+0x0000020a288ac800
instanceKlass org/hibernate/persister/collection/mutation/RowMutationOperations$Values
instanceKlass  @bci org/hibernate/persister/collection/BasicCollectionPersister buildRowMutationOperations ()Lorg/hibernate/persister/collection/mutation/RowMutationOperations; 15 <appendix> member <vmtarget> ; # org/hibernate/persister/collection/BasicCollectionPersister$$Lambda+0x0000020a288af710
instanceKlass org/hibernate/sql/model/ast/MutatingTableReference
instanceKlass org/hibernate/persister/collection/mutation/OperationProducer
instanceKlass org/hibernate/persister/collection/mutation/RemoveCoordinatorNoOp
instanceKlass org/hibernate/persister/collection/mutation/DeleteRowsCoordinatorNoOp
instanceKlass org/hibernate/persister/collection/mutation/AbstractUpdateRowsCoordinator
instanceKlass org/hibernate/persister/collection/mutation/InsertRowsCoordinatorNoOp
instanceKlass org/hibernate/sql/model/ModelMutationLogging
instanceKlass  @bci org/hibernate/persister/collection/mutation/RowMutationOperations <clinit> ()V 24 <appendix> argL0 ; # org/hibernate/persister/collection/mutation/RowMutationOperations$$Lambda+0x0000020a288ae218
instanceKlass  @bci org/hibernate/persister/collection/mutation/RowMutationOperations <clinit> ()V 16 <appendix> argL0 ; # org/hibernate/persister/collection/mutation/RowMutationOperations$$Lambda+0x0000020a288ae000
instanceKlass  @cpi org/hibernate/persister/collection/mutation/RowMutationOperations 155 form vmentry <vmtarget> ; # java/lang/invoke/LambdaForm$DMH+0x0000020a288ac400
# instanceKlass java/lang/invoke/LambdaForm$DMH+0x0000020a288ac000
instanceKlass org/hibernate/engine/jdbc/mutation/JdbcValueBindings
instanceKlass org/hibernate/persister/collection/mutation/RowMutationOperations
instanceKlass org/hibernate/sql/model/TableMapping$MutationDetails
instanceKlass org/hibernate/persister/collection/mutation/CollectionTableMapping
instanceKlass org/hibernate/dialect/SQLServerDialect$3
instanceKlass org/hibernate/sql/ComparisonRestriction
instanceKlass org/hibernate/sql/Restriction
instanceKlass org/hibernate/sql/SimpleSelect
instanceKlass org/hibernate/sql/RestrictionRenderingContext
instanceKlass org/hibernate/cache/spi/entry/UnstructuredCacheEntry
instanceKlass org/hibernate/collection/internal/CustomCollectionTypeSemantics
instanceKlass org/hibernate/collection/internal/StandardCollectionSemanticsResolver
# instanceKlass java/lang/invoke/LambdaForm$MH+0x0000020a288a1c00
# instanceKlass java/lang/invoke/LambdaForm$MH+0x0000020a288a1800
instanceKlass org/hibernate/persister/collection/mutation/RemoveCoordinator
instanceKlass org/hibernate/persister/collection/mutation/DeleteRowsCoordinator
instanceKlass org/hibernate/persister/collection/mutation/UpdateRowsCoordinator
instanceKlass org/hibernate/persister/collection/mutation/InsertRowsCoordinator
instanceKlass org/hibernate/persister/collection/mutation/CollectionOperationCoordinator
instanceKlass org/hibernate/sql/model/jdbc/JdbcMutationOperation
instanceKlass org/hibernate/sql/exec/spi/JdbcOperation
instanceKlass org/hibernate/sql/model/ast/RestrictedTableMutation
instanceKlass org/hibernate/query/spi/QueryOptions
instanceKlass org/hibernate/sql/model/ast/TableMutation
instanceKlass org/hibernate/loader/ast/spi/CollectionLoader
instanceKlass org/hibernate/metamodel/mapping/SelectableConsumer
instanceKlass org/hibernate/persister/collection/AbstractCollectionPersister
instanceKlass org/hibernate/persister/collection/DeprecatedCollectionStuff
instanceKlass org/hibernate/metadata/CollectionMetadata
instanceKlass org/hibernate/persister/collection/SQLLoadableCollection
instanceKlass org/hibernate/persister/collection/QueryableCollection
instanceKlass org/hibernate/metamodel/mapping/internal/PluralAttributeMappingImpl$Aware
instanceKlass org/hibernate/persister/collection/mutation/CollectionMutationTarget
instanceKlass com/example/WebApartment/Models/Statistic$HibernateInstantiator$BWEdfQDj
instanceKlass com/example/WebApartment/Models/Province$HibernateInstantiator$mUaEJcwP
# instanceKlass java/lang/invoke/LambdaForm$MH+0x0000020a288a1400
# instanceKlass java/lang/invoke/LambdaForm$MH+0x0000020a288a1000
# instanceKlass java/lang/invoke/LambdaForm$MH+0x0000020a288a0c00
instanceKlass com/example/WebApartment/Models/Ward$HibernateInstantiator$JgiUEHq2
instanceKlass com/example/WebApartment/Models/District$HibernateInstantiator$6vepjPL0
instanceKlass  @bci org/hibernate/mapping/Component getColumns ()Ljava/util/List; 20 <appendix> argL0 ; # org/hibernate/mapping/Component$$Lambda+0x0000020a288a4f48
instanceKlass com/example/WebApartment/Models/FavoriteListings$HibernateInstantiator$snvMItD3
instanceKlass com/example/WebApartment/Models/Feature$HibernateInstantiator$UZiXgVWE
instanceKlass com/example/WebApartment/Models/Role$HibernateInstantiator$Jz7a469e
instanceKlass com/example/WebApartment/Models/ListingMedia$HibernateInstantiator$uqYr5I1u
# instanceKlass java/lang/invoke/LambdaForm$MH+0x0000020a288a0800
# instanceKlass java/lang/invoke/LambdaForm$MH+0x0000020a288a0400
# instanceKlass java/lang/invoke/LambdaForm$MH+0x0000020a288a0000
instanceKlass com/example/WebApartment/Models/Category$HibernateInstantiator$RmvKBcCf
instanceKlass com/example/WebApartment/Models/PaymentMethod$HibernateInstantiator$KTmoHq5j
instanceKlass com/example/WebApartment/Models/Listing$HibernateInstantiator$r8aHjO46
# instanceKlass java/lang/invoke/LambdaForm$MH+0x0000020a2889cc00
# instanceKlass java/lang/invoke/LambdaForm$MH+0x0000020a2889c800
# instanceKlass java/lang/invoke/LambdaForm$MH+0x0000020a2889c400
instanceKlass com/example/WebApartment/Models/User$HibernateInstantiator$pZkF831M
instanceKlass net/bytebuddy/description/type/TypeDescription$Generic$AnnotationReader$ForWildcardUpperBoundType$AnnotatedWildcardType
# instanceKlass java/lang/invoke/LambdaForm$MH+0x0000020a2889c000
instanceKlass net/bytebuddy/description/type/TypeDescription$Generic$AnnotationReader$ForTypeVariableBoundType$OfFormalTypeVariable$FormalTypeVariable
instanceKlass net/bytebuddy/description/type/TypeDescription$Generic$AnnotationReader$ForTypeVariableBoundType$AnnotatedTypeVariable
instanceKlass net/bytebuddy/description/type/TypeDescription$Generic$AnnotationReader$ForTypeArgument$AnnotatedParameterizedType
instanceKlass org/hibernate/internal/util/MarkerObject
instanceKlass org/hibernate/metamodel/model/domain/internal/EntityPersisterConcurrentMap$EntityPersisterHolder
instanceKlass org/hibernate/jdbc/Expectation$OutParameter
instanceKlass org/hibernate/jdbc/Expectation$RowCount
instanceKlass org/hibernate/jdbc/Expectation$None
instanceKlass org/hibernate/jdbc/Expectations
instanceKlass org/hibernate/jdbc/Expectation
instanceKlass org/hibernate/boot/model/relational/QualifiedNameParser$NameParts
instanceKlass org/hibernate/sql/ast/tree/from/LazyTableGroup$ParentTableGroupUseChecker
instanceKlass org/hibernate/metamodel/mapping/EntityAssociationMapping
instanceKlass org/hibernate/metamodel/mapping/Association
instanceKlass org/hibernate/metamodel/mapping/CollectionIdentifierDescriptor
instanceKlass org/hibernate/metamodel/mapping/CollectionMappingType
instanceKlass org/hibernate/metamodel/mapping/internal/EntityCollectionPart
instanceKlass org/hibernate/sql/results/graph/entity/EntityValuedFetchable
instanceKlass org/hibernate/metamodel/mapping/CollectionPart
instanceKlass org/hibernate/metamodel/mapping/ForeignKeyDescriptor
instanceKlass org/hibernate/metamodel/mapping/PluralAttributeMapping
instanceKlass org/hibernate/metamodel/mapping/NonAggregatedIdentifierMapping
instanceKlass org/hibernate/metamodel/mapping/CompositeIdentifierMapping
instanceKlass org/hibernate/metamodel/mapping/internal/AbstractAttributeMapping
instanceKlass org/hibernate/metamodel/mapping/SingularAttributeMapping
instanceKlass org/hibernate/sql/results/graph/embeddable/EmbeddableValuedFetchable
instanceKlass org/hibernate/metamodel/mapping/EmbeddableValuedModelPart
instanceKlass org/hibernate/sql/ast/tree/from/TableGroupJoinProducer
instanceKlass org/hibernate/metamodel/mapping/internal/MappingModelCreationHelper
instanceKlass org/hibernate/cache/spi/entry/CacheEntryStructure
instanceKlass org/hibernate/persister/entity/AbstractEntityPersister$NoopCacheEntryHelper
instanceKlass  @bci org/hibernate/persister/entity/AbstractEntityPersister <init> (Lorg/hibernate/mapping/PersistentClass;Lorg/hibernate/cache/spi/access/EntityDataAccess;Lorg/hibernate/cache/spi/access/NaturalIdDataAccess;Lorg/hibernate/metamodel/spi/RuntimeModelCreationContext;)V 1175 <appendix> member <vmtarget> ; # org/hibernate/persister/entity/AbstractEntityPersister$$Lambda+0x0000020a288882c8
instanceKlass org/hibernate/sql/ast/spi/StringBuilderSqlAppender
instanceKlass org/hibernate/loader/internal/AliasConstantsHelper
instanceKlass org/hibernate/persister/entity/AbstractPropertyMapping
instanceKlass org/hibernate/metamodel/internal/AbstractPojoInstantiator
instanceKlass org/hibernate/property/access/spi/SetterMethodImpl
instanceKlass org/hibernate/property/access/spi/GetterMethodImpl
instanceKlass org/hibernate/property/access/internal/PropertyAccessEmbeddedImpl
instanceKlass com/example/WebApartment/Models/Subscription$HibernateInstantiator$RaB83wON
instanceKlass net/bytebuddy/implementation/MethodCall$TargetHandler$ForConstructingInvocation
instanceKlass net/bytebuddy/implementation/MethodCall$TargetHandler$Resolved
instanceKlass net/bytebuddy/implementation/MethodCall$MethodInvoker$ForContextualInvocation
instanceKlass net/bytebuddy/implementation/MethodCall$Appender
instanceKlass net/bytebuddy/implementation/MethodCall$TerminationHandler
instanceKlass net/bytebuddy/implementation/MethodCall$MethodInvoker
instanceKlass net/bytebuddy/implementation/MethodCall$TargetHandler
instanceKlass net/bytebuddy/implementation/MethodCall$MethodLocator$ForExplicitMethod
instanceKlass net/bytebuddy/implementation/MethodCall$MethodLocator
instanceKlass net/bytebuddy/implementation/MethodCall$MethodInvoker$Factory
instanceKlass net/bytebuddy/implementation/MethodCall$TargetHandler$Factory
instanceKlass net/bytebuddy/implementation/MethodCall$ArgumentLoader$ForInstance$Factory
instanceKlass net/bytebuddy/implementation/MethodCall$ArgumentLoader$Factory
instanceKlass net/bytebuddy/implementation/MethodCall$ArgumentLoader$ArgumentProvider
instanceKlass net/bytebuddy/implementation/MethodCall$ArgumentLoader
instanceKlass net/bytebuddy/implementation/MethodCall$MethodLocator$Factory
instanceKlass net/bytebuddy/implementation/MethodCall$TerminationHandler$Factory
instanceKlass net/bytebuddy/implementation/MethodCall
instanceKlass org/hibernate/bytecode/spi/ReflectionOptimizer$InstantiationOptimizer
instanceKlass  @bci org/hibernate/bytecode/internal/bytebuddy/BytecodeProviderImpl getReflectionOptimizer (Ljava/lang/Class;Ljava/util/Map;)Lorg/hibernate/bytecode/spi/ReflectionOptimizer; 52 <appendix> member <vmtarget> ; # org/hibernate/bytecode/internal/bytebuddy/BytecodeProviderImpl$$Lambda+0x0000020a28880880
instanceKlass net/bytebuddy/description/type/PackageDescription$AbstractBase
instanceKlass net/bytebuddy/dynamic/loading/ClassInjector$UsingLookup$MethodHandles$Lookup
instanceKlass net/bytebuddy/utility/dispatcher/JavaDispatcher$Dispatcher$ForStaticMethod
instanceKlass net/bytebuddy/dynamic/loading/ClassInjector$UsingLookup$MethodHandles
instanceKlass net/bytebuddy/dynamic/loading/ClassInjector$AbstractBase
instanceKlass net/bytebuddy/dynamic/loading/ClassInjector
instanceKlass net/bytebuddy/dynamic/loading/ClassLoadingStrategy$UsingLookup
instanceKlass net/bytebuddy/dynamic/DynamicType$Loaded
instanceKlass net/bytebuddy/dynamic/DynamicType$Default
instanceKlass net/bytebuddy/dynamic/DynamicType$Unloaded
instanceKlass net/bytebuddy/dynamic/DynamicType
instanceKlass net/bytebuddy/dynamic/scaffold/TypeWriter$Default$UnresolvedType
instanceKlass net/bytebuddy/implementation/bytecode/constant/ClassConstant$ForReferenceType
instanceKlass net/bytebuddy/implementation/bytecode/ByteCodeAppender$Compound
instanceKlass net/bytebuddy/dynamic/scaffold/TypeInitializer$Simple
instanceKlass net/bytebuddy/implementation/bytecode/ByteCodeAppender$Simple
instanceKlass net/bytebuddy/dynamic/scaffold/TypeInitializer$Drain$Default
instanceKlass net/bytebuddy/description/method/MethodDescription$SignatureToken
instanceKlass net/bytebuddy/implementation/bytecode/Removal$2
instanceKlass net/bytebuddy/description/type/TypeDescription$Generic$AnnotationReader$Delegator$ForLoadedExecutableExceptionType$Dispatcher
instanceKlass net/bytebuddy/implementation/bytecode/ByteCodeAppender$Size
instanceKlass net/bytebuddy/implementation/Implementation$Context$Default$FieldCacheEntry
instanceKlass net/bytebuddy/implementation/bytecode/member/MethodInvocation$WithImplicitInvocationTargetType
instanceKlass net/bytebuddy/implementation/bind/MethodDelegationBinder$MethodBinding$Builder$Build
instanceKlass net/bytebuddy/implementation/bytecode/member/FieldAccess$AccessDispatcher
instanceKlass net/bytebuddy/implementation/bytecode/member/FieldAccess$Defined
instanceKlass net/bytebuddy/description/type/TypeDefinition$SuperClassIterator
instanceKlass net/bytebuddy/implementation/bytecode/assign/primitive/PrimitiveBoxingDelegate$BoxingStackManipulation
instanceKlass net/bytebuddy/implementation/bytecode/collection/ArrayFactory$ArrayStackManipulation
instanceKlass net/bytebuddy/implementation/bytecode/collection/ArrayFactory$ArrayCreator
instanceKlass net/bytebuddy/implementation/bytecode/collection/ArrayFactory
instanceKlass net/bytebuddy/implementation/bytecode/collection/CollectionFactory
instanceKlass net/bytebuddy/description/type/TypeDescription$Generic$AnnotationReader$ForComponentType$AnnotatedParameterizedType
instanceKlass net/bytebuddy/implementation/bytecode/constant/MethodConstant$CachedMethod
instanceKlass net/bytebuddy/implementation/bytecode/constant/MethodConstant$CanCache
instanceKlass net/bytebuddy/implementation/bytecode/member/MethodVariableAccess$MethodLoading$TypeCastingHandler
instanceKlass net/bytebuddy/implementation/bind/MethodDelegationBinder$MethodBinding$Builder
instanceKlass net/bytebuddy/implementation/bytecode/assign/primitive/PrimitiveUnboxingDelegate$ImplicitlyTypedUnboxingResponsible
instanceKlass net/bytebuddy/implementation/bytecode/StackManipulation$Size
instanceKlass net/bytebuddy/implementation/bytecode/assign/primitive/PrimitiveUnboxingDelegate$UnboxingResponsible
instanceKlass net/bytebuddy/dynamic/scaffold/TypeWriter$MethodPool$Record$AccessBridgeWrapper
instanceKlass net/bytebuddy/implementation/attribute/AnnotationAppender$Target$OnField
instanceKlass net/bytebuddy/dynamic/scaffold/TypeWriter$FieldPool$Record$ForExplicitField
instanceKlass net/bytebuddy/jar/asm/TypeReference
instanceKlass net/bytebuddy/implementation/attribute/AnnotationAppender$ForTypeAnnotations
instanceKlass net/bytebuddy/implementation/attribute/AnnotationAppender$Target$OnType
instanceKlass net/bytebuddy/implementation/attribute/AnnotationAppender$Default
instanceKlass net/bytebuddy/description/type/TypeDescription$Generic$Visitor$ForSignatureVisitor
instanceKlass net/bytebuddy/jar/asm/signature/SignatureVisitor
instanceKlass net/bytebuddy/dynamic/scaffold/TypeWriter$Default$ValidatingClassVisitor$Constraint
instanceKlass net/bytebuddy/dynamic/scaffold/TypeWriter$MethodPool$Record$ForDefinedMethod
instanceKlass net/bytebuddy/implementation/Implementation$Context$ExtractableView$AbstractBase
instanceKlass net/bytebuddy/description/type/RecordComponentDescription$InDefinedShape
instanceKlass net/bytebuddy/description/type/RecordComponentDescription
instanceKlass net/bytebuddy/dynamic/scaffold/TypeInitializer$Drain
instanceKlass net/bytebuddy/dynamic/scaffold/TypeWriter$Default$ClassDumpAction$Dispatcher$Enabled
instanceKlass net/bytebuddy/dynamic/scaffold/TypeWriter$Default$ClassDumpAction$Dispatcher
instanceKlass net/bytebuddy/dynamic/scaffold/inline/MethodRebaseResolver
instanceKlass net/bytebuddy/dynamic/scaffold/TypeWriter$Default
instanceKlass net/bytebuddy/dynamic/scaffold/TypeWriter
instanceKlass net/bytebuddy/pool/TypePool$Resolution$Simple
instanceKlass net/bytebuddy/pool/TypePool$Resolution$Illegal
instanceKlass net/bytebuddy/dynamic/scaffold/TypeWriter$RecordComponentPool$Record
instanceKlass net/bytebuddy/dynamic/scaffold/RecordComponentRegistry$Default$Compiled
instanceKlass net/bytebuddy/dynamic/scaffold/FieldRegistry$Default$Compiled
instanceKlass net/bytebuddy/description/type/TypeVariableToken
instanceKlass net/bytebuddy/description/type/TypeDescription$Generic$Visitor$Reducing
instanceKlass net/bytebuddy/description/field/FieldDescription$SignatureToken
instanceKlass net/bytebuddy/dynamic/scaffold/TypeWriter$FieldPool$Record
instanceKlass net/bytebuddy/dynamic/scaffold/FieldRegistry$Default$Compiled$Entry
instanceKlass net/bytebuddy/dynamic/scaffold/TypeWriter$MethodPool$Record$ForNonImplementedMethod
instanceKlass net/bytebuddy/dynamic/scaffold/MethodRegistry$Default$Compiled
instanceKlass net/bytebuddy/implementation/SuperMethodCall$Appender
instanceKlass net/bytebuddy/dynamic/scaffold/FieldLocator$Resolution$Simple
instanceKlass net/bytebuddy/dynamic/scaffold/FieldLocator$Resolution
instanceKlass net/bytebuddy/implementation/FieldAccessor$FieldLocation$Relative$Prepared
instanceKlass net/bytebuddy/implementation/FieldAccessor$ForImplicitProperty$Appender
instanceKlass net/bytebuddy/dynamic/scaffold/MethodRegistry$Default$Compiled$Entry
instanceKlass net/bytebuddy/implementation/bind/MethodDelegationBinder$Processor
instanceKlass net/bytebuddy/implementation/MethodDelegation$Appender
instanceKlass net/bytebuddy/implementation/bind/MethodDelegationBinder$MethodInvoker
instanceKlass net/bytebuddy/implementation/MethodDelegation$ImplementationDelegate$Compiled$ForStaticCall
instanceKlass net/bytebuddy/dynamic/scaffold/TypeWriter$MethodPool$Record
instanceKlass net/bytebuddy/dynamic/scaffold/MethodRegistry$Handler$ForImplementation$Compiled
instanceKlass net/bytebuddy/implementation/Implementation$SpecialMethodInvocation
instanceKlass net/bytebuddy/implementation/Implementation$Target$AbstractBase
instanceKlass net/bytebuddy/implementation/Implementation$Target
instanceKlass net/bytebuddy/dynamic/scaffold/MethodRegistry$Compiled
instanceKlass net/bytebuddy/dynamic/scaffold/TypeWriter$MethodPool
instanceKlass net/bytebuddy/dynamic/scaffold/MethodRegistry$Default$Prepared
instanceKlass net/bytebuddy/dynamic/scaffold/MethodRegistry$Default$Prepared$Entry
instanceKlass net/bytebuddy/dynamic/scaffold/MethodGraph$Linked$Delegation
instanceKlass net/bytebuddy/dynamic/scaffold/MethodGraph$Compiler$Default$Key$Store$Graph
instanceKlass net/bytebuddy/dynamic/scaffold/MethodGraph$Compiler$Default$Key$Store$Entry$Resolved$Node
instanceKlass net/bytebuddy/description/modifier/Visibility$1
instanceKlass org/hibernate/proxy/LazyInitializer
instanceKlass net/bytebuddy/dynamic/scaffold/MethodGraph$Node
instanceKlass net/bytebuddy/dynamic/scaffold/MethodGraph$Compiler$Default$Harmonizer$ForJavaMethod$Token
instanceKlass net/bytebuddy/description/method/MethodDescription$TypeToken
instanceKlass net/bytebuddy/dynamic/scaffold/MethodGraph$Compiler$Default$Key
instanceKlass net/bytebuddy/dynamic/scaffold/MethodGraph$Compiler$Default$Key$Store$Entry$Ambiguous
instanceKlass net/bytebuddy/dynamic/scaffold/MethodGraph$Compiler$Default$Key$Store$Entry$Resolved
instanceKlass net/bytebuddy/dynamic/scaffold/MethodGraph$Compiler$Default$Key$Store$Entry$Initial
instanceKlass net/bytebuddy/dynamic/scaffold/MethodGraph$Compiler$Default$Key$Store$Entry
instanceKlass net/bytebuddy/dynamic/scaffold/MethodGraph$Compiler$Default$Key$Store
instanceKlass net/bytebuddy/dynamic/scaffold/subclass/SubclassDynamicTypeBuilder$InstrumentableMatcher
instanceKlass net/bytebuddy/description/type/TypeDescription$Generic$LazyProxy
instanceKlass net/bytebuddy/description/type/TypeDescription$Generic$AnnotationReader$Delegator$ForLoadedExecutableParameterType$Dispatcher
instanceKlass net/bytebuddy/description/method/ParameterDescription$Token
instanceKlass net/bytebuddy/description/method/ParameterDescription$InGenericShape
instanceKlass net/bytebuddy/description/method/MethodDescription$Token
instanceKlass net/bytebuddy/description/method/MethodDescription$InGenericShape
instanceKlass net/bytebuddy/pool/TypePool$CacheProvider$Simple
instanceKlass net/bytebuddy/pool/TypePool$CacheProvider
instanceKlass net/bytebuddy/pool/TypePool$Resolution
instanceKlass net/bytebuddy/pool/TypePool$AbstractBase
instanceKlass net/bytebuddy/dynamic/TypeResolutionStrategy$Resolved
instanceKlass net/bytebuddy/matcher/LatentMatcher$Disjunction
instanceKlass net/bytebuddy/dynamic/scaffold/FieldRegistry$Default$Entry
instanceKlass net/bytebuddy/matcher/LatentMatcher$ForFieldToken
instanceKlass net/bytebuddy/implementation/attribute/FieldAttributeAppender
instanceKlass net/bytebuddy/description/field/FieldDescription$Token
instanceKlass net/bytebuddy/implementation/attribute/FieldAttributeAppender$Factory
instanceKlass net/bytebuddy/dynamic/scaffold/MethodRegistry$Default$Entry
instanceKlass net/bytebuddy/implementation/attribute/MethodAttributeAppender
instanceKlass net/bytebuddy/dynamic/Transformer
instanceKlass net/bytebuddy/dynamic/scaffold/MethodRegistry$Handler$Compiled
instanceKlass net/bytebuddy/dynamic/scaffold/MethodRegistry$Handler$ForImplementation
instanceKlass net/bytebuddy/dynamic/DynamicType$Builder$MethodDefinition$ImplementationDefinition$AbstractBase
instanceKlass net/bytebuddy/implementation/attribute/AnnotationAppender
instanceKlass net/bytebuddy/implementation/attribute/AnnotationAppender$Target
instanceKlass net/bytebuddy/dynamic/scaffold/RecordComponentRegistry$Compiled
instanceKlass net/bytebuddy/dynamic/scaffold/RecordComponentRegistry$Default
instanceKlass net/bytebuddy/dynamic/scaffold/MethodRegistry$Prepared
instanceKlass net/bytebuddy/dynamic/scaffold/MethodRegistry$Default
instanceKlass net/bytebuddy/dynamic/scaffold/FieldRegistry$Compiled
instanceKlass net/bytebuddy/dynamic/scaffold/FieldRegistry$Default
instanceKlass net/bytebuddy/description/type/TypeDescription$Generic$Visitor$Substitutor
instanceKlass net/bytebuddy/description/TypeVariableSource$Visitor
instanceKlass net/bytebuddy/description/modifier/ModifierContributor$ForParameter
instanceKlass net/bytebuddy/description/type/TypeDescription$LazyProxy
instanceKlass net/bytebuddy/dynamic/scaffold/RecordComponentRegistry
instanceKlass net/bytebuddy/dynamic/scaffold/MethodRegistry
instanceKlass net/bytebuddy/dynamic/scaffold/FieldRegistry
instanceKlass net/bytebuddy/dynamic/scaffold/TypeWriter$RecordComponentPool
instanceKlass net/bytebuddy/dynamic/scaffold/TypeWriter$FieldPool
instanceKlass net/bytebuddy/implementation/Implementation$Target$Factory
instanceKlass net/bytebuddy/asm/AsmVisitorWrapper
instanceKlass net/bytebuddy/implementation/attribute/TypeAttributeAppender
instanceKlass net/bytebuddy/dynamic/DynamicType$Builder$TypeVariableDefinition
instanceKlass net/bytebuddy/dynamic/DynamicType$Builder$MethodDefinition$ImplementationDefinition$Optional
instanceKlass net/bytebuddy/dynamic/DynamicType$Builder$RecordComponentDefinition$Optional
instanceKlass net/bytebuddy/dynamic/DynamicType$Builder$InnerTypeDefinition$ForType
instanceKlass net/bytebuddy/dynamic/DynamicType$Builder$InnerTypeDefinition
instanceKlass net/bytebuddy/dynamic/DynamicType$Builder$RecordComponentDefinition
instanceKlass net/bytebuddy/dynamic/DynamicType$Builder$FieldDefinition$Optional$Valuable
instanceKlass net/bytebuddy/dynamic/DynamicType$Builder$FieldDefinition$Valuable
instanceKlass net/bytebuddy/dynamic/TypeResolutionStrategy
instanceKlass net/bytebuddy/dynamic/DynamicType$Builder$MethodDefinition$ParameterDefinition$Initial
instanceKlass net/bytebuddy/dynamic/DynamicType$Builder$MethodDefinition$ParameterDefinition$Simple
instanceKlass net/bytebuddy/dynamic/DynamicType$Builder$MethodDefinition$ParameterDefinition
instanceKlass net/bytebuddy/dynamic/DynamicType$Builder$MethodDefinition$ExceptionDefinition
instanceKlass net/bytebuddy/dynamic/DynamicType$Builder$MethodDefinition$TypeVariableDefinition
instanceKlass net/bytebuddy/dynamic/DynamicType$Builder$MethodDefinition$ImplementationDefinition
instanceKlass net/bytebuddy/dynamic/DynamicType$Builder$FieldDefinition$Optional
instanceKlass net/bytebuddy/dynamic/DynamicType$Builder$FieldDefinition
instanceKlass net/bytebuddy/dynamic/DynamicType$Builder$MethodDefinition$ReceiverTypeDefinition
instanceKlass net/bytebuddy/dynamic/DynamicType$Builder$MethodDefinition
instanceKlass net/bytebuddy/dynamic/DynamicType$Builder$AbstractBase
instanceKlass net/bytebuddy/dynamic/scaffold/MethodRegistry$Handler
instanceKlass net/bytebuddy/implementation/attribute/MethodAttributeAppender$Factory
instanceKlass net/bytebuddy/NamingStrategy$Suffixing$BaseNameResolver$ForFixedValue
instanceKlass org/hibernate/bytecode/internal/bytebuddy/ByteBuddyState$1
instanceKlass net/bytebuddy/TypeCache$LookupKey
instanceKlass  @bci org/hibernate/bytecode/internal/bytebuddy/ByteBuddyState load (Ljava/lang/Class;Lnet/bytebuddy/TypeCache;Lnet/bytebuddy/TypeCache$SimpleKey;Ljava/util/function/Function;)Ljava/lang/Class; 10 <appendix> member <vmtarget> ; # org/hibernate/bytecode/internal/bytebuddy/ByteBuddyState$$Lambda+0x0000020a28829d10
instanceKlass  @bci org/hibernate/proxy/pojo/bytebuddy/ByteBuddyProxyHelper proxyBuilder (Lnet/bytebuddy/description/type/TypeDefinition;Ljava/util/Collection;)Ljava/util/function/Function; 11 <appendix> member <vmtarget> ; # org/hibernate/proxy/pojo/bytebuddy/ByteBuddyProxyHelper$$Lambda+0x0000020a28829ad0
instanceKlass net/bytebuddy/TypeCache$SimpleKey
instanceKlass org/hibernate/proxy/pojo/bytebuddy/ByteBuddyProxyFactory
instanceKlass org/hibernate/proxy/ProxyFactory
instanceKlass org/hibernate/bytecode/spi/BasicProxyFactory
instanceKlass org/hibernate/bytecode/internal/bytebuddy/ProxyFactoryFactoryImpl
instanceKlass org/hibernate/proxy/pojo/ProxyFactoryHelper
instanceKlass org/hibernate/classic/Lifecycle
instanceKlass  @bci org/hibernate/type/descriptor/java/spi/JavaTypeRegistry resolveManagedTypeDescriptor (Ljava/lang/reflect/Type;Z)Lorg/hibernate/type/descriptor/java/JavaType; 5 <appendix> member <vmtarget> ; # org/hibernate/type/descriptor/java/spi/JavaTypeRegistry$$Lambda+0x0000020a28823d60
instanceKlass org/hibernate/metamodel/spi/EntityInstantiator
instanceKlass org/hibernate/metamodel/internal/EntityRepresentationStrategyPojoStandard
instanceKlass org/hibernate/engine/internal/MutableEntityEntryFactory
instanceKlass org/hibernate/bytecode/enhance/spi/interceptor/BytecodeInterceptorLogging
instanceKlass org/hibernate/engine/spi/CascadingActions$BaseCascadingAction
instanceKlass org/hibernate/engine/spi/CascadingAction
instanceKlass org/hibernate/engine/spi/CascadingActions
instanceKlass  @bci org/hibernate/tuple/entity/EntityMetamodel <init> (Lorg/hibernate/mapping/PersistentClass;Lorg/hibernate/persister/entity/EntityPersister;Lorg/hibernate/metamodel/spi/RuntimeModelCreationContext;)V 604 <appendix> member <vmtarget> ; # org/hibernate/tuple/entity/EntityMetamodel$$Lambda+0x0000020a28826fd0
instanceKlass org/hibernate/tuple/BaselineAttributeInformation
instanceKlass org/hibernate/tuple/BaselineAttributeInformation$Builder
instanceKlass org/hibernate/tuple/PropertyFactory$1
instanceKlass org/hibernate/bytecode/enhance/spi/interceptor/EnhancementHelper
instanceKlass  @bci org/hibernate/tuple/PropertyFactory buildEntityBasedAttribute (Lorg/hibernate/persister/entity/EntityPersister;Lorg/hibernate/engine/spi/SessionFactoryImplementor;ILorg/hibernate/mapping/Property;ZLorg/hibernate/metamodel/spi/RuntimeModelCreationContext;)Lorg/hibernate/tuple/NonIdentifierAttribute; 61 <appendix> member <vmtarget> ; # org/hibernate/tuple/PropertyFactory$$Lambda+0x0000020a28825bf0
instanceKlass org/hibernate/bytecode/enhance/spi/interceptor/EnhancementHelper$InheritanceChecker
instanceKlass org/hibernate/bytecode/enhance/spi/interceptor/LazyAttributesMetadata
instanceKlass org/hibernate/bytecode/internal/BytecodeEnhancementMetadataPojoImpl
instanceKlass org/hibernate/tuple/AbstractAttribute
instanceKlass org/hibernate/tuple/IdentifierAttribute
instanceKlass org/hibernate/tuple/PropertyFactory
instanceKlass org/hibernate/tuple/NonIdentifierAttribute
instanceKlass org/hibernate/tuple/Attribute
instanceKlass org/hibernate/bytecode/spi/BytecodeEnhancementMetadata
instanceKlass org/hibernate/tuple/entity/EntityMetamodel
instanceKlass org/hibernate/sql/ast/spi/SqlAliasStemHelper
instanceKlass org/hibernate/metamodel/mapping/internal/EmptyAttributeMappingsMap
instanceKlass org/hibernate/metamodel/mapping/AttributeMappingsMap$Builder
instanceKlass org/hibernate/metamodel/mapping/AttributeMappingsMap
instanceKlass org/hibernate/internal/util/collections/LazyIndexedMap
# instanceKlass java/lang/invoke/LambdaForm$MH+0x0000020a28820c00
# instanceKlass java/lang/invoke/LambdaForm$MH+0x0000020a28820800
# instanceKlass java/lang/invoke/LambdaForm$MH+0x0000020a28820400
# instanceKlass java/lang/invoke/LambdaForm$MH+0x0000020a28820000
instanceKlass org/hibernate/persister/entity/EntityPersister$1
instanceKlass org/hibernate/metamodel/mapping/EntityDiscriminatorMapping
instanceKlass org/hibernate/sql/results/graph/FetchOptions
instanceKlass org/hibernate/sql/results/graph/FetchStyleAccess
instanceKlass org/hibernate/sql/results/graph/FetchTimingAccess
instanceKlass org/hibernate/metamodel/mapping/AttributeMetadata
instanceKlass org/hibernate/sql/ast/spi/SqlAliasBase
instanceKlass org/hibernate/sql/ast/tree/predicate/PredicateContainer
instanceKlass org/hibernate/sql/ast/tree/select/QueryPart
instanceKlass org/hibernate/loader/ast/spi/SingleUniqueKeyEntityLoader
instanceKlass org/hibernate/sql/results/graph/DomainResultCreationState
instanceKlass org/hibernate/loader/ast/spi/MultiIdEntityLoader
instanceKlass org/hibernate/loader/ast/spi/EntityMultiLoader
instanceKlass org/hibernate/loader/ast/spi/MultiKeyLoader
instanceKlass org/hibernate/metamodel/mapping/AttributeMapping
instanceKlass org/hibernate/type/descriptor/java/MutabilityPlanExposer
instanceKlass org/hibernate/metamodel/mapping/PropertyBasedMapping
instanceKlass org/hibernate/sql/results/graph/DatabaseSnapshotContributor
instanceKlass org/hibernate/metamodel/mapping/OwnedValuedModelPart
instanceKlass org/hibernate/sql/results/graph/DomainResult
instanceKlass org/hibernate/sql/results/graph/FetchParent
instanceKlass org/hibernate/sql/results/graph/DomainResultGraphNode
instanceKlass org/hibernate/metamodel/mapping/EntityIdentifierMapping
instanceKlass org/hibernate/metamodel/mapping/EntityVersionMapping
instanceKlass org/hibernate/persister/entity/mutation/DeleteCoordinator
instanceKlass org/hibernate/persister/entity/mutation/UpdateCoordinator
instanceKlass org/hibernate/metamodel/mapping/NaturalIdMapping
instanceKlass org/hibernate/metamodel/mapping/SoftDeleteMapping
instanceKlass org/hibernate/persister/entity/mutation/InsertCoordinator
instanceKlass org/hibernate/persister/entity/mutation/MutationCoordinator
instanceKlass org/hibernate/loader/ast/spi/SingleIdEntityLoader
instanceKlass org/hibernate/loader/ast/spi/SingleEntityLoader
instanceKlass org/hibernate/loader/ast/spi/EntityLoader
instanceKlass org/hibernate/loader/ast/spi/Loader
instanceKlass org/hibernate/metamodel/mapping/DiscriminatorType
instanceKlass org/hibernate/type/ConvertedBasicType
instanceKlass org/hibernate/metamodel/mapping/DiscriminatorConverter
instanceKlass org/hibernate/persister/entity/AbstractEntityPersister$CacheEntryHelper
instanceKlass org/hibernate/sql/ast/tree/from/TableGroup
instanceKlass org/hibernate/query/sqm/sql/internal/SqmPathInterpretation
instanceKlass org/hibernate/sql/ast/tree/from/TableReference
instanceKlass org/hibernate/sql/ast/tree/from/ColumnReferenceQualifier
instanceKlass org/hibernate/engine/spi/EntityEntryFactory
instanceKlass org/hibernate/internal/FilterAliasGenerator
instanceKlass org/hibernate/metamodel/mapping/DiscriminatorMapping
instanceKlass org/hibernate/metamodel/mapping/BasicValuedModelPart
instanceKlass org/hibernate/metamodel/mapping/SelectableMapping
instanceKlass org/hibernate/metamodel/mapping/SqlTypedMapping
instanceKlass org/hibernate/sql/results/graph/Fetchable
instanceKlass org/hibernate/metamodel/mapping/ValuedModelPart
instanceKlass org/hibernate/metamodel/mapping/SelectableMappings
instanceKlass org/hibernate/metamodel/mapping/VirtualModelPart
instanceKlass org/hibernate/metamodel/mapping/ModelPart$JdbcValueBiConsumer
instanceKlass org/hibernate/persister/entity/AbstractEntityPersister
instanceKlass org/hibernate/persister/entity/DeprecatedEntityStuff
instanceKlass org/hibernate/persister/entity/Queryable
instanceKlass org/hibernate/persister/entity/PropertyMapping
instanceKlass org/hibernate/persister/entity/Lockable
instanceKlass org/hibernate/persister/entity/SQLLoadable
instanceKlass org/hibernate/persister/entity/UniqueKeyLoadable
instanceKlass org/hibernate/metadata/ClassMetadata
instanceKlass org/hibernate/persister/entity/OuterJoinLoadable
instanceKlass org/hibernate/persister/entity/Joinable
instanceKlass org/hibernate/persister/entity/Loadable
instanceKlass org/hibernate/engine/profile/internal/FetchProfileAffectee
instanceKlass org/hibernate/id/PostInsertIdentityPersister
instanceKlass org/hibernate/bytecode/enhance/spi/LazyPropertyInitializer
instanceKlass org/hibernate/metamodel/mapping/internal/InFlightEntityMappingType
instanceKlass org/hibernate/persister/internal/StandardPersisterClassResolver
instanceKlass org/hibernate/persister/collection/CollectionPersister
instanceKlass org/hibernate/persister/internal/PersisterFactoryImpl
instanceKlass  @bci org/hibernate/mapping/PersistentClass prepareForMappingModel (Lorg/hibernate/metamodel/spi/RuntimeModelCreationContext;)V 201 <appendix> argL0 ; # org/hibernate/mapping/PersistentClass$$Lambda+0x0000020a2880b088
instanceKlass  @bci org/hibernate/metamodel/model/domain/internal/MappingMetamodelImpl finishInitialization (Lorg/hibernate/metamodel/spi/RuntimeModelCreationContext;)V 41 <appendix> member <vmtarget> ; # org/hibernate/metamodel/model/domain/internal/MappingMetamodelImpl$$Lambda+0x0000020a2880ae58
instanceKlass  @bci org/hibernate/metamodel/model/domain/internal/MappingMetamodelImpl finishInitialization (Lorg/hibernate/metamodel/spi/RuntimeModelCreationContext;)V 24 <appendix> argL0 ; # org/hibernate/metamodel/model/domain/internal/MappingMetamodelImpl$$Lambda+0x0000020a2880ac30
instanceKlass org/hibernate/mapping/MappedSuperclass
instanceKlass  @bci org/hibernate/metamodel/model/domain/internal/MappingMetamodelImpl finishInitialization (Lorg/hibernate/metamodel/spi/RuntimeModelCreationContext;)V 8 <appendix> argL0 ; # org/hibernate/metamodel/model/domain/internal/MappingMetamodelImpl$$Lambda+0x0000020a2880a6b8
instanceKlass org/hibernate/internal/SessionFactoryImpl$1
instanceKlass org/hibernate/Internal
instanceKlass org/hibernate/engine/jdbc/batch/internal/BatchImpl
instanceKlass org/hibernate/engine/jdbc/batch/spi/BatchKey
instanceKlass org/hibernate/engine/jdbc/batch/JdbcBatchLogging
instanceKlass org/hibernate/engine/jdbc/batch/spi/Batch
instanceKlass org/hibernate/engine/jdbc/mutation/group/PreparedStatementGroup
instanceKlass org/hibernate/sql/model/PreparableMutationOperation
instanceKlass org/hibernate/sql/model/TableMapping
instanceKlass org/hibernate/metamodel/mapping/TableDetails
instanceKlass org/hibernate/engine/jdbc/batch/internal/BatchBuilderImpl
instanceKlass org/hibernate/jpa/internal/util/ConfigurationHelper
instanceKlass org/hibernate/jpa/internal/util/LockOptionsHelper
instanceKlass  @bci org/hibernate/internal/FastSessionServices initializeDefaultLockOptions (Ljava/util/Map;)Lorg/hibernate/LockOptions; 10 <appendix> member <vmtarget> ; # org/hibernate/internal/FastSessionServices$$Lambda+0x0000020a28807560
instanceKlass org/hibernate/LockOptions
instanceKlass org/hibernate/internal/ConnectionObserverStatsBridge
instanceKlass org/hibernate/engine/jdbc/spi/ConnectionObserver
instanceKlass org/hibernate/jpa/internal/util/CacheModeHelper$1
instanceKlass org/hibernate/jpa/internal/util/CacheModeHelper
instanceKlass org/hibernate/sql/ast/tree/AbstractStatement
instanceKlass org/hibernate/sql/ast/tree/cte/CteContainer
instanceKlass org/hibernate/query/results/ResultSetMapping
instanceKlass org/hibernate/sql/results/jdbc/spi/JdbcValuesMappingProducer
instanceKlass org/hibernate/sql/results/jdbc/internal/JdbcValuesMappingProducerProviderStandard
instanceKlass  @bci org/hibernate/event/internal/EntityCopyNotAllowedObserver <clinit> ()V 10 <appendix> argL0 ; # org/hibernate/event/internal/EntityCopyNotAllowedObserver$$Lambda+0x0000020a288040b8
instanceKlass org/hibernate/event/internal/EntityCopyNotAllowedObserver
instanceKlass org/hibernate/event/spi/EntityCopyObserver
instanceKlass org/hibernate/sql/model/MutationOperationGroup
instanceKlass org/hibernate/engine/jdbc/mutation/spi/BatchKeyAccess
instanceKlass org/hibernate/engine/jdbc/mutation/MutationExecutor
instanceKlass org/hibernate/engine/jdbc/mutation/internal/StandardMutationExecutorService
instanceKlass org/hibernate/internal/FastSessionServices
instanceKlass org/hibernate/metamodel/model/domain/EntityDomainType
instanceKlass org/hibernate/graph/spi/GraphImplementor
instanceKlass org/hibernate/graph/spi/GraphNodeImplementor
instanceKlass org/hibernate/metamodel/model/domain/MappedSuperclassDomainType
instanceKlass org/hibernate/query/sqm/SqmPathSource
instanceKlass jakarta/persistence/metamodel/MappedSuperclassType
instanceKlass org/hibernate/metamodel/model/domain/IdentifiableDomainType
instanceKlass org/hibernate/metamodel/model/domain/ManagedDomainType
instanceKlass org/hibernate/metamodel/model/domain/internal/JpaMetamodelImpl
instanceKlass org/hibernate/metamodel/model/domain/internal/EntityPersisterConcurrentMap
instanceKlass org/hibernate/metamodel/model/domain/spi/JpaMetamodelImplementor
instanceKlass jakarta/persistence/metamodel/EmbeddableType
instanceKlass jakarta/persistence/metamodel/EntityType
instanceKlass jakarta/persistence/metamodel/Bindable
instanceKlass jakarta/persistence/metamodel/IdentifiableType
instanceKlass jakarta/persistence/metamodel/ManagedType
instanceKlass org/hibernate/metamodel/spi/MetamodelImplementor
instanceKlass org/hibernate/Metamodel
instanceKlass org/hibernate/metamodel/internal/RuntimeMetamodelsImpl
instanceKlass org/hibernate/query/criteria/spi/CriteriaBuilderExtension
instanceKlass  @bci org/hibernate/query/internal/QueryEngineImpl <init> (Lorg/hibernate/engine/spi/SessionFactoryImplementor;Lorg/hibernate/type/spi/TypeConfiguration;Lorg/hibernate/query/hql/HqlTranslator;Lorg/hibernate/query/sqm/sql/SqmTranslatorFactory;Lorg/hibernate/query/sqm/function/SqmFunctionRegistry;Lorg/hibernate/query/named/NamedObjectRepository;Lorg/hibernate/query/spi/QueryInterpretationCache;Lorg/hibernate/engine/query/spi/NativeQueryInterpreter;)V 90 <appendix> member <vmtarget> ; # org/hibernate/query/internal/QueryEngineImpl$$Lambda+0x0000020a287d7c00
instanceKlass org/hibernate/query/sqm/tree/domain/SqmTreatedPath
instanceKlass org/hibernate/query/sqm/tree/domain/SqmPathWrapper
instanceKlass org/hibernate/query/sqm/tree/from/SqmAttributeJoin
instanceKlass org/hibernate/query/criteria/JpaFetch
instanceKlass jakarta/persistence/criteria/Fetch
instanceKlass org/hibernate/query/sqm/tree/from/SqmQualifiedJoin
instanceKlass org/hibernate/query/sqm/tree/from/SqmJoin
instanceKlass org/hibernate/query/sqm/tree/from/SqmFrom
instanceKlass org/hibernate/query/sqm/tree/domain/SqmPath
instanceKlass org/hibernate/metamodel/model/domain/JpaMetamodel
instanceKlass org/hibernate/query/criteria/JpaWindowFrame
instanceKlass org/hibernate/query/criteria/JpaWindow
instanceKlass org/hibernate/query/criteria/JpaSearchedCase
instanceKlass org/hibernate/query/criteria/JpaSimpleCase
instanceKlass org/hibernate/query/criteria/JpaSubQuery
instanceKlass jakarta/persistence/criteria/Subquery
instanceKlass org/hibernate/query/criteria/JpaQueryGroup
instanceKlass org/hibernate/query/sqm/tree/select/SqmQueryPart
instanceKlass org/hibernate/query/criteria/JpaQueryPart
instanceKlass org/hibernate/query/sqm/tree/select/SqmSelectQuery
instanceKlass org/hibernate/query/criteria/JpaCoalesce
instanceKlass org/hibernate/query/criteria/JpaSearchOrder
instanceKlass org/hibernate/query/criteria/JpaParameterExpression
instanceKlass org/hibernate/query/sqm/tree/predicate/SqmInPredicate
instanceKlass org/hibernate/query/sqm/tree/predicate/SqmNegatablePredicate
instanceKlass org/hibernate/query/criteria/JpaCompoundSelection
instanceKlass org/hibernate/query/criteria/JpaRoot
instanceKlass org/hibernate/query/criteria/JpaMapJoin
instanceKlass org/hibernate/query/criteria/JpaListJoin
instanceKlass org/hibernate/query/criteria/JpaSetJoin
instanceKlass org/hibernate/query/criteria/JpaCollectionJoin
instanceKlass org/hibernate/query/criteria/JpaPluralJoin
instanceKlass org/hibernate/query/criteria/JpaJoin
instanceKlass org/hibernate/query/criteria/JpaJoinedFrom
instanceKlass org/hibernate/query/criteria/JpaFrom
instanceKlass org/hibernate/query/criteria/JpaFetchParent
instanceKlass org/hibernate/query/criteria/JpaPath
instanceKlass org/hibernate/query/criteria/JpaCriteriaInsertSelect
instanceKlass org/hibernate/query/criteria/JpaCriteriaInsertValues
instanceKlass org/hibernate/query/criteria/JpaCriteriaInsert
instanceKlass org/hibernate/query/criteria/JpaCriteriaDelete
instanceKlass org/hibernate/query/criteria/JpaCriteriaUpdate
instanceKlass org/hibernate/query/criteria/JpaCriteriaQuery
instanceKlass org/hibernate/query/criteria/JpaSelectCriteria
instanceKlass org/hibernate/query/criteria/JpaInPredicate
instanceKlass org/hibernate/query/criteria/JpaOrder
instanceKlass org/hibernate/query/criteria/JpaValues
instanceKlass jakarta/persistence/criteria/MapJoin
instanceKlass jakarta/persistence/criteria/Root
instanceKlass jakarta/persistence/criteria/CollectionJoin
instanceKlass jakarta/persistence/criteria/ListJoin
instanceKlass jakarta/persistence/criteria/SetJoin
instanceKlass jakarta/persistence/criteria/PluralJoin
instanceKlass jakarta/persistence/criteria/Join
instanceKlass jakarta/persistence/criteria/From
instanceKlass jakarta/persistence/criteria/FetchParent
instanceKlass jakarta/persistence/criteria/Path
instanceKlass jakarta/persistence/criteria/CriteriaDelete
instanceKlass jakarta/persistence/criteria/CriteriaUpdate
instanceKlass jakarta/persistence/criteria/CriteriaBuilder$SimpleCase
instanceKlass jakarta/persistence/criteria/CriteriaBuilder$Case
instanceKlass jakarta/persistence/criteria/CriteriaQuery
instanceKlass jakarta/persistence/criteria/AbstractQuery
instanceKlass jakarta/persistence/criteria/CriteriaBuilder$Coalesce
instanceKlass jakarta/persistence/criteria/Order
instanceKlass jakarta/persistence/criteria/ParameterExpression
instanceKlass jakarta/persistence/Parameter
instanceKlass jakarta/persistence/criteria/CriteriaBuilder$In
instanceKlass jakarta/persistence/criteria/CompoundSelection
instanceKlass org/hibernate/query/sqm/internal/SqmCriteriaNodeBuilder
instanceKlass org/hibernate/query/sql/spi/NativeSelectQueryDefinition
instanceKlass org/hibernate/query/sql/spi/NativeSelectQueryPlan
instanceKlass org/hibernate/query/sql/spi/NativeQueryPlan
instanceKlass org/hibernate/query/spi/SelectQueryPlan
instanceKlass org/hibernate/query/spi/QueryPlan
instanceKlass org/hibernate/engine/query/internal/NativeQueryInterpreterStandardImpl
instanceKlass org/hibernate/internal/util/collections/BoundedConcurrentHashMap$HashEntry
instanceKlass org/hibernate/internal/util/collections/BoundedConcurrentHashMap$LIRS
instanceKlass org/hibernate/internal/util/collections/BoundedConcurrentHashMap$EvictionPolicy
instanceKlass org/hibernate/query/QueryLogging
instanceKlass org/hibernate/query/spi/HqlInterpretation
instanceKlass org/hibernate/query/spi/ParameterMetadataImplementor
instanceKlass org/hibernate/query/ParameterMetadata
instanceKlass org/hibernate/query/internal/QueryInterpretationCacheStandardImpl
instanceKlass  @bci org/hibernate/query/internal/QueryEngineImpl from (Lorg/hibernate/engine/spi/SessionFactoryImplementor;Lorg/hibernate/boot/spi/MetadataImplementor;)Lorg/hibernate/query/spi/QueryEngine; 69 <appendix> member <vmtarget> ; # org/hibernate/query/internal/QueryEngineImpl$$Lambda+0x0000020a287b41b0
instanceKlass org/hibernate/query/named/NamedQueryMemento
instanceKlass org/hibernate/query/internal/NamedObjectRepositoryImpl
instanceKlass org/hibernate/dialect/function/TruncFunction$TruncRenderingSupport
instanceKlass org/hibernate/dialect/function/TruncFunction$TruncArgumentsValidator
instanceKlass  @bci org/hibernate/query/sqm/produce/function/StandardFunctionArgumentTypeResolvers byArgument ([Lorg/hibernate/query/sqm/produce/function/FunctionArgumentTypeResolver;)Lorg/hibernate/query/sqm/produce/function/FunctionArgumentTypeResolver; 1 <appendix> member <vmtarget> ; # org/hibernate/query/sqm/produce/function/StandardFunctionArgumentTypeResolvers$$Lambda+0x0000020a287af208
instanceKlass  @bci org/hibernate/query/sqm/produce/function/StandardFunctionArgumentTypeResolvers argumentsOrImplied ([I)Lorg/hibernate/query/sqm/produce/function/FunctionArgumentTypeResolver; 1 <appendix> member <vmtarget> ; # org/hibernate/query/sqm/produce/function/StandardFunctionArgumentTypeResolvers$$Lambda+0x0000020a287aefe8
instanceKlass org/hibernate/dialect/function/TimestampdiffFunction$TimestampdiffFunctionReturnTypeResolver
instanceKlass org/hibernate/sql/ast/tree/predicate/Predicate
instanceKlass org/hibernate/query/sqm/sql/internal/DomainResultProducer
instanceKlass org/hibernate/sql/ast/tree/expression/Expression
instanceKlass org/hibernate/sql/ast/spi/SqlSelectionProducer
instanceKlass org/hibernate/query/sqm/tree/predicate/SqmPredicate
instanceKlass org/hibernate/query/criteria/JpaPredicate
instanceKlass jakarta/persistence/criteria/Predicate
instanceKlass  @bci org/hibernate/query/sqm/produce/function/StandardFunctionArgumentTypeResolvers invariant (Lorg/hibernate/type/spi/TypeConfiguration;[Lorg/hibernate/query/sqm/produce/function/FunctionParameterType;)Lorg/hibernate/query/sqm/produce/function/FunctionArgumentTypeResolver; 31 <appendix> member <vmtarget> ; # org/hibernate/query/sqm/produce/function/StandardFunctionArgumentTypeResolvers$$Lambda+0x0000020a287a88b0
instanceKlass  @bci org/hibernate/query/sqm/produce/function/StandardFunctionArgumentTypeResolvers impliedOrInvariant (Lorg/hibernate/type/spi/TypeConfiguration;Lorg/hibernate/query/sqm/produce/function/FunctionParameterType;)Lorg/hibernate/query/sqm/produce/function/FunctionArgumentTypeResolver; 7 <appendix> member <vmtarget> ; # org/hibernate/query/sqm/produce/function/StandardFunctionArgumentTypeResolvers$$Lambda+0x0000020a287a0c88
instanceKlass org/hibernate/query/sqm/produce/function/StandardArgumentsValidators$3
instanceKlass org/hibernate/query/sqm/produce/function/internal/PatternRenderer
instanceKlass org/hibernate/query/sqm/produce/function/PatternFunctionDescriptorBuilder
instanceKlass org/hibernate/query/sqm/produce/function/StandardArgumentsValidators$6
instanceKlass org/hibernate/query/sqm/produce/function/StandardFunctionReturnTypeResolvers$2
instanceKlass  @bci org/hibernate/query/sqm/produce/function/StandardFunctionArgumentTypeResolvers invariant (Lorg/hibernate/type/spi/TypeConfiguration;Lorg/hibernate/query/sqm/produce/function/FunctionParameterType;)Lorg/hibernate/query/sqm/produce/function/FunctionArgumentTypeResolver; 7 <appendix> member <vmtarget> ; # org/hibernate/query/sqm/produce/function/StandardFunctionArgumentTypeResolvers$$Lambda+0x0000020a287a1200
instanceKlass org/hibernate/query/sqm/produce/function/StandardFunctionArgumentTypeResolvers$1
instanceKlass org/hibernate/query/sqm/produce/function/StandardFunctionReturnTypeResolvers$1
instanceKlass org/hibernate/sql/ast/tree/SqlAstNode
instanceKlass org/hibernate/dialect/function/AvgFunction$ReturnTypeResolver
instanceKlass org/hibernate/dialect/function/AvgFunction$Validator
instanceKlass org/hibernate/dialect/function/SumReturnTypeResolver
instanceKlass org/hibernate/query/sqm/produce/function/StandardFunctionReturnTypeResolvers$3
instanceKlass org/hibernate/query/sqm/produce/function/StandardFunctionReturnTypeResolvers
instanceKlass org/hibernate/query/sqm/tree/expression/SqmOrderedSetAggregateFunction
instanceKlass org/hibernate/query/sqm/tree/expression/SqmWindowFunction
instanceKlass org/hibernate/query/sqm/tree/expression/SqmAggregateFunction
instanceKlass org/hibernate/query/sqm/function/AbstractSqmFunctionDescriptor
instanceKlass org/hibernate/query/sqm/function/FunctionRenderer
instanceKlass org/hibernate/query/sqm/function/FunctionRenderingSupport
instanceKlass  @bci org/hibernate/query/sqm/produce/function/StandardFunctionArgumentTypeResolvers invariant ([Lorg/hibernate/query/sqm/produce/function/FunctionParameterType;)Lorg/hibernate/query/sqm/produce/function/FunctionArgumentTypeResolver; 1 <appendix> member <vmtarget> ; # org/hibernate/query/sqm/produce/function/StandardFunctionArgumentTypeResolvers$$Lambda+0x0000020a287a4218
instanceKlass  @bci org/hibernate/query/sqm/produce/function/StandardFunctionArgumentTypeResolvers <clinit> ()V 16 <appendix> argL0 ; # org/hibernate/query/sqm/produce/function/StandardFunctionArgumentTypeResolvers$$Lambda+0x0000020a287a4000
instanceKlass  @bci org/hibernate/query/sqm/produce/function/StandardFunctionArgumentTypeResolvers <clinit> ()V 8 <appendix> argL0 ; # org/hibernate/query/sqm/produce/function/StandardFunctionArgumentTypeResolvers$$Lambda+0x0000020a2879fc40
instanceKlass  @bci org/hibernate/query/sqm/produce/function/StandardFunctionArgumentTypeResolvers <clinit> ()V 0 <appendix> argL0 ; # org/hibernate/query/sqm/produce/function/StandardFunctionArgumentTypeResolvers$$Lambda+0x0000020a2879fa28
instanceKlass  @cpi org/hibernate/query/sqm/produce/function/StandardFunctionArgumentTypeResolvers 170 form vmentry <vmtarget> ; # java/lang/invoke/LambdaForm$DMH+0x0000020a287a0400
instanceKlass  @cpi org/springframework/data/repository/query/parser/PartTree$OrPart 122 form vmentry <vmtarget> ; # java/lang/invoke/LambdaForm$DMH+0x0000020a287a0000
instanceKlass org/hibernate/query/sqm/tree/AbstractSqmNode
instanceKlass org/hibernate/query/sqm/tree/expression/SqmExpression
instanceKlass org/hibernate/query/sqm/tree/select/SqmSelectableNode
instanceKlass org/hibernate/query/sqm/tree/SqmTypedNode
instanceKlass org/hibernate/query/sqm/tree/SqmExpressibleAccessor
instanceKlass org/hibernate/query/hql/spi/SemanticPathPart
instanceKlass org/hibernate/query/criteria/JpaFunction
instanceKlass org/hibernate/query/criteria/JpaExpression
instanceKlass jakarta/persistence/criteria/Expression
instanceKlass org/hibernate/query/criteria/JpaSelection
instanceKlass jakarta/persistence/criteria/Selection
instanceKlass org/hibernate/query/criteria/JpaTupleElement
instanceKlass jakarta/persistence/TupleElement
instanceKlass org/hibernate/query/sqm/produce/function/StandardFunctionArgumentTypeResolvers
instanceKlass org/hibernate/query/sqm/produce/function/ArgumentTypesValidator
instanceKlass org/hibernate/query/sqm/produce/function/StandardArgumentsValidators$4
instanceKlass org/hibernate/query/sqm/produce/function/StandardArgumentsValidators$2
instanceKlass org/hibernate/query/sqm/produce/function/StandardArgumentsValidators$1
instanceKlass org/hibernate/query/sqm/produce/function/StandardArgumentsValidators
instanceKlass org/hibernate/query/sqm/produce/function/ArgumentsValidator
instanceKlass org/hibernate/query/sqm/produce/function/NamedFunctionDescriptorBuilder
instanceKlass org/hibernate/query/sqm/produce/function/FunctionArgumentTypeResolver
instanceKlass org/hibernate/query/sqm/produce/function/FunctionReturnTypeResolver
instanceKlass org/hibernate/dialect/function/CommonFunctionFactory
instanceKlass  @bci org/hibernate/query/internal/QueryEngineImpl sortedFunctionContributors (Lorg/hibernate/service/ServiceRegistry;)Ljava/util/List; 37 <appendix> argL0 ; # org/hibernate/query/internal/QueryEngineImpl$$Lambda+0x0000020a28797ca0
instanceKlass  @bci org/hibernate/query/internal/QueryEngineImpl sortedFunctionContributors (Lorg/hibernate/service/ServiceRegistry;)Ljava/util/List; 29 <appendix> argL0 ; # org/hibernate/query/internal/QueryEngineImpl$$Lambda+0x0000020a28797a88
instanceKlass org/hibernate/query/internal/QueryEngineImpl$FunctionContributionsImpl
instanceKlass  @bci org/hibernate/query/internal/QueryEngineImpl createFunctionRegistry (Lorg/hibernate/engine/spi/SessionFactoryImplementor;Lorg/hibernate/boot/spi/MetadataImplementor;Lorg/hibernate/query/spi/QueryEngineOptions;Lorg/hibernate/dialect/Dialect;)Lorg/hibernate/query/sqm/function/SqmFunctionRegistry; 21 <appendix> member <vmtarget> ; # org/hibernate/query/internal/QueryEngineImpl$$Lambda+0x0000020a28797600
instanceKlass org/hibernate/query/sqm/sql/SqmTranslator
instanceKlass org/hibernate/query/sqm/spi/JdbcParameterBySqmParameterAccess
instanceKlass org/hibernate/sql/ast/spi/FromClauseAccess
instanceKlass org/hibernate/query/sqm/sql/SqmToSqlAstConverter
instanceKlass org/hibernate/sql/ast/spi/SqlAstCreationState
instanceKlass org/hibernate/query/sqm/SemanticQueryWalker
instanceKlass org/hibernate/query/sqm/tree/SqmDmlStatement
instanceKlass org/hibernate/query/criteria/JpaManipulationCriteria
instanceKlass org/hibernate/query/sqm/tree/cte/SqmCteContainer
instanceKlass org/hibernate/query/sqm/tree/SqmStatement
instanceKlass org/hibernate/query/sqm/tree/SqmVisitableNode
instanceKlass org/hibernate/query/criteria/JpaQueryableCriteria
instanceKlass org/hibernate/query/criteria/JpaCteContainer
instanceKlass org/hibernate/query/sqm/tree/SqmQuery
instanceKlass org/hibernate/query/sqm/tree/SqmNode
instanceKlass org/hibernate/query/criteria/JpaCriteriaBase
instanceKlass org/hibernate/query/criteria/JpaCriteriaNode
instanceKlass jakarta/persistence/criteria/CommonAbstractCriteria
instanceKlass org/hibernate/query/sqm/sql/StandardSqmTranslatorFactory
instanceKlass org/antlr/v4/runtime/ANTLRErrorStrategy
instanceKlass org/antlr/v4/runtime/ANTLRErrorListener
instanceKlass org/hibernate/query/hql/internal/StandardHqlTranslator
instanceKlass org/hibernate/query/sqm/internal/SqmCreationOptionsStandard
instanceKlass org/hibernate/query/spi/QueryInterpretationCache
instanceKlass org/hibernate/query/sqm/sql/SqmTranslatorFactory
instanceKlass org/hibernate/query/hql/HqlTranslator
instanceKlass org/hibernate/query/hql/spi/SqmCreationOptions
instanceKlass org/hibernate/query/sqm/NodeBuilder
instanceKlass org/hibernate/query/internal/QueryEngineImpl
instanceKlass org/hibernate/query/spi/QueryEngine
instanceKlass org/hibernate/tool/schema/spi/ExecutionOptions
instanceKlass org/hibernate/tool/schema/spi/SchemaManagementToolCoordinator$SettingSelector
instanceKlass org/hibernate/tool/schema/spi/JpaTargetAndSourceDescriptor
instanceKlass org/hibernate/tool/schema/spi/TargetDescriptor
instanceKlass org/hibernate/tool/schema/spi/SourceDescriptor
instanceKlass org/hibernate/tool/schema/spi/ExceptionHandler
instanceKlass org/hibernate/tool/schema/spi/SchemaManagementToolCoordinator
instanceKlass  @bci org/hibernate/boot/internal/MetadataImpl getContributors ()Ljava/util/Set; 13 <appendix> member <vmtarget> ; # org/hibernate/boot/internal/MetadataImpl$$Lambda+0x0000020a28790888
instanceKlass org/hibernate/tool/schema/spi/SchemaManagementToolCoordinator$ActionGrouping
instanceKlass  @bci org/hibernate/internal/SessionFactoryImpl createGenerators (Lorg/hibernate/engine/jdbc/spi/JdbcServices;Lorg/hibernate/boot/model/relational/SqlStringGenerationContext;Lorg/hibernate/boot/spi/MetadataImplementor;Lorg/hibernate/boot/spi/BootstrapContext;)Ljava/util/Map; 35 <appendix> member <vmtarget> ; # org/hibernate/internal/SessionFactoryImpl$$Lambda+0x0000020a28790438
instanceKlass  @bci org/hibernate/internal/SessionFactoryImpl createGenerators (Lorg/hibernate/engine/jdbc/spi/JdbcServices;Lorg/hibernate/boot/model/relational/SqlStringGenerationContext;Lorg/hibernate/boot/spi/MetadataImplementor;Lorg/hibernate/boot/spi/BootstrapContext;)Ljava/util/Map; 20 <appendix> argL0 ; # org/hibernate/internal/SessionFactoryImpl$$Lambda+0x0000020a287901f0
instanceKlass  @bci org/hibernate/event/service/internal/EventListenerGroupImpl appendListeners ([Ljava/lang/Object;)V 13 <appendix> member <vmtarget> ; # org/hibernate/event/service/internal/EventListenerGroupImpl$$Lambda+0x0000020a2878fa58
instanceKlass org/hibernate/boot/beanvalidation/DuplicationStrategyImpl
instanceKlass org/hibernate/boot/beanvalidation/BeanValidationEventListener
instanceKlass  @bci java/util/stream/Collectors toMap (Ljava/util/function/Function;Ljava/util/function/Function;Ljava/util/function/BinaryOperator;Ljava/util/function/Supplier;)Ljava/util/stream/Collector; 3 <appendix> member <vmtarget> ; # java/util/stream/Collectors$$Lambda+0x0000020a286aaab8
instanceKlass  @bci java/util/stream/Collectors toMap (Ljava/util/function/Function;Ljava/util/function/Function;Ljava/util/function/BinaryOperator;)Ljava/util/stream/Collector; 3 <appendix> argL0 ; # java/util/stream/Collectors$$Lambda+0x0000020a286aa8a0
instanceKlass  @bci org/hibernate/validator/internal/metadata/aggregated/CascadingMetaDataBuilder merge (Lorg/hibernate/validator/internal/metadata/aggregated/CascadingMetaDataBuilder;)Lorg/hibernate/validator/internal/metadata/aggregated/CascadingMetaDataBuilder; 91 <appendix> argL0 ; # org/hibernate/validator/internal/metadata/aggregated/CascadingMetaDataBuilder$$Lambda+0x0000020a2878ef98
instanceKlass  @bci org/hibernate/validator/internal/metadata/aggregated/CascadingMetaDataBuilder merge (Lorg/hibernate/validator/internal/metadata/aggregated/CascadingMetaDataBuilder;)Lorg/hibernate/validator/internal/metadata/aggregated/CascadingMetaDataBuilder; 86 <appendix> argL0 ; # org/hibernate/validator/internal/metadata/aggregated/CascadingMetaDataBuilder$$Lambda+0x0000020a2878ed60
instanceKlass  @bci org/hibernate/validator/internal/metadata/aggregated/CascadingMetaDataBuilder merge (Lorg/hibernate/validator/internal/metadata/aggregated/CascadingMetaDataBuilder;)Lorg/hibernate/validator/internal/metadata/aggregated/CascadingMetaDataBuilder; 81 <appendix> argL0 ; # org/hibernate/validator/internal/metadata/aggregated/CascadingMetaDataBuilder$$Lambda+0x0000020a2878eb28
instanceKlass java/lang/reflect/AnnotatedTypeVariable
instanceKlass  @bci org/hibernate/validator/internal/metadata/aggregated/BeanMetaDataImpl getClassLevelConstraintsAsDescriptors (Ljava/util/Set;)Ljava/util/Set; 16 <appendix> argL0 ; # org/hibernate/validator/internal/metadata/aggregated/BeanMetaDataImpl$$Lambda+0x0000020a2878e8f0
instanceKlass org/hibernate/validator/internal/metadata/core/MetaConstraint$ValueExtractionPathNode
instanceKlass  @bci org/hibernate/validator/internal/metadata/aggregated/BeanMetaDataImpl getClassLevelConstraintsAsDescriptors (Ljava/util/Set;)Ljava/util/Set; 6 <appendix> argL0 ; # org/hibernate/validator/internal/metadata/aggregated/BeanMetaDataImpl$$Lambda+0x0000020a2878e4b0
instanceKlass org/hibernate/validator/internal/metadata/core/MetaConstraint
instanceKlass jakarta/validation/metadata/ElementDescriptor$ConstraintFinder
instanceKlass org/hibernate/validator/internal/metadata/descriptor/ElementDescriptorImpl
instanceKlass org/hibernate/validator/internal/util/ConcurrentReferenceHashMap$KeyReference
instanceKlass org/hibernate/validator/internal/engine/groups/GroupWithInheritance
instanceKlass org/hibernate/validator/internal/engine/groups/Sequence
instanceKlass org/hibernate/validator/internal/engine/groups/ValidationOrder$DefaultSequenceValidationOrder
instanceKlass org/hibernate/validator/internal/engine/groups/Group
instanceKlass org/hibernate/validator/internal/engine/groups/ValidationOrder$DefaultGroupValidationOrder
instanceKlass org/hibernate/validator/internal/metadata/aggregated/BeanMetaDataImpl$DefaultGroupSequenceContext
instanceKlass jakarta/validation/metadata/BeanDescriptor
instanceKlass org/hibernate/validator/internal/metadata/aggregated/BeanMetaDataImpl
instanceKlass  @bci org/hibernate/validator/internal/metadata/aggregated/PropertyMetaData$Builder build ()Lorg/hibernate/validator/internal/metadata/aggregated/PropertyMetaData; 14 <appendix> argL0 ; # org/hibernate/validator/internal/metadata/aggregated/PropertyMetaData$Builder$$Lambda+0x0000020a2878c0f0
instanceKlass org/hibernate/validator/internal/metadata/facets/Cascadable$Builder
instanceKlass jakarta/validation/metadata/ReturnValueDescriptor
instanceKlass  @bci org/hibernate/validator/internal/metadata/aggregated/ValidatableParametersMetaData <init> (Ljava/util/List;)V 19 <appendix> argL0 ; # org/hibernate/validator/internal/metadata/aggregated/ValidatableParametersMetaData$$Lambda+0x0000020a2878b450
instanceKlass org/hibernate/validator/internal/metadata/aggregated/ValidatableParametersMetaData
instanceKlass  @bci org/hibernate/validator/internal/metadata/aggregated/AbstractConstraintMetaData <init> (Ljava/lang/String;Ljava/lang/reflect/Type;Ljava/util/Set;Ljava/util/Set;ZZ)V 51 <appendix> argL0 ; # org/hibernate/validator/internal/metadata/aggregated/AbstractConstraintMetaData$$Lambda+0x0000020a2878afe0
instanceKlass org/hibernate/validator/internal/metadata/aggregated/GroupConversionHelper
instanceKlass org/hibernate/validator/internal/metadata/aggregated/NonContainerCascadingMetaData
instanceKlass jakarta/validation/metadata/ParameterDescriptor
instanceKlass jakarta/validation/metadata/ContainerDescriptor
instanceKlass jakarta/validation/metadata/CascadableDescriptor
instanceKlass org/hibernate/validator/internal/metadata/facets/Cascadable
instanceKlass jakarta/validation/metadata/ElementDescriptor
instanceKlass org/hibernate/validator/internal/metadata/aggregated/AbstractConstraintMetaData
instanceKlass org/hibernate/validator/internal/properties/Signature
instanceKlass org/hibernate/validator/internal/metadata/aggregated/ConstraintMetaData
instanceKlass org/hibernate/validator/internal/metadata/aggregated/BeanMetaDataBuilder$1
instanceKlass org/hibernate/validator/internal/metadata/aggregated/MetaDataBuilder
instanceKlass org/hibernate/validator/internal/metadata/aggregated/BeanMetaDataBuilder$BuilderDelegate
instanceKlass org/hibernate/validator/internal/metadata/provider/AnnotationMetaDataProvider$TypeArgumentFieldLocation
instanceKlass  @bci org/hibernate/validator/internal/metadata/provider/AnnotationMetaDataProvider findConstraintAnnotations (Lorg/hibernate/validator/internal/properties/Constrainable;Ljava/lang/annotation/Annotation;Lorg/hibernate/validator/internal/metadata/location/ConstraintLocation$ConstraintLocationKind;)Ljava/util/List; 107 <appendix> member <vmtarget> ; # org/hibernate/validator/internal/metadata/provider/AnnotationMetaDataProvider$$Lambda+0x0000020a28787750
instanceKlass  @bci org/hibernate/validator/internal/metadata/core/ConstraintHelper isMultiValueConstraint (Ljava/lang/Class;)Z 16 <appendix> member <vmtarget> ; # org/hibernate/validator/internal/metadata/core/ConstraintHelper$$Lambda+0x0000020a28787510
instanceKlass jakarta/validation/Constraint
instanceKlass org/hibernate/validator/internal/properties/javabean/JavaBeanField
instanceKlass org/hibernate/validator/internal/util/classhierarchy/Filters$InterfacesFilter
instanceKlass org/hibernate/validator/internal/util/classhierarchy/Filters$WeldProxyFilter
instanceKlass org/hibernate/validator/internal/util/classhierarchy/Filters
instanceKlass org/hibernate/validator/internal/util/classhierarchy/ClassHierarchyHelper
instanceKlass org/hibernate/validator/internal/util/classhierarchy/Filter
instanceKlass org/hibernate/validator/internal/metadata/aggregated/BeanMetaDataBuilder
instanceKlass org/hibernate/boot/beanvalidation/GroupsPerOperation
instanceKlass  @bci org/hibernate/boot/beanvalidation/TypeSafeActivator resolveProvidedFactory (Lorg/hibernate/engine/config/spi/ConfigurationService;)Ljakarta/validation/ValidatorFactory; 11 <appendix> argL0 ; # org/hibernate/boot/beanvalidation/TypeSafeActivator$$Lambda+0x0000020a28785878
instanceKlass  @bci org/hibernate/boot/beanvalidation/TypeSafeActivator resolveProvidedFactory (Lorg/hibernate/engine/config/spi/ConfigurationService;)Ljakarta/validation/ValidatorFactory; 3 <appendix> argL0 ; # org/hibernate/boot/beanvalidation/TypeSafeActivator$$Lambda+0x0000020a28785660
instanceKlass org/hibernate/boot/beanvalidation/BeanValidationIntegrator$1
instanceKlass org/hibernate/boot/beanvalidation/TypeSafeActivator
instanceKlass jakarta/validation/ConstraintViolation
instanceKlass org/hibernate/internal/SessionFactoryImpl$IntegratorObserver
instanceKlass org/hibernate/relational/internal/SchemaManagerImpl
instanceKlass org/hibernate/internal/EmptyInterceptor
instanceKlass org/hibernate/internal/CoordinatingEntityNameResolver
instanceKlass org/hibernate/jpa/internal/PersistenceUnitUtilImpl
instanceKlass org/hibernate/cache/spi/access/NaturalIdDataAccess
instanceKlass org/hibernate/cache/spi/access/CollectionDataAccess
instanceKlass org/hibernate/cache/spi/access/EntityDataAccess
instanceKlass org/hibernate/metamodel/model/domain/NavigableRole
instanceKlass org/hibernate/spi/DotIdentifierSequence
instanceKlass org/hibernate/cache/spi/TimestampsCache
instanceKlass org/hibernate/cache/spi/QueryResultsCache
instanceKlass org/hibernate/cache/internal/DisabledCaching
instanceKlass org/hibernate/boot/model/relational/internal/SqlStringGenerationContextImpl
instanceKlass org/hibernate/boot/model/relational/SqlStringGenerationContext
instanceKlass  @bci org/hibernate/event/service/internal/EventListenerRegistryImpl$Builder buildRegistry (Ljava/util/Map;)Lorg/hibernate/event/service/spi/EventListenerRegistry; 15 <appendix> argL0 ; # org/hibernate/event/service/internal/EventListenerRegistryImpl$Builder$$Lambda+0x0000020a28782250
instanceKlass org/hibernate/event/spi/EventEngineContributor
instanceKlass org/hibernate/event/spi/EventEngine$1
instanceKlass org/hibernate/event/internal/DefaultRefreshEventListener
instanceKlass org/hibernate/event/internal/PostUpdateEventListenerStandardImpl
instanceKlass org/hibernate/action/spi/BeforeTransactionCompletionProcess
instanceKlass org/hibernate/event/internal/DefaultPostLoadEventListener
instanceKlass org/hibernate/event/internal/PostInsertEventListenerStandardImpl
instanceKlass org/hibernate/event/internal/PostDeleteEventListenerStandardImpl
instanceKlass org/hibernate/event/spi/PostCommitUpdateEventListener
instanceKlass org/hibernate/event/spi/PostCommitInsertEventListener
instanceKlass org/hibernate/event/spi/PostCommitDeleteEventListener
instanceKlass org/hibernate/event/internal/DefaultPreLoadEventListener
instanceKlass org/hibernate/cache/spi/access/CachedDomainDataAccess
instanceKlass org/hibernate/event/internal/DefaultInitializeCollectionEventListener
instanceKlass org/hibernate/event/internal/DefaultLoadEventListener
instanceKlass org/hibernate/CustomEntityDirtinessStrategy$DirtyCheckContext
instanceKlass org/hibernate/event/internal/DefaultFlushEntityEventListener
instanceKlass org/hibernate/event/internal/DefaultEvictEventListener
instanceKlass org/hibernate/event/internal/DefaultDeleteEventListener
instanceKlass org/hibernate/action/internal/EntityAction
instanceKlass org/hibernate/action/spi/AfterTransactionCompletionProcess
instanceKlass org/hibernate/engine/spi/ComparableExecutable
instanceKlass org/hibernate/action/spi/Executable
instanceKlass org/hibernate/event/internal/AbstractReassociateEventListener
instanceKlass org/hibernate/jpa/event/spi/CallbackRegistryConsumer
instanceKlass  @bci org/hibernate/event/service/internal/EventListenerGroupImpl appendListener (Ljava/lang/Object;)V 3 <appendix> member <vmtarget> ; # org/hibernate/event/service/internal/EventListenerGroupImpl$$Lambda+0x0000020a28777920
instanceKlass java/util/concurrent/CompletableFuture$AsynchronousCompletionTask
instanceKlass java/util/concurrent/ForkJoinPool$2
instanceKlass jdk/internal/access/JavaUtilConcurrentFJPAccess
instanceKlass java/util/concurrent/ForkJoinPool$DefaultForkJoinWorkerThreadFactory
instanceKlass java/util/concurrent/ForkJoinTask
instanceKlass java/util/concurrent/ForkJoinPool$WorkQueue
instanceKlass java/util/concurrent/ForkJoinPool$ForkJoinWorkerThreadFactory
instanceKlass java/util/concurrent/CompletableFuture$AltResult
instanceKlass org/hibernate/event/service/internal/EventListenerGroupImpl$1
instanceKlass org/hibernate/event/service/spi/DuplicationStrategy
instanceKlass  @bci org/hibernate/event/service/internal/EventListenerRegistryImpl$Builder prepareListeners (Lorg/hibernate/event/spi/EventType;Ljava/lang/Object;)V 5 <appendix> member <vmtarget> ; # org/hibernate/event/service/internal/EventListenerRegistryImpl$Builder$$Lambda+0x0000020a28777060
instanceKlass org/hibernate/event/spi/AbstractEvent
instanceKlass org/hibernate/event/internal/AbstractFlushingEventListener
instanceKlass org/hibernate/event/service/spi/JpaBootstrapSensitive
# instanceKlass java/lang/invoke/LambdaForm$MH+0x0000020a28778000
instanceKlass  @bci org/hibernate/event/spi/EventType <clinit> ()V 370 <appendix> argL0 ; # org/hibernate/event/spi/EventType$$Lambda+0x0000020a287760c8
instanceKlass org/hibernate/event/spi/PostCollectionUpdateEventListener
instanceKlass org/hibernate/event/spi/PostCollectionRemoveEventListener
instanceKlass org/hibernate/event/spi/PostCollectionRecreateEventListener
instanceKlass org/hibernate/event/spi/PreCollectionUpdateEventListener
instanceKlass org/hibernate/event/spi/PreCollectionRemoveEventListener
instanceKlass org/hibernate/event/spi/PreCollectionRecreateEventListener
instanceKlass org/hibernate/event/spi/PostLoadEventListener
instanceKlass org/hibernate/event/spi/PreInsertEventListener
instanceKlass org/hibernate/event/spi/PreUpdateEventListener
instanceKlass org/hibernate/event/spi/PreDeleteEventListener
instanceKlass org/hibernate/event/spi/PreLoadEventListener
instanceKlass org/hibernate/event/spi/RefreshEventListener
instanceKlass org/hibernate/event/spi/LockEventListener
instanceKlass org/hibernate/event/spi/EvictEventListener
instanceKlass org/hibernate/event/spi/ClearEventListener
instanceKlass org/hibernate/event/spi/FlushEntityEventListener
instanceKlass org/hibernate/event/spi/DirtyCheckEventListener
instanceKlass org/hibernate/event/spi/AutoFlushEventListener
instanceKlass org/hibernate/event/spi/FlushEventListener
instanceKlass org/hibernate/event/spi/ReplicateEventListener
instanceKlass org/hibernate/event/spi/DeleteEventListener
instanceKlass org/hibernate/event/spi/MergeEventListener
instanceKlass org/hibernate/event/spi/PersistEventListener
instanceKlass org/hibernate/event/spi/SaveOrUpdateEventListener
instanceKlass org/hibernate/event/spi/InitializeCollectionEventListener
instanceKlass org/hibernate/event/spi/ResolveNaturalIdEventListener
instanceKlass org/hibernate/event/spi/LoadEventListener
instanceKlass  @bci org/hibernate/event/service/internal/EventListenerRegistryImpl$Builder <init> (Lorg/hibernate/jpa/event/spi/CallbackRegistry;Z)V 9 <appendix> argL0 ; # org/hibernate/event/service/internal/EventListenerRegistryImpl$Builder$$Lambda+0x0000020a28772968
instanceKlass org/hibernate/event/spi/EventType
instanceKlass org/hibernate/event/service/internal/EventListenerRegistryImpl
instanceKlass org/hibernate/event/service/internal/EventListenerGroupImpl
instanceKlass org/hibernate/event/service/spi/EventListenerGroup
instanceKlass org/hibernate/event/service/internal/EventListenerRegistryImpl$Builder
instanceKlass org/hibernate/internal/util/collections/EmptyReadOnlyMap
instanceKlass org/hibernate/internal/util/collections/ReadOnlyMap
instanceKlass org/hibernate/jpa/event/internal/CallbackRegistryImpl
instanceKlass org/hibernate/jpa/event/internal/CallbackRegistryImpl$Builder
instanceKlass org/hibernate/event/service/spi/EventListenerRegistry
instanceKlass org/hibernate/jpa/event/spi/CallbackRegistry
instanceKlass org/hibernate/jpa/event/internal/CallbacksFactory
instanceKlass org/hibernate/event/spi/EventEngineContributions
instanceKlass org/hibernate/event/spi/EventEngine
instanceKlass org/hibernate/service/spi/SessionFactoryServiceInitiatorContext
instanceKlass org/hibernate/service/spi/SessionFactoryServiceContributor
instanceKlass org/hibernate/engine/query/spi/NativeQueryInterpreter
instanceKlass org/hibernate/engine/query/spi/NativeQueryInterpreterInitiator
instanceKlass org/hibernate/cache/spi/CacheImplementor
instanceKlass org/hibernate/engine/spi/CacheInitiator
instanceKlass org/hibernate/stat/spi/StatisticsImplementor
instanceKlass org/hibernate/stat/internal/StatisticsInitiator
instanceKlass org/hibernate/service/spi/SessionFactoryServiceInitiator
instanceKlass org/hibernate/service/internal/StandardSessionFactoryServiceInitiators
instanceKlass org/hibernate/service/internal/SessionFactoryServiceRegistryBuilderImpl
instanceKlass org/hibernate/service/spi/SessionFactoryServiceRegistry
instanceKlass org/hibernate/service/spi/SessionFactoryServiceRegistryBuilder
instanceKlass org/hibernate/service/internal/SessionFactoryServiceRegistryFactoryImpl
instanceKlass org/hibernate/internal/SessionFactoryObserverChain
instanceKlass org/hibernate/jpa/internal/JpaComplianceImpl
instanceKlass org/hibernate/jpa/internal/JpaComplianceImpl$JpaComplianceBuilder
instanceKlass org/hibernate/context/spi/CurrentSessionContext
instanceKlass org/hibernate/metamodel/spi/RuntimeModelCreationContext
instanceKlass org/hibernate/persister/spi/PersisterCreationContext
instanceKlass org/hibernate/StatelessSessionBuilder
instanceKlass org/hibernate/engine/spi/SessionBuilderImplementor
instanceKlass org/hibernate/query/criteria/HibernateCriteriaBuilder
instanceKlass javax/naming/RefAddr
instanceKlass org/hibernate/metamodel/spi/MappingMetamodelImplementor
instanceKlass org/hibernate/metamodel/spi/RuntimeMetamodelsImplementor
instanceKlass org/hibernate/metamodel/RuntimeMetamodels
instanceKlass org/hibernate/relational/SchemaManager
instanceKlass org/hibernate/EntityNameResolver
instanceKlass jakarta/persistence/PersistenceUnitUtil
instanceKlass org/hibernate/metamodel/MappingMetamodel
instanceKlass org/hibernate/stat/Statistics
instanceKlass org/hibernate/graph/RootGraph
instanceKlass jakarta/persistence/EntityGraph
instanceKlass org/hibernate/graph/Graph
instanceKlass org/hibernate/graph/GraphNode
instanceKlass org/hibernate/SessionBuilder
instanceKlass jakarta/persistence/metamodel/Metamodel
instanceKlass org/hibernate/Cache
instanceKlass jakarta/persistence/criteria/CriteriaBuilder
instanceKlass jakarta/persistence/Cache
instanceKlass org/hibernate/internal/QueryParameterBindingTypeResolverImpl
instanceKlass org/hibernate/jpa/boot/internal/EntityManagerFactoryBuilderImpl$JpaEntityNotFoundDelegate
instanceKlass org/hibernate/jpa/boot/internal/EntityManagerFactoryBuilderImpl$ServiceRegistryCloser
instanceKlass org/hibernate/boot/spi/SessionFactoryBuilderFactory
instanceKlass org/hibernate/boot/internal/SessionFactoryObserverForRegistration
instanceKlass org/hibernate/boot/internal/SessionFactoryObserverForSchemaExport
instanceKlass org/hibernate/boot/internal/SessionFactoryObserverForNamedQueryValidation
instanceKlass org/hibernate/bytecode/internal/SessionFactoryObserverForBytecodeEnhancer
instanceKlass org/hibernate/bytecode/enhance/internal/bytebuddy/EnhancerClassLocator
instanceKlass net/bytebuddy/pool/TypePool
instanceKlass  @bci org/hibernate/boot/internal/SessionFactoryOptionsBuilder <init> (Lorg/hibernate/boot/registry/StandardServiceRegistry;Lorg/hibernate/boot/spi/BootstrapContext;)V 943 <appendix> argL0 ; # org/hibernate/boot/internal/SessionFactoryOptionsBuilder$$Lambda+0x0000020a28767508
instanceKlass org/hibernate/context/spi/CurrentTenantIdentifierResolver
instanceKlass org/hibernate/boot/internal/StandardEntityNotFoundDelegate
instanceKlass org/hibernate/boot/internal/DefaultCustomEntityDirtinessStrategy
instanceKlass org/hibernate/CustomEntityDirtinessStrategy
instanceKlass org/hibernate/SessionEventListener
instanceKlass org/hibernate/internal/BaselineSessionEventsListenerBuilder
instanceKlass org/hibernate/resource/jdbc/spi/StatementInspector
instanceKlass org/hibernate/Interceptor
instanceKlass org/hibernate/type/format/jaxb/JaxbXmlFormatMapper$JAXBElementTransformer
instanceKlass  @bci org/hibernate/boot/internal/SessionFactoryOptionsBuilder determineXmlFormatMapper (Ljava/lang/Object;Lorg/hibernate/boot/registry/selector/spi/StrategySelector;)Lorg/hibernate/type/format/FormatMapper; 5 <appendix> argL0 ; # org/hibernate/boot/internal/SessionFactoryOptionsBuilder$$Lambda+0x0000020a287637c8
instanceKlass org/hibernate/type/format/jackson/JacksonIntegration
instanceKlass  @bci org/hibernate/boot/internal/SessionFactoryOptionsBuilder determineJsonFormatMapper (Ljava/lang/Object;Lorg/hibernate/boot/registry/selector/spi/StrategySelector;)Lorg/hibernate/type/format/FormatMapper; 5 <appendix> argL0 ; # org/hibernate/boot/internal/SessionFactoryOptionsBuilder$$Lambda+0x0000020a287633b0
instanceKlass  @bci org/hibernate/boot/internal/SessionFactoryOptionsBuilder <init> (Lorg/hibernate/boot/registry/StandardServiceRegistry;Lorg/hibernate/boot/spi/BootstrapContext;)V 162 <appendix> member <vmtarget> ; # org/hibernate/boot/internal/SessionFactoryOptionsBuilder$$Lambda+0x0000020a28763190
instanceKlass  @bci org/hibernate/boot/internal/SessionFactoryOptionsBuilder <init> (Lorg/hibernate/boot/registry/StandardServiceRegistry;Lorg/hibernate/boot/spi/BootstrapContext;)V 152 <appendix> member <vmtarget> ; # org/hibernate/boot/internal/SessionFactoryOptionsBuilder$$Lambda+0x0000020a28762f70
instanceKlass org/hibernate/boot/internal/SessionFactoryOptionsBuilder
instanceKlass org/hibernate/boot/internal/SessionFactoryBuilderImpl
instanceKlass org/hibernate/boot/spi/SessionFactoryBuilderImplementor
instanceKlass org/hibernate/boot/internal/DefaultSessionFactoryBuilderService
instanceKlass org/hibernate/boot/SessionFactoryBuilder
instanceKlass org/hibernate/query/named/NamedObjectRepository
instanceKlass org/hibernate/boot/internal/MetadataImpl
instanceKlass  @bci org/hibernate/internal/util/ReflectHelper likelySetterMethodNameForProperty (Ljava/lang/String;)Ljava/lang/String; 22 <appendix> form vmentry <vmtarget> ; # java/lang/invoke/LambdaForm$MH+0x0000020a28765400
# instanceKlass java/lang/invoke/LambdaForm$MH+0x0000020a28765000
instanceKlass  @bci org/hibernate/internal/util/ReflectHelper likelySetterMethodNameForProperty (Ljava/lang/String;)Ljava/lang/String; 22 <appendix> argL3 form vmentry <vmtarget> ; # java/lang/invoke/LambdaForm$MH+0x0000020a28764c00
# instanceKlass java/lang/invoke/LambdaForm$MH+0x0000020a28764800
# instanceKlass java/lang/invoke/LambdaForm$MH+0x0000020a28764400
# instanceKlass java/lang/invoke/LambdaForm$MH+0x0000020a28764000
instanceKlass org/hibernate/property/access/spi/SetterFieldImpl
instanceKlass org/hibernate/property/access/spi/GetterFieldImpl
instanceKlass org/hibernate/property/access/spi/Setter
instanceKlass org/hibernate/property/access/spi/Getter
instanceKlass org/hibernate/property/access/internal/PropertyAccessFieldImpl
instanceKlass org/hibernate/engine/internal/ManagedTypeHelper$TypeMeta
instanceKlass org/hibernate/engine/internal/ManagedTypeHelper
instanceKlass org/hibernate/property/access/internal/PropertyAccessStrategyNoopImpl
instanceKlass org/hibernate/property/access/internal/PropertyAccessStrategyEmbeddedImpl
instanceKlass org/hibernate/property/access/internal/PropertyAccessStrategyMapImpl
instanceKlass org/hibernate/property/access/internal/PropertyAccessStrategyMixedImpl
instanceKlass org/hibernate/property/access/internal/PropertyAccessStrategyFieldImpl
instanceKlass org/hibernate/property/access/spi/PropertyAccess
instanceKlass org/hibernate/property/access/internal/PropertyAccessStrategyBasicImpl
instanceKlass org/hibernate/property/access/internal/PropertyAccessStrategyResolverStandardImpl
instanceKlass org/hibernate/mapping/Component$ValueGenerationPlan
instanceKlass org/hibernate/engine/spi/CascadeStyles$BaseCascadeStyle
instanceKlass org/hibernate/engine/spi/CascadeStyles
instanceKlass org/hibernate/id/CompositeNestedGeneratedValueGenerator
instanceKlass org/hibernate/id/IdentifierGeneratorAggregator
instanceKlass org/hibernate/mapping/Component$StandardGenerationContextLocator
instanceKlass org/hibernate/id/insert/InsertGeneratedIdentifierDelegate
instanceKlass org/hibernate/generator/values/GeneratedValuesMutationDelegate
instanceKlass org/hibernate/persister/entity/EntityPersister
instanceKlass org/hibernate/persister/walking/spi/AttributeSource
instanceKlass org/hibernate/persister/entity/mutation/EntityMutationTarget
instanceKlass org/hibernate/metamodel/mapping/EntityMappingType
instanceKlass org/hibernate/metamodel/mapping/SoftDeletableModelPart
instanceKlass org/hibernate/metamodel/mapping/Discriminable
instanceKlass org/hibernate/metamodel/mapping/Restrictable
instanceKlass org/hibernate/metamodel/mapping/WhereRestrictable
instanceKlass org/hibernate/metamodel/mapping/FilterRestrictable
instanceKlass org/hibernate/loader/ast/spi/Loadable
instanceKlass org/hibernate/sql/ast/tree/from/RootTableGroupProducer
instanceKlass org/hibernate/sql/ast/tree/from/TableGroupProducer
instanceKlass org/hibernate/metamodel/mapping/EntityValuedModelPart
instanceKlass org/hibernate/metamodel/mapping/ManagedMappingType
instanceKlass org/hibernate/sql/results/graph/FetchableContainer
instanceKlass org/hibernate/metamodel/mapping/ModelPartContainer
instanceKlass org/hibernate/metamodel/mapping/ModelPart
instanceKlass org/hibernate/id/factory/internal/IdentifierGeneratorUtil
instanceKlass org/hibernate/boot/model/process/spi/MetadataBuildingProcess$3
instanceKlass org/hibernate/boot/spi/AdditionalJaxbMappingProducer
instanceKlass  @bci org/hibernate/boot/model/process/spi/MetadataBuildingProcess processAdditionalMappingContributions (Lorg/hibernate/boot/internal/InFlightMetadataCollectorImpl;Lorg/hibernate/boot/spi/MetadataBuildingOptions;Lorg/hibernate/boot/registry/classloading/spi/ClassLoaderService;Lorg/hibernate/boot/internal/MetadataBuildingContextRootImpl;)V 63 <appendix> member <vmtarget> ; # org/hibernate/boot/model/process/spi/MetadataBuildingProcess$$Lambda+0x0000020a287581f8
instanceKlass org/hibernate/boot/spi/AdditionalMappingContributor
instanceKlass org/hibernate/boot/model/process/spi/MetadataBuildingProcess$AdditionalMappingContributionsImpl
instanceKlass  @bci org/hibernate/boot/jaxb/internal/MappingBinder <init> (Lorg/hibernate/boot/ResourceStreamLocator;Lorg/hibernate/boot/jaxb/internal/MappingBinder$Options;Lorg/hibernate/boot/jaxb/hbm/transform/UnsupportedFeatureHandling;)V 9 <appendix> member <vmtarget> ; # org/hibernate/boot/jaxb/internal/MappingBinder$$Lambda+0x0000020a28757a28
instanceKlass  @bci org/hibernate/boot/jaxb/internal/MappingBinder <init> (Lorg/hibernate/boot/ResourceStreamLocator;Lorg/hibernate/boot/jaxb/internal/MappingBinder$Options;Lorg/hibernate/boot/jaxb/hbm/transform/UnsupportedFeatureHandling;)V 3 <appendix> member <vmtarget> ; # org/hibernate/boot/jaxb/internal/MappingBinder$$Lambda+0x0000020a28757808
instanceKlass org/hibernate/boot/model/process/spi/MetadataBuildingProcess$2
instanceKlass  @bci org/hibernate/type/BasicTypeRegistry resolve (Lorg/hibernate/type/descriptor/java/JavaType;Lorg/hibernate/type/descriptor/jdbc/JdbcType;Ljava/util/function/Supplier;)Lorg/hibernate/type/BasicType; 5 <appendix> argL0 ; # org/hibernate/type/BasicTypeRegistry$$Lambda+0x0000020a28755a00
instanceKlass  @bci org/hibernate/type/BasicTypeRegistry resolve (Lorg/hibernate/type/descriptor/java/JavaType;Lorg/hibernate/type/descriptor/jdbc/JdbcType;)Lorg/hibernate/type/BasicType; 5 <appendix> member <vmtarget> ; # org/hibernate/type/BasicTypeRegistry$$Lambda+0x0000020a287557e0
instanceKlass org/hibernate/type/descriptor/java/AbstractTemporalJavaType$1
instanceKlass org/hibernate/type/spi/CompositeTypeImplementor
instanceKlass org/hibernate/boot/model/process/internal/InferredBasicValueResolution
instanceKlass org/hibernate/type/descriptor/java/JavaTypeHelper
instanceKlass org/hibernate/boot/model/process/internal/InferredBasicValueResolver
instanceKlass  @bci org/hibernate/mapping/BasicValue resolution (Lorg/hibernate/type/descriptor/java/BasicJavaType;Lorg/hibernate/type/descriptor/java/JavaType;)Lorg/hibernate/mapping/BasicValue$Resolution; 165 <appendix> member <vmtarget> ; # org/hibernate/mapping/BasicValue$$Lambda+0x0000020a28752de8
instanceKlass org/hibernate/type/descriptor/java/spi/RegistryHelper
instanceKlass org/hibernate/annotations/JavaType
instanceKlass org/hibernate/mapping/SimpleValue$ParameterTypeImpl
instanceKlass  @bci org/hibernate/boot/internal/InFlightMetadataCollectorImpl processValueResolvers (Lorg/hibernate/boot/spi/MetadataBuildingContext;)V 25 <appendix> member <vmtarget> ; # org/hibernate/boot/internal/InFlightMetadataCollectorImpl$$Lambda+0x0000020a287522d8
instanceKlass sun/security/provider/ByteArrayAccess$LE
instanceKlass org/hibernate/boot/model/naming/NamingHelper$1
instanceKlass org/hibernate/boot/model/naming/NamingHelper
instanceKlass org/hibernate/boot/internal/ForeignKeyNameSource
instanceKlass org/hibernate/mapping/OneToMany
instanceKlass  @bci org/hibernate/internal/util/collections/JoinedList iterator ()Ljava/util/Iterator; 9 <appendix> argL0 ; # org/hibernate/internal/util/collections/JoinedList$$Lambda+0x0000020a28751300
instanceKlass  @bci org/hibernate/internal/util/collections/JoinedList <init> (Ljava/util/List;)V 30 <appendix> argL0 ; # org/hibernate/internal/util/collections/JoinedList$$Lambda+0x0000020a287510c0
instanceKlass  @bci org/hibernate/internal/util/collections/JoinedList <init> (Ljava/util/List;)V 16 <appendix> argL0 ; # org/hibernate/internal/util/collections/JoinedList$$Lambda+0x0000020a28750e88
instanceKlass org/hibernate/annotations/AttributeBinderType
instanceKlass org/hibernate/engine/jdbc/Size
instanceKlass org/hibernate/mapping/MappingHelper
instanceKlass org/hibernate/annotations/WhereJoinTable
instanceKlass org/hibernate/annotations/SQLJoinTableRestriction
instanceKlass org/hibernate/annotations/FilterJoinTables
instanceKlass org/hibernate/annotations/FilterJoinTable
instanceKlass org/hibernate/boot/model/internal/TableBinder$1
instanceKlass org/hibernate/boot/model/internal/TableBinder$AssociationTableNameSource
instanceKlass org/hibernate/mapping/Constraint
instanceKlass org/hibernate/mapping/Table$ForeignKeyKey
instanceKlass org/hibernate/mapping/Join
instanceKlass org/hibernate/boot/model/internal/TableBinder$4
instanceKlass  @bci org/hibernate/mapping/Component sortProperties (Z)[I 130 <appendix> argL0 ; # org/hibernate/mapping/Component$$Lambda+0x0000020a2874ceb0
instanceKlass org/hibernate/boot/model/source/internal/hbm/MappingDocument
instanceKlass  @bci org/hibernate/boot/internal/InFlightMetadataCollectorImpl processSecondPasses (Lorg/hibernate/boot/spi/MetadataBuildingContext;)V 70 <appendix> argL0 ; # org/hibernate/boot/internal/InFlightMetadataCollectorImpl$$Lambda+0x0000020a2874c7b0
instanceKlass org/hibernate/type/SerializableToBlobType
instanceKlass org/hibernate/usertype/DynamicParameterizedType
instanceKlass org/hibernate/usertype/ParameterizedType
instanceKlass org/hibernate/boot/spi/MetadataContributor
instanceKlass com/example/WebApartment/Models/Ward$WardBuilder
instanceKlass com/example/WebApartment/Models/Subscription$SubscriptionBuilder
instanceKlass com/example/WebApartment/Models/Statistic$StatisticBuilder
instanceKlass com/example/WebApartment/Models/Role$RoleBuilder
instanceKlass com/example/WebApartment/Models/Province$ProvinceBuilder
instanceKlass com/example/WebApartment/Models/PaymentMethod$PaymentMethodBuilder
instanceKlass com/example/WebApartment/Models/ListingMedia$ListingMediaBuilder
instanceKlass com/example/WebApartment/Models/Feature$FeatureBuilder
instanceKlass  @bci org/hibernate/mapping/Component getSelectables ()Ljava/util/List; 15 <appendix> argL0 ; # org/hibernate/mapping/Component$$Lambda+0x0000020a28749e60
instanceKlass org/hibernate/annotations/Struct
instanceKlass org/hibernate/boot/model/internal/AggregateComponentBinder
instanceKlass org/springframework/security/core/GrantedAuthority
instanceKlass com/example/WebApartment/Models/User$UserBuilder
instanceKlass org/hibernate/boot/model/IdentifierGeneratorDefinition
instanceKlass org/hibernate/boot/model/IdentifierGeneratorDefinition$Builder
instanceKlass com/example/WebApartment/Models/Listing$ListingBuilder
instanceKlass com/example/WebApartment/Models/FavoriteListingsKey$FavoriteListingsKeyBuilder
instanceKlass org/hibernate/annotations/Instantiator
instanceKlass org/hibernate/id/CompositeNestedGeneratedValueGenerator$GenerationPlan
instanceKlass org/hibernate/id/CompositeNestedGeneratedValueGenerator$GenerationContextLocator
instanceKlass org/hibernate/type/CompositeType
instanceKlass com/example/WebApartment/Models/FavoriteListings$FavoriteListingsBuilder
instanceKlass org/hibernate/annotations/ForeignKey
instanceKlass org/hibernate/annotations/LazyToOne
instanceKlass org/hibernate/boot/model/internal/ToOneBinder
instanceKlass jakarta/persistence/ForeignKey
instanceKlass com/example/WebApartment/Models/District$DistrictBuilder
instanceKlass org/hibernate/annotations/FetchProfiles
instanceKlass org/hibernate/annotations/FetchProfile
instanceKlass org/hibernate/annotations/TypeBinderType
instanceKlass  @bci org/hibernate/boot/model/internal/EntityBinder bindCallbacks (Lorg/hibernate/annotations/common/reflection/XClass;Lorg/hibernate/mapping/PersistentClass;Lorg/hibernate/boot/spi/MetadataBuildingContext;)V 64 <appendix> member <vmtarget> ; # org/hibernate/boot/model/internal/EntityBinder$$Lambda+0x0000020a28745708
instanceKlass jakarta/persistence/ExcludeDefaultListeners
instanceKlass jakarta/persistence/ExcludeSuperclassListeners
instanceKlass org/hibernate/jpa/event/spi/CallbackDefinition
instanceKlass org/hibernate/jpa/event/internal/CallbackDefinitionResolverLegacyImpl
instanceKlass jakarta/persistence/PostLoad
instanceKlass jakarta/persistence/PostRemove
instanceKlass jakarta/persistence/PreRemove
instanceKlass jakarta/persistence/PostPersist
instanceKlass jakarta/persistence/PrePersist
instanceKlass jakarta/persistence/PostUpdate
instanceKlass jakarta/persistence/PreUpdate
instanceKlass org/hibernate/annotations/Tables
instanceKlass org/hibernate/annotations/Table
instanceKlass  @bci org/hibernate/boot/internal/InFlightMetadataCollectorImpl addEntityBinding (Lorg/hibernate/mapping/PersistentClass;)V 50 <appendix> member <vmtarget> ; # org/hibernate/boot/internal/InFlightMetadataCollectorImpl$$Lambda+0x0000020a287436e8
instanceKlass org/hibernate/internal/util/ExceptionHelper
instanceKlass org/hibernate/boot/model/internal/CollectionSecondPass
instanceKlass org/hibernate/annotations/FetchProfileOverrides
instanceKlass org/hibernate/annotations/FetchProfileOverride
instanceKlass org/hibernate/boot/model/internal/BinderHelper$2
instanceKlass org/hibernate/annotations/Fetch
instanceKlass org/hibernate/annotations/LazyCollection
instanceKlass org/hibernate/type/AbstractType
instanceKlass org/hibernate/type/AssociationType
instanceKlass jakarta/persistence/CollectionTable
instanceKlass jakarta/persistence/JoinTable
instanceKlass jakarta/persistence/MapKeyJoinColumn
instanceKlass jakarta/persistence/MapKeyJoinColumns
instanceKlass jakarta/persistence/MapKeyColumn
instanceKlass org/hibernate/boot/model/internal/WrappedInferredData
instanceKlass org/hibernate/annotations/Cascade
instanceKlass org/hibernate/annotations/NotFound
instanceKlass org/hibernate/annotations/SortComparator
instanceKlass org/hibernate/annotations/SortNatural
instanceKlass org/hibernate/annotations/SQLOrder
instanceKlass org/hibernate/boot/model/internal/CollectionBinder$2
instanceKlass org/hibernate/annotations/OrderBy
instanceKlass jakarta/persistence/OrderBy
instanceKlass org/hibernate/annotations/ListIndexJavaType
instanceKlass org/hibernate/annotations/ListIndexJdbcTypeCode
instanceKlass org/hibernate/annotations/ListIndexJdbcType
instanceKlass org/hibernate/annotations/ListIndexBase
instanceKlass org/hibernate/annotations/IndexColumn
instanceKlass org/hibernate/annotations/CollectionIdJavaType
instanceKlass org/hibernate/annotations/CollectionIdJdbcTypeCode
instanceKlass org/hibernate/annotations/CollectionIdJdbcType
instanceKlass org/hibernate/annotations/CollectionId
instanceKlass org/hibernate/annotations/Bag
instanceKlass org/hibernate/annotations/CollectionType
instanceKlass org/hibernate/annotations/MapKeyType
instanceKlass jakarta/persistence/MapKey
instanceKlass org/hibernate/annotations/MapKeyMutability
instanceKlass org/hibernate/annotations/MapKeyJdbcTypeCode
instanceKlass org/hibernate/annotations/MapKeyJdbcType
instanceKlass org/hibernate/annotations/MapKeyJavaType
instanceKlass jakarta/persistence/OrderColumn
instanceKlass org/hibernate/annotations/SoftDelete
instanceKlass org/hibernate/metamodel/mapping/NonTransientException
instanceKlass org/hibernate/boot/model/internal/CollectionBinder
instanceKlass org/hibernate/boot/model/naming/ImplicitPrimaryKeyJoinColumnNameSource
instanceKlass org/hibernate/boot/model/naming/ImplicitJoinColumnNameSource
instanceKlass  @bci org/hibernate/boot/model/internal/PropertyBinder handleOptional (Lorg/hibernate/mapping/Property;)V 45 <appendix> member <vmtarget> ; # org/hibernate/boot/model/internal/PropertyBinder$$Lambda+0x0000020a287386b0
instanceKlass org/hibernate/annotations/Index
instanceKlass org/hibernate/mapping/Formula
instanceKlass org/hibernate/boot/internal/GenerationStrategyInterpreter$1
instanceKlass org/hibernate/boot/model/internal/GeneratorBinder$1
instanceKlass org/hibernate/boot/internal/GenerationStrategyInterpreter
instanceKlass org/hibernate/annotations/IdGeneratorType
instanceKlass org/hibernate/boot/model/internal/OptionalDeterminationSecondPass
instanceKlass org/hibernate/boot/model/source/internal/ImplicitColumnNamingSecondPass
instanceKlass  @bci org/hibernate/boot/model/internal/PropertyBinder callAttributeBindersInSecondPass (Lorg/hibernate/mapping/Property;)V 36 <appendix> member <vmtarget> ; # org/hibernate/boot/model/internal/PropertyBinder$$Lambda+0x0000020a28737180
instanceKlass org/hibernate/annotations/OptimisticLock
instanceKlass org/hibernate/annotations/NaturalId
instanceKlass org/hibernate/annotations/ValueGenerationType
instanceKlass org/hibernate/engine/spi/CascadeStyle
instanceKlass org/hibernate/boot/internal/InFlightMetadataCollectorImpl$TableColumnNameBinding
instanceKlass org/hibernate/boot/model/internal/AnnotatedColumn$2
instanceKlass org/hibernate/annotations/JdbcType
instanceKlass  @bci org/hibernate/mapping/BasicValue <init> (Lorg/hibernate/boot/spi/MetadataBuildingContext;Lorg/hibernate/mapping/Table;)V 13 <appendix> member <vmtarget> ; # org/hibernate/mapping/BasicValue$$Lambda+0x0000020a28736100
instanceKlass org/hibernate/mapping/BasicValue$Resolution
instanceKlass org/hibernate/usertype/DynamicParameterizedType$ParameterType
instanceKlass org/hibernate/id/factory/spi/CustomIdGeneratorCreationContext
instanceKlass org/hibernate/annotations/PartitionKey
instanceKlass  @bci org/hibernate/boot/model/internal/BasicValueBinder normalMutabilityDetails (Lorg/hibernate/annotations/common/reflection/XProperty;)V 3 <appendix> member <vmtarget> ; # org/hibernate/boot/model/internal/BasicValueBinder$$Lambda+0x0000020a287356e0
instanceKlass  @bci org/hibernate/boot/model/internal/BasicValueBinder normalJdbcTypeDetails (Lorg/hibernate/annotations/common/reflection/XProperty;)V 3 <appendix> member <vmtarget> ; # org/hibernate/boot/model/internal/BasicValueBinder$$Lambda+0x0000020a287354a0
instanceKlass org/hibernate/annotations/JdbcTypeCode
instanceKlass  @bci org/hibernate/boot/model/internal/BasicValueBinder normalSupplementalDetails (Lorg/hibernate/annotations/common/reflection/XProperty;)V 3 <appendix> member <vmtarget> ; # org/hibernate/boot/model/internal/BasicValueBinder$$Lambda+0x0000020a28735068
instanceKlass jakarta/persistence/Enumerated
instanceKlass jakarta/persistence/Temporal
instanceKlass  @bci org/hibernate/boot/model/internal/BasicValueBinder prepareBasicAttribute (Ljava/lang/String;Lorg/hibernate/annotations/common/reflection/XProperty;Lorg/hibernate/annotations/common/reflection/XClass;)V 17 <appendix> member <vmtarget> ; # org/hibernate/boot/model/internal/BasicValueBinder$$Lambda+0x0000020a28734a38
instanceKlass org/hibernate/internal/util/ReflectHelper
instanceKlass org/hibernate/boot/model/internal/BasicValueBinder$1
instanceKlass org/hibernate/annotations/Type
instanceKlass org/hibernate/annotations/Nationalized
instanceKlass jakarta/persistence/Lob
instanceKlass  @bci org/hibernate/boot/model/convert/internal/AttributeConverterManager findAutoApplyConverterForAttribute (Lorg/hibernate/annotations/common/reflection/XProperty;Lorg/hibernate/boot/spi/MetadataBuildingContext;)Lorg/hibernate/boot/model/convert/spi/ConverterDescriptor; 7 <appendix> member <vmtarget> ; # org/hibernate/boot/model/convert/internal/AttributeConverterManager$$Lambda+0x0000020a28733e10
instanceKlass org/hibernate/boot/model/convert/spi/AutoApplicableConverterDescriptor
instanceKlass org/hibernate/boot/model/internal/BasicValueBinder$ListIndexMappingAccess
instanceKlass org/hibernate/boot/model/internal/BasicValueBinder$CollectionIdMappingAccess
instanceKlass org/hibernate/boot/model/internal/BasicValueBinder$MapKeyMappingAccess
instanceKlass org/hibernate/boot/model/internal/BasicValueBinder$AnyKeyMappingAccess
instanceKlass org/hibernate/annotations/Parameter
instanceKlass org/hibernate/boot/model/internal/BasicValueBinder$AnyDiscriminatorMappingAccess
instanceKlass org/hibernate/boot/model/internal/BasicValueBinder$ValueMappingAccess
instanceKlass org/hibernate/boot/model/internal/BasicValueBinder$BasicMappingAccess
instanceKlass org/hibernate/boot/model/internal/BasicValueBinder
instanceKlass org/hibernate/boot/model/internal/HCANNHelper
instanceKlass org/hibernate/annotations/CompositeType
instanceKlass jdk/internal/ValueBased
instanceKlass jakarta/persistence/Embedded
instanceKlass org/hibernate/property/access/spi/PropertyAccessStrategy
instanceKlass org/hibernate/boot/model/internal/EmbeddableBinder
instanceKlass org/hibernate/annotations/ManyToAny
instanceKlass jakarta/persistence/Version
instanceKlass org/hibernate/annotations/LazyGroup
instanceKlass org/hibernate/boot/model/source/spi/AbstractAttributeKey
instanceKlass org/hibernate/boot/model/internal/AnnotatedColumn$1
instanceKlass org/hibernate/annotations/Array
instanceKlass org/hibernate/annotations/GeneratedColumn
instanceKlass org/hibernate/annotations/ColumnDefault
instanceKlass jakarta/persistence/Basic
instanceKlass org/hibernate/annotations/FractionalSeconds
instanceKlass jakarta/persistence/ManyToMany
instanceKlass org/hibernate/annotations/Any
instanceKlass jakarta/persistence/ElementCollection
instanceKlass org/hibernate/annotations/Columns
instanceKlass org/hibernate/annotations/Formula
instanceKlass org/hibernate/annotations/JoinFormula
instanceKlass org/hibernate/annotations/JoinColumnsOrFormulas
instanceKlass org/hibernate/annotations/JoinColumnOrFormula
instanceKlass jakarta/persistence/JoinColumns
instanceKlass jakarta/persistence/JoinColumn
instanceKlass org/hibernate/boot/model/internal/ColumnsBuilder
instanceKlass org/hibernate/annotations/Target
instanceKlass org/hibernate/annotations/Parent
instanceKlass jakarta/persistence/IdClass
instanceKlass org/hibernate/boot/model/internal/InheritanceState$ElementsToProcess
instanceKlass jakarta/persistence/OneToOne
instanceKlass jakarta/persistence/ManyToOne
instanceKlass jakarta/persistence/MapsId
instanceKlass org/hibernate/boot/model/internal/PropertyInferredData
instanceKlass org/hibernate/boot/model/internal/PropertyBinder
instanceKlass org/hibernate/annotations/common/reflection/java/generics/SimpleTypeEnvironment
instanceKlass jakarta/persistence/OneToMany
instanceKlass org/hibernate/boot/model/internal/PropertyContainer
instanceKlass jakarta/persistence/GeneratedValue
instanceKlass jakarta/persistence/Id
instanceKlass jakarta/persistence/EmbeddedId
instanceKlass org/hibernate/annotations/common/reflection/java/generics/ApproximatingTypeEnvironment
instanceKlass org/hibernate/annotations/common/reflection/java/generics/TypeUtils
instanceKlass org/hibernate/annotations/common/reflection/ReflectionUtil
instanceKlass com/example/WebApartment/Models/Category$CategoryBuilder
instanceKlass org/hibernate/annotations/common/reflection/XClass$1
instanceKlass org/hibernate/boot/spi/AccessType$1
instanceKlass jakarta/persistence/Access
instanceKlass org/hibernate/annotations/OnDelete
instanceKlass jakarta/persistence/PrimaryKeyJoinColumn
instanceKlass jakarta/persistence/PrimaryKeyJoinColumns
instanceKlass jakarta/persistence/DiscriminatorValue
instanceKlass org/hibernate/boot/model/internal/AnnotatedDiscriminatorColumn$1
instanceKlass org/hibernate/boot/model/internal/AnnotatedColumn
instanceKlass org/hibernate/annotations/DiscriminatorFormula
instanceKlass jakarta/persistence/DiscriminatorColumn
instanceKlass jakarta/persistence/Converts
instanceKlass jakarta/persistence/Convert
instanceKlass jakarta/persistence/AssociationOverrides
instanceKlass jakarta/persistence/AssociationOverride
instanceKlass org/hibernate/annotations/ColumnTransformers
instanceKlass org/hibernate/annotations/ColumnTransformer
instanceKlass org/hibernate/annotations/TimeZoneStorage
instanceKlass org/hibernate/boot/model/internal/TimeZoneStorageHelper
instanceKlass jakarta/persistence/AttributeOverrides
instanceKlass jakarta/persistence/AttributeOverride
instanceKlass jakarta/persistence/Column
instanceKlass org/hibernate/boot/model/internal/AbstractPropertyHolder
instanceKlass org/hibernate/boot/model/internal/PropertyHolder
instanceKlass org/hibernate/boot/model/internal/PropertyHolderBuilder
instanceKlass org/hibernate/annotations/Check
instanceKlass org/hibernate/annotations/Checks
instanceKlass org/hibernate/annotations/Synchronize
instanceKlass org/hibernate/annotations/HQLSelect
instanceKlass org/hibernate/annotations/SQLSelect
instanceKlass org/hibernate/annotations/SQLDeleteAll
instanceKlass org/hibernate/annotations/SQLDeletes
instanceKlass org/hibernate/annotations/SQLDelete
instanceKlass org/hibernate/annotations/SQLUpdates
instanceKlass org/hibernate/annotations/SQLUpdate
instanceKlass org/hibernate/annotations/SQLInserts
instanceKlass org/hibernate/annotations/SQLInsert
instanceKlass jakarta/persistence/SecondaryTables
instanceKlass jakarta/persistence/SecondaryTable
instanceKlass org/hibernate/boot/internal/InFlightMetadataCollectorImpl$EntityTableXrefImpl
instanceKlass org/hibernate/boot/model/naming/ImplicitIndexNameSource
instanceKlass org/hibernate/boot/model/internal/IndexBinder
instanceKlass org/hibernate/mapping/Column
instanceKlass org/hibernate/boot/model/naming/ImplicitUniqueKeyNameSource
instanceKlass  @bci org/hibernate/boot/internal/InFlightMetadataCollectorImpl addTable (Ljava/lang/String;Ljava/lang/String;Ljava/lang/String;Ljava/lang/String;ZLorg/hibernate/boot/spi/MetadataBuildingContext;)Lorg/hibernate/mapping/Table; 111 <appendix> member <vmtarget> ; # org/hibernate/boot/internal/InFlightMetadataCollectorImpl$$Lambda+0x0000020a28721660
instanceKlass org/hibernate/boot/model/naming/ImplicitJoinTableNameSource
instanceKlass org/hibernate/boot/model/naming/ImplicitCollectionTableNameSource
instanceKlass org/hibernate/boot/model/internal/ObjectNameSource
instanceKlass org/hibernate/boot/model/internal/TableBinder
instanceKlass org/hibernate/boot/model/internal/EntityBinder$EntityTableNamingStrategyHelper
instanceKlass org/hibernate/boot/model/naming/NamingStrategyHelper
instanceKlass org/hibernate/annotations/View
instanceKlass org/hibernate/annotations/RowId
instanceKlass org/hibernate/annotations/Subselect
instanceKlass jakarta/persistence/NamedEntityGraphs
instanceKlass jakarta/persistence/NamedEntityGraph
instanceKlass org/hibernate/annotations/Loader
instanceKlass org/hibernate/annotations/Persister
instanceKlass org/hibernate/annotations/Mutability
instanceKlass org/hibernate/annotations/Immutable
instanceKlass org/hibernate/annotations/Filter
instanceKlass org/hibernate/annotations/Filters
instanceKlass org/hibernate/annotations/NaturalIdCache
instanceKlass org/hibernate/annotations/QueryCacheLayout
instanceKlass org/hibernate/annotations/CacheConcurrencyStrategy$1
instanceKlass org/hibernate/boot/model/internal/EntityBinder$1
instanceKlass org/hibernate/boot/model/internal/EntityBinder$LocalCacheAnnotationStub
instanceKlass jakarta/persistence/Cacheable
instanceKlass org/hibernate/annotations/SQLRestriction
instanceKlass org/hibernate/annotations/Where
instanceKlass org/hibernate/annotations/Proxy
instanceKlass org/hibernate/annotations/Polymorphism
instanceKlass org/hibernate/engine/OptimisticLockStyle$1
instanceKlass org/hibernate/annotations/OptimisticLocking
instanceKlass org/hibernate/annotations/SelectBeforeUpdate
instanceKlass org/hibernate/annotations/DynamicUpdate
instanceKlass org/hibernate/annotations/DynamicInsert
instanceKlass org/hibernate/sql/Alias
instanceKlass org/hibernate/annotations/Cache
instanceKlass org/hibernate/boot/spi/PropertyData
instanceKlass org/hibernate/boot/model/internal/EntityBinder
instanceKlass org/hibernate/annotations/GenericGenerator
instanceKlass org/hibernate/generator/GeneratorCreationContext
instanceKlass org/hibernate/boot/internal/GenerationStrategyInterpreter$GeneratorNameDeterminationContext
instanceKlass org/hibernate/boot/model/internal/GeneratorBinder
instanceKlass org/hibernate/annotations/ConverterRegistrations
instanceKlass org/hibernate/annotations/ConverterRegistration
instanceKlass org/hibernate/annotations/CompositeTypeRegistrations
instanceKlass org/hibernate/annotations/CompositeTypeRegistration
instanceKlass org/hibernate/annotations/TypeRegistrations
instanceKlass org/hibernate/annotations/TypeRegistration
instanceKlass org/hibernate/annotations/EmbeddableInstantiatorRegistrations
instanceKlass org/hibernate/annotations/EmbeddableInstantiatorRegistration
instanceKlass org/hibernate/annotations/CollectionTypeRegistrations
instanceKlass org/hibernate/annotations/CollectionTypeRegistration
instanceKlass org/hibernate/annotations/JdbcTypeRegistrations
instanceKlass org/hibernate/annotations/JdbcTypeRegistration
instanceKlass org/hibernate/annotations/JavaTypeRegistrations
instanceKlass org/hibernate/annotations/JavaTypeRegistration
instanceKlass org/hibernate/annotations/DialectOverride$OverridesAnnotation
instanceKlass  @bci org/hibernate/boot/model/internal/BinderHelper getOverridableAnnotation (Lorg/hibernate/annotations/common/reflection/XAnnotatedElement;Ljava/lang/Class;Lorg/hibernate/boot/spi/MetadataBuildingContext;)Ljava/lang/annotation/Annotation; 24 <appendix> argL0 ; # org/hibernate/boot/model/internal/BinderHelper$$Lambda+0x0000020a28718bc8
instanceKlass org/hibernate/boot/model/internal/BinderHelper$AnnotationCacheValue
instanceKlass org/hibernate/boot/model/internal/AnnotatedColumns
instanceKlass org/hibernate/boot/model/internal/BinderHelper
instanceKlass org/hibernate/annotations/FilterDefs
instanceKlass org/hibernate/annotations/FilterDef
instanceKlass org/hibernate/boot/model/internal/FilterDefBinder
instanceKlass org/hibernate/annotations/Imported
instanceKlass org/hibernate/annotations/NamedNativeQueries
instanceKlass org/hibernate/annotations/NamedNativeQuery
instanceKlass org/hibernate/annotations/NamedQueries
instanceKlass org/hibernate/annotations/NamedQuery
instanceKlass jakarta/persistence/NamedNativeQueries
instanceKlass jakarta/persistence/NamedQueries
instanceKlass jakarta/persistence/SqlResultSetMappings
instanceKlass org/hibernate/boot/model/internal/SecondaryTableFromAnnotationSecondPass
instanceKlass org/hibernate/boot/model/internal/SecondaryTableSecondPass
instanceKlass org/hibernate/boot/model/internal/ImplicitToOneJoinTableSecondPass
instanceKlass org/hibernate/boot/model/internal/CreateKeySecondPass
instanceKlass org/hibernate/boot/model/internal/FkSecondPass
instanceKlass org/hibernate/boot/model/internal/AggregateComponentSecondPass
instanceKlass org/hibernate/boot/model/internal/SetBasicValueTypeSecondPass
instanceKlass org/hibernate/boot/model/internal/IdGeneratorResolverSecondPass
instanceKlass org/hibernate/boot/model/internal/ResultSetMappingSecondPass
instanceKlass org/hibernate/boot/model/internal/QuerySecondPass
instanceKlass org/hibernate/boot/query/NamedHqlQueryDefinition
instanceKlass org/hibernate/query/sql/spi/ParameterRecognizer
instanceKlass org/hibernate/boot/query/NamedResultSetMappingDescriptor
instanceKlass org/hibernate/boot/model/internal/QueryBinder
instanceKlass org/hibernate/boot/model/internal/AnnotationBinder$1
instanceKlass jakarta/persistence/Inheritance
instanceKlass org/hibernate/boot/model/internal/InheritanceState
instanceKlass org/hibernate/annotations/common/reflection/java/generics/CompoundTypeEnvironment
instanceKlass org/hibernate/annotations/common/reflection/java/generics/TypeEnvironmentFactory
instanceKlass jakarta/persistence/NamedStoredProcedureQueries
instanceKlass jakarta/persistence/NamedStoredProcedureQuery
instanceKlass jakarta/persistence/SqlResultSetMapping
instanceKlass jakarta/persistence/NamedNativeQuery
instanceKlass jakarta/persistence/NamedQuery
instanceKlass jakarta/persistence/SequenceGenerators
instanceKlass jakarta/persistence/TableGenerators
instanceKlass jakarta/persistence/TableGenerator
instanceKlass jakarta/persistence/SequenceGenerator
instanceKlass org/hibernate/boot/model/internal/AnnotationBinder
instanceKlass org/hibernate/boot/model/relational/Namespace$ComparableHelper
instanceKlass org/hibernate/boot/model/relational/Namespace
instanceKlass jakarta/persistence/EntityListeners
instanceKlass org/hibernate/boot/model/internal/XMLContext$Default
instanceKlass org/hibernate/boot/model/source/internal/annotations/AnnotationMetadataSourceProcessorImpl$1
instanceKlass org/hibernate/annotations/common/reflection/java/JavaAnnotationReader
instanceKlass org/hibernate/annotations/common/reflection/Filter
instanceKlass  @bci org/hibernate/annotations/common/reflection/java/TypeEnvironmentMap$ContextScope getOrCompute (Ljava/lang/Object;)Ljava/lang/Object; 3 <appendix> member <vmtarget> ; # org/hibernate/annotations/common/reflection/java/TypeEnvironmentMap$ContextScope$$Lambda+0x0000020a28710638
instanceKlass  @bci org/hibernate/annotations/common/reflection/java/TypeEnvironmentMap getOrCompute (Lorg/hibernate/annotations/common/reflection/java/generics/TypeEnvironment;Ljava/lang/Object;)Ljava/lang/Object; 6 <appendix> member <vmtarget> ; # org/hibernate/annotations/common/reflection/java/TypeEnvironmentMap$$Lambda+0x0000020a287103f8
instanceKlass org/hibernate/annotations/common/reflection/java/generics/TypeSwitch
instanceKlass org/hibernate/annotations/common/reflection/java/generics/IdentityTypeEnvironment
instanceKlass org/hibernate/boot/spi/JpaOrmXmlPersistenceUnitDefaultAware$JpaOrmXmlPersistenceUnitDefaults
instanceKlass org/hibernate/boot/model/source/internal/annotations/AnnotationMetadataSourceProcessorImpl
instanceKlass org/hibernate/mapping/Selectable
instanceKlass org/hibernate/boot/model/source/internal/hbm/RelationalObjectBinder
instanceKlass org/hibernate/mapping/Property
instanceKlass org/hibernate/boot/model/naming/ImplicitAnyDiscriminatorColumnNameSource
instanceKlass org/hibernate/boot/model/naming/ImplicitAnyKeyColumnNameSource
instanceKlass org/hibernate/boot/model/source/spi/HibernateTypeSource
instanceKlass org/hibernate/boot/spi/NaturalIdUniqueKeyBinder
instanceKlass org/hibernate/boot/model/source/internal/hbm/RelationalObjectBinder$ColumnNamingDelegate
instanceKlass org/hibernate/boot/model/source/internal/hbm/HbmLocalMetadataBuildingContext
instanceKlass org/hibernate/boot/model/source/spi/LocalMetadataBuildingContext
instanceKlass org/hibernate/boot/model/source/internal/hbm/IndexedPluralAttributeSource
instanceKlass org/hibernate/boot/model/source/spi/PluralAttributeSource
instanceKlass org/hibernate/boot/model/source/spi/CascadeStyleSource
instanceKlass org/hibernate/boot/model/source/spi/FetchableAttributeSource
instanceKlass org/hibernate/boot/model/source/spi/RelationalValueSourceContainer
instanceKlass org/hibernate/boot/model/source/spi/ColumnBindingDefaults
instanceKlass org/hibernate/boot/model/naming/ImplicitMapKeyColumnNameSource
instanceKlass org/hibernate/boot/model/naming/ImplicitIdentifierColumnNameSource
instanceKlass org/hibernate/boot/model/source/spi/CompositeIdentifierSource
instanceKlass org/hibernate/boot/model/source/spi/EmbeddableSourceContributor
instanceKlass org/hibernate/boot/model/source/spi/IdentifierSource
instanceKlass org/hibernate/boot/model/naming/ImplicitIndexColumnNameSource
instanceKlass org/hibernate/boot/model/naming/ImplicitBasicColumnNameSource
instanceKlass org/hibernate/boot/model/naming/ImplicitEntityNameSource
instanceKlass org/hibernate/boot/model/naming/ImplicitDiscriminatorColumnNameSource
instanceKlass org/hibernate/boot/model/source/spi/AttributeSource
instanceKlass org/hibernate/mapping/TableOwner
instanceKlass org/hibernate/mapping/PersistentClass
instanceKlass org/hibernate/mapping/MetaAttributable
instanceKlass org/hibernate/mapping/AttributeContainer
instanceKlass org/hibernate/mapping/IdentifiableTypeClass
instanceKlass org/hibernate/mapping/TableContainer
instanceKlass org/hibernate/boot/model/source/spi/AnyMappingSource
instanceKlass org/hibernate/mapping/SortableValue
instanceKlass org/hibernate/mapping/Collection
instanceKlass org/hibernate/mapping/SoftDeletable
instanceKlass org/hibernate/mapping/Filterable
instanceKlass org/hibernate/mapping/Fetchable
instanceKlass org/hibernate/boot/model/convert/spi/JpaAttributeConverterCreationContext
instanceKlass org/hibernate/mapping/Resolvable
instanceKlass org/hibernate/mapping/SimpleValue
instanceKlass org/hibernate/mapping/KeyValue
instanceKlass org/hibernate/boot/model/source/internal/hbm/ModelBinder
instanceKlass org/hibernate/boot/model/source/spi/JoinedSubclassEntitySource
instanceKlass org/hibernate/boot/model/source/spi/ForeignKeyContributingSource
instanceKlass org/hibernate/boot/jaxb/hbm/spi/TableInformationContainer
instanceKlass org/hibernate/boot/jaxb/hbm/spi/SubEntityInfo
instanceKlass org/hibernate/boot/jaxb/hbm/spi/SecondaryTableContainer
instanceKlass org/hibernate/boot/jaxb/hbm/spi/Discriminatable
instanceKlass org/hibernate/boot/jaxb/hbm/spi/JaxbHbmToolingHintContainer
instanceKlass org/hibernate/boot/jaxb/hbm/spi/EntityInfo
instanceKlass org/hibernate/boot/jaxb/hbm/spi/ResultSetMappingContainer
instanceKlass org/hibernate/boot/jaxb/hbm/spi/ToolingHintContainer
instanceKlass org/hibernate/boot/model/source/spi/SubclassEntitySource
instanceKlass org/hibernate/boot/model/source/internal/hbm/AbstractHbmSourceNode
instanceKlass org/hibernate/boot/model/source/internal/hbm/Helper$InLineViewNameInferrer
instanceKlass org/hibernate/boot/model/source/spi/EntitySource
instanceKlass org/hibernate/boot/model/source/spi/EntityNamingSourceContributor
instanceKlass org/hibernate/boot/model/source/spi/IdentifiableTypeSource
instanceKlass org/hibernate/boot/model/source/spi/AttributeSourceContainer
instanceKlass org/hibernate/boot/model/source/spi/ToolingHintContextContainer
instanceKlass org/hibernate/boot/model/source/internal/hbm/EntityHierarchyBuilder
instanceKlass org/hibernate/boot/model/source/internal/hbm/HbmMetadataSourceProcessorImpl
instanceKlass org/hibernate/boot/model/process/spi/MetadataBuildingProcess$1
instanceKlass  @bci org/hibernate/boot/model/process/spi/MetadataBuildingProcess complete (Lorg/hibernate/boot/model/process/spi/ManagedResources;Lorg/hibernate/boot/spi/BootstrapContext;Lorg/hibernate/boot/spi/MetadataBuildingOptions;)Lorg/hibernate/boot/spi/MetadataImplementor; 60 <appendix> member <vmtarget> ; # org/hibernate/boot/model/process/spi/MetadataBuildingProcess$$Lambda+0x0000020a286f7b10
instanceKlass org/hibernate/boot/model/naming/ObjectNameNormalizer
instanceKlass org/hibernate/boot/internal/MetadataBuildingContextRootImpl
instanceKlass org/hibernate/boot/internal/MetadataBuilderImpl$2
instanceKlass org/hibernate/boot/model/process/spi/MetadataBuildingProcess$5
instanceKlass org/hibernate/type/descriptor/jdbc/JsonJdbcType
instanceKlass org/hibernate/type/descriptor/jdbc/JdbcTypeFamilyInformation
instanceKlass  @bci org/hibernate/type/BasicTypeRegistry applyOrOverwriteEntry (Lorg/hibernate/type/BasicType;)V 10 <appendix> argL0 ; # org/hibernate/type/BasicTypeRegistry$$Lambda+0x0000020a286f54a8
instanceKlass org/hibernate/type/descriptor/jdbc/spi/AbstractJdbcLiteralFormatter
instanceKlass  @bci org/hibernate/type/descriptor/java/spi/JavaTypeRegistry resolveDescriptor (Ljava/lang/reflect/Type;Ljava/util/function/BiFunction;)Lorg/hibernate/type/descriptor/java/JavaType; 5 <appendix> member <vmtarget> ; # org/hibernate/type/descriptor/java/spi/JavaTypeRegistry$$Lambda+0x0000020a286f46f0
instanceKlass  @bci org/hibernate/type/descriptor/java/spi/JavaTypeRegistry resolveDescriptor (Ljava/lang/reflect/Type;)Lorg/hibernate/type/descriptor/java/JavaType; 2 <appendix> argL0 ; # org/hibernate/type/descriptor/java/spi/JavaTypeRegistry$$Lambda+0x0000020a286f44c8
instanceKlass org/hibernate/type/AdjustableBasicType
instanceKlass org/hibernate/internal/util/config/ConfigurationHelper$TypeCodeConverter
instanceKlass org/hibernate/type/descriptor/jdbc/UUIDJdbcType
instanceKlass org/hibernate/type/descriptor/jdbc/XmlJdbcType
instanceKlass org/hibernate/type/descriptor/jdbc/AggregateJdbcType
instanceKlass org/hibernate/type/descriptor/jdbc/TimestampUtcAsJdbcTimestampJdbcType
instanceKlass org/hibernate/type/descriptor/jdbc/TimeUtcAsOffsetTimeJdbcType
instanceKlass org/hibernate/type/descriptor/jdbc/TimestampUtcAsOffsetDateTimeJdbcType
instanceKlass org/hibernate/type/descriptor/jdbc/NClobJdbcType
instanceKlass org/hibernate/type/descriptor/jdbc/NVarcharJdbcType
instanceKlass org/hibernate/type/descriptor/sql/internal/CapacityDependentDdlType$TypeEntry
instanceKlass org/hibernate/type/descriptor/sql/internal/CapacityDependentDdlType$Builder
instanceKlass org/hibernate/type/SqlTypes
instanceKlass  @bci jdk/internal/reflect/MethodHandleIntegerFieldAccessorImpl getInt (Ljava/lang/Object;)I 11 <adapter> ; # java/lang/invoke/LambdaForm$MH+0x0000020a286ec400
instanceKlass java/sql/Types
instanceKlass org/hibernate/type/descriptor/JdbcTypeNameMapper
instanceKlass org/hibernate/type/descriptor/sql/internal/DdlTypeImpl
instanceKlass org/hibernate/boot/model/process/spi/MetadataBuildingProcess$4
instanceKlass  @bci org/hibernate/boot/internal/InFlightMetadataCollectorImpl <init> (Lorg/hibernate/boot/spi/BootstrapContext;Lorg/hibernate/boot/spi/MetadataBuildingOptions;)V 398 <appendix> member <vmtarget> ; # org/hibernate/boot/internal/InFlightMetadataCollectorImpl$$Lambda+0x0000020a286eb620
instanceKlass org/hibernate/boot/model/relational/AuxiliaryDatabaseObject
instanceKlass org/hibernate/boot/model/relational/Namespace$Name
instanceKlass org/hibernate/sql/ast/internal/ParameterMarkerStrategyStandard
instanceKlass org/hibernate/engine/jdbc/internal/Formatter
instanceKlass  @bci com/zaxxer/hikari/pool/ProxyConnection$ClosedConnection getClosedConnection ()Ljava/sql/Connection; 0 <appendix> argL0 ; # com/zaxxer/hikari/pool/ProxyConnection$ClosedConnection$$Lambda+0x0000020a286eaba8
instanceKlass  @cpi io/micrometer/core/instrument/config/NamingConvention 68 form vmentry <vmtarget> ; # java/lang/invoke/LambdaForm$DMH+0x0000020a286ec000
instanceKlass com/zaxxer/hikari/pool/ProxyConnection$ClosedConnection
instanceKlass com/microsoft/sqlserver/jdbc/SQLServerLob
instanceKlass org/hibernate/engine/jdbc/env/internal/LobCreationHelper
instanceKlass org/hibernate/engine/jdbc/LobCreator
instanceKlass org/hibernate/engine/jdbc/env/internal/LobCreatorBuilderImpl
instanceKlass org/hibernate/engine/jdbc/env/internal/QualifiedObjectNameFormatterStandardImpl$CatalogSchemaNameFormat
instanceKlass org/hibernate/engine/jdbc/env/internal/QualifiedObjectNameFormatterStandardImpl$1
instanceKlass org/hibernate/engine/jdbc/env/internal/QualifiedObjectNameFormatterStandardImpl$Format
instanceKlass org/hibernate/engine/jdbc/env/internal/QualifiedObjectNameFormatterStandardImpl
instanceKlass org/hibernate/boot/model/naming/Identifier
instanceKlass org/hibernate/tool/schema/extract/spi/ExtractionContext
instanceKlass org/hibernate/engine/jdbc/env/internal/ExtractedDatabaseMetaDataImpl
instanceKlass org/hibernate/engine/jdbc/env/internal/DefaultSchemaNameResolver$SchemaNameResolverJava17Delegate
instanceKlass com/microsoft/sqlserver/jdbc/DDC$1
instanceKlass com/microsoft/sqlserver/jdbc/DDC
instanceKlass com/microsoft/sqlserver/jdbc/InputStreamGetterArgs
instanceKlass java/sql/Array
instanceKlass java/sql/ShardingKey
instanceKlass java/sql/Struct
instanceKlass org/hibernate/engine/jdbc/env/internal/DefaultSchemaNameResolver
instanceKlass org/hibernate/engine/jdbc/cursor/internal/StandardRefCursorSupport
instanceKlass org/hibernate/engine/jdbc/env/internal/ExtractedDatabaseMetaDataImpl$Builder
instanceKlass org/hibernate/engine/jdbc/env/internal/NormalizingIdentifierHelperImpl
instanceKlass org/hibernate/engine/jdbc/env/spi/IdentifierHelper
instanceKlass org/hibernate/engine/jdbc/env/spi/IdentifierHelperBuilder
instanceKlass  @bci org/hibernate/dialect/SQLServerDialect buildSQLExceptionConversionDelegate ()Lorg/hibernate/exception/spi/SQLExceptionConversionDelegate; 1 <appendix> member <vmtarget> ; # org/hibernate/dialect/SQLServerDialect$$Lambda+0x0000020a286e3488
instanceKlass org/hibernate/sql/ast/SqlAstTranslator
instanceKlass org/hibernate/sql/ast/SqlAstWalker
instanceKlass org/hibernate/sql/ast/tree/MutationStatement
instanceKlass org/hibernate/sql/ast/spi/StandardSqlAstTranslatorFactory
instanceKlass org/hibernate/dialect/DialectLogging_$logger
instanceKlass org/hibernate/dialect/DialectLogging
instanceKlass org/hibernate/internal/log/DeprecationLogger
instanceKlass org/hibernate/dialect/unique/AlterTableUniqueDelegate
instanceKlass java/util/regex/Pattern$1MatcherIterator
instanceKlass org/hibernate/boot/model/source/internal/hbm/CommaSeparatedStringHelper
instanceKlass org/hibernate/engine/jdbc/env/spi/AnsiSqlKeywords
instanceKlass  @bci org/hibernate/dialect/Dialect <init> (Lorg/hibernate/engine/jdbc/dialect/spi/DialectResolutionInfo;)V 160 <appendix> member <vmtarget> ; # org/hibernate/dialect/Dialect$$Lambda+0x0000020a286e0688
instanceKlass  @cpi org/hibernate/dialect/Dialect 1375 form vmentry <vmtarget> ; # java/lang/invoke/LambdaForm$DMH+0x0000020a286e4000
instanceKlass org/hibernate/loader/ast/spi/MultiKeyLoadSizingStrategy
instanceKlass org/hibernate/tool/schema/internal/StandardTableCleaner
instanceKlass org/hibernate/tool/schema/internal/StandardTableMigrator
instanceKlass org/hibernate/dialect/temptable/StandardTemporaryTableExporter
instanceKlass org/hibernate/tool/schema/internal/StandardAuxiliaryDatabaseObjectExporter
instanceKlass org/hibernate/tool/schema/internal/StandardUniqueKeyExporter
instanceKlass org/hibernate/tool/schema/internal/StandardForeignKeyExporter
instanceKlass org/hibernate/tool/schema/internal/StandardIndexExporter
instanceKlass org/hibernate/tool/schema/internal/StandardUserDefinedTypeExporter
instanceKlass org/hibernate/tool/schema/extract/spi/ColumnTypeInformation
instanceKlass org/hibernate/mapping/Value
instanceKlass org/hibernate/boot/model/relational/QualifiedName
instanceKlass org/hibernate/tool/schema/internal/StandardTableExporter
instanceKlass org/hibernate/dialect/Dialect$SizeStrategyImpl
instanceKlass org/hibernate/dialect/SimpleDatabaseVersion
instanceKlass  @bci org/hibernate/dialect/Dialect <clinit> ()V 82 <appendix> argL0 ; # org/hibernate/dialect/Dialect$$Lambda+0x0000020a286ddfc0
instanceKlass org/hibernate/dialect/Dialect$3
instanceKlass org/hibernate/dialect/Dialect$2
instanceKlass org/hibernate/dialect/Dialect$1
instanceKlass org/hibernate/dialect/pagination/LimitHandler
instanceKlass org/hibernate/sql/ast/tree/Statement
instanceKlass org/hibernate/tool/schema/internal/StandardSequenceExporter
instanceKlass org/hibernate/dialect/FunctionalDependencyAnalysisSupport
instanceKlass org/hibernate/engine/jdbc/env/spi/SchemaNameResolver
instanceKlass org/hibernate/dialect/temptable/TemporaryTableExporter
instanceKlass org/hibernate/dialect/identity/IdentityColumnSupport
instanceKlass org/hibernate/dialect/lock/LockingStrategy
instanceKlass org/hibernate/dialect/unique/UniqueDelegate
instanceKlass org/hibernate/tool/schema/internal/TableMigrator
instanceKlass org/hibernate/tool/schema/spi/Cleaner
instanceKlass org/hibernate/type/descriptor/jdbc/JdbcTypeConstructor
instanceKlass org/hibernate/procedure/spi/CallableStatementSupport
instanceKlass org/hibernate/tool/schema/spi/Exporter
instanceKlass org/hibernate/sql/model/MutationOperation
instanceKlass org/hibernate/sql/model/MutationTarget
instanceKlass org/hibernate/tool/schema/extract/spi/SequenceInformationExtractor
instanceKlass org/hibernate/dialect/LobMergeStrategy
instanceKlass org/hibernate/dialect/Dialect$SizeStrategy
instanceKlass  @bci org/hibernate/engine/jdbc/dialect/internal/DialectFactoryImpl constructDialect (Ljava/lang/Object;Lorg/hibernate/engine/jdbc/dialect/spi/DialectResolutionInfoSource;)Lorg/hibernate/dialect/Dialect; 12 <appendix> member <vmtarget> ; # org/hibernate/engine/jdbc/dialect/internal/DialectFactoryImpl$$Lambda+0x0000020a286d93f0
instanceKlass  @bci org/hibernate/engine/jdbc/env/internal/JdbcEnvironmentInitiator$1 execute (Ljava/sql/Connection;)Lorg/hibernate/engine/jdbc/env/internal/JdbcEnvironmentImpl; 167 <appendix> member <vmtarget> ; # org/hibernate/engine/jdbc/env/internal/JdbcEnvironmentInitiator$1$$Lambda+0x0000020a286d91d0
instanceKlass org/hibernate/engine/jdbc/env/internal/JdbcEnvironmentInitiator$DialectResolutionInfoImpl
instanceKlass com/zaxxer/hikari/pool/ProxyDatabaseMetaData
instanceKlass com/microsoft/sqlserver/jdbc/ColumnFilter
instanceKlass com/microsoft/sqlserver/jdbc/SQLServerDatabaseMetaData
instanceKlass org/hibernate/jdbc/WorkExecutor
instanceKlass com/zaxxer/hikari/pool/ProxyConnection
instanceKlass com/zaxxer/hikari/pool/ProxyFactory
instanceKlass com/zaxxer/hikari/pool/ProxyLeakTask
instanceKlass java/util/concurrent/atomic/AtomicReferenceFieldUpdater$AtomicReferenceFieldUpdaterImpl$1
instanceKlass java/util/concurrent/atomic/AtomicReferenceFieldUpdater
instanceKlass com/zaxxer/hikari/pool/HikariPool$HouseKeeper
instanceKlass com/zaxxer/hikari/pool/ProxyLeakTaskFactory
instanceKlass java/util/concurrent/ThreadPoolExecutor$CallerRunsPolicy
instanceKlass com/zaxxer/hikari/util/UtilityElf$CustomDiscardPolicy
instanceKlass com/zaxxer/hikari/pool/PoolBase$NopMetricsTrackerDelegate
instanceKlass com/zaxxer/hikari/pool/HikariPool$MaxLifetimeTask
instanceKlass com/microsoft/sqlserver/jdbc/ServerDTVImpl$1
instanceKlass com/microsoft/sqlserver/jdbc/SQLServerResultSet$FetchBuffer
instanceKlass com/microsoft/sqlserver/jdbc/DTVExecuteOp
instanceKlass com/microsoft/sqlserver/jdbc/DTVImpl
instanceKlass com/microsoft/sqlserver/jdbc/DTV
instanceKlass com/microsoft/sqlserver/jdbc/SQLIdentifier
instanceKlass com/microsoft/sqlserver/jdbc/TypeInfo$Builder$16
instanceKlass com/microsoft/sqlserver/jdbc/TypeInfo$Builder$15
instanceKlass com/microsoft/sqlserver/jdbc/TypeInfo$Builder$14
instanceKlass com/microsoft/sqlserver/jdbc/TypeInfo$Builder$13
instanceKlass com/microsoft/sqlserver/jdbc/TypeInfo$Builder$12
instanceKlass com/microsoft/sqlserver/jdbc/TypeInfo$Builder$11
instanceKlass com/microsoft/sqlserver/jdbc/TypeInfo$Builder$10
instanceKlass com/microsoft/sqlserver/jdbc/TypeInfo$Builder$9
instanceKlass com/microsoft/sqlserver/jdbc/TypeInfo$Builder$8
instanceKlass com/microsoft/sqlserver/jdbc/TypeInfo$Builder$7
instanceKlass com/microsoft/sqlserver/jdbc/TypeInfo$Builder$6
instanceKlass com/microsoft/sqlserver/jdbc/TypeInfo$Builder$5
instanceKlass com/microsoft/sqlserver/jdbc/TypeInfo$Builder$4
instanceKlass com/microsoft/sqlserver/jdbc/TypeInfo$Builder$3
instanceKlass com/microsoft/sqlserver/jdbc/TypeInfo$Builder$KatmaiScaledTemporalStrategy
instanceKlass com/microsoft/sqlserver/jdbc/TypeInfo$Builder$BigOrSmallByteLenStrategy
instanceKlass com/microsoft/sqlserver/jdbc/TypeInfo$Builder$DecimalNumericStrategy
instanceKlass com/microsoft/sqlserver/jdbc/TypeInfo$Builder$2
instanceKlass com/microsoft/sqlserver/jdbc/TypeInfo$Builder$1
instanceKlass com/microsoft/sqlserver/jdbc/TypeInfo$Builder$FixedLenStrategy
instanceKlass com/microsoft/sqlserver/jdbc/TypeInfo$Builder$Strategy
instanceKlass com/microsoft/sqlserver/jdbc/TypeInfo
instanceKlass com/microsoft/sqlserver/jdbc/Column
instanceKlass java/math/MathContext
instanceKlass com/microsoft/sqlserver/jdbc/SQLServerSQLXML
instanceKlass com/microsoft/sqlserver/jdbc/SQLServerSpatialDatatype
instanceKlass com/microsoft/sqlserver/jdbc/TVP
instanceKlass microsoft/sql/DateTimeOffset
instanceKlass com/microsoft/sqlserver/jdbc/Util$1
instanceKlass java/sql/ResultSetMetaData
# instanceKlass java/lang/invoke/LambdaForm$DMH+0x0000020a286c5400
instanceKlass com/microsoft/sqlserver/jdbc/SQLServerResultSet
instanceKlass com/microsoft/sqlserver/jdbc/ISQLServerResultSet
instanceKlass java/util/concurrent/Executors$RunnableAdapter
instanceKlass com/microsoft/sqlserver/jdbc/TDSTimeoutTask
instanceKlass  @bci com/microsoft/sqlserver/jdbc/SharedTimer <init> ()V 32 <appendix> member <vmtarget> ; # com/microsoft/sqlserver/jdbc/SharedTimer$$Lambda+0x0000020a286c7718
instanceKlass com/microsoft/sqlserver/jdbc/SharedTimer
instanceKlass com/microsoft/sqlserver/jdbc/SQLServerStatement$ExecuteProperties
instanceKlass java/sql/ResultSet
instanceKlass com/microsoft/sqlserver/jdbc/SQLServerStatement
instanceKlass  @bci com/microsoft/sqlserver/jdbc/StreamLoginAck setFromTDS (Lcom/microsoft/sqlserver/jdbc/TDSReader;)V 93 <adapter> ; # java/lang/invoke/LambdaForm$MH+0x0000020a286c5000
# instanceKlass java/lang/invoke/LambdaForm$DMH+0x0000020a286c4c00
instanceKlass  @bci com/microsoft/sqlserver/jdbc/StreamLoginAck setFromTDS (Lcom/microsoft/sqlserver/jdbc/TDSReader;)V 93 <appendix> form vmentry <vmtarget> ; # java/lang/invoke/LambdaForm$MH+0x0000020a286c4800
# instanceKlass java/lang/invoke/LambdaForm$MH+0x0000020a286c4400
instanceKlass  @bci com/microsoft/sqlserver/jdbc/StreamLoginAck setFromTDS (Lcom/microsoft/sqlserver/jdbc/TDSReader;)V 93 <appendix> form names 8 function resolvedHandle form vmentry <vmtarget> ; # java/lang/invoke/LambdaForm$DMH+0x0000020a286c4000
instanceKlass  @bci com/microsoft/sqlserver/jdbc/StreamLoginAck setFromTDS (Lcom/microsoft/sqlserver/jdbc/TDSReader;)V 93 <appendix> argL3 form vmentry <vmtarget> ; # java/lang/invoke/LambdaForm$MH+0x0000020a286c3c00
# instanceKlass java/lang/invoke/LambdaForm$MH+0x0000020a286c3800
instanceKlass  @bci com/microsoft/sqlserver/jdbc/StreamLoginAck setFromTDS (Lcom/microsoft/sqlserver/jdbc/TDSReader;)V 93 <appendix> argL3 form names 7 function resolvedHandle form vmentry <vmtarget> ; # java/lang/invoke/LambdaForm$DMH+0x0000020a286c3400
# instanceKlass java/lang/invoke/LambdaForm$MH+0x0000020a286c3000
# instanceKlass java/lang/invoke/LambdaForm$MH+0x0000020a286c2c00
# instanceKlass java/lang/invoke/LambdaForm$MH+0x0000020a286c2800
# instanceKlass java/lang/invoke/LambdaForm$MH+0x0000020a286c2400
# instanceKlass java/lang/invoke/LambdaForm$MH+0x0000020a286c2000
instanceKlass  @bci com/microsoft/sqlserver/jdbc/StreamLoginAck setFromTDS (Lcom/microsoft/sqlserver/jdbc/TDSReader;)V 93 <appendix> form names 12 function resolvedHandle form vmentry <vmtarget> ; # java/lang/invoke/LambdaForm$DMH+0x0000020a286c1c00
instanceKlass  @bci com/microsoft/sqlserver/jdbc/StreamLoginAck setFromTDS (Lcom/microsoft/sqlserver/jdbc/TDSReader;)V 93 <appendix> argL1 form vmentry <vmtarget> ; # java/lang/invoke/LambdaForm$MH+0x0000020a286c1800
# instanceKlass java/lang/invoke/LambdaForm$MH+0x0000020a286c1400
instanceKlass  @bci org/springframework/boot/actuate/endpoint/web/EndpointLinksResolver <init> (Ljava/util/Collection;Ljava/lang/String;)V 49 <appendix> argL1 argL0 form vmentry <vmtarget> ; # java/lang/invoke/LambdaForm$MH+0x0000020a286c1000
# instanceKlass java/lang/invoke/LambdaForm$MH+0x0000020a286c0c00
# instanceKlass java/lang/invoke/LambdaForm$MH+0x0000020a286c0800
# instanceKlass java/lang/invoke/LambdaForm$MH+0x0000020a286c0400
# instanceKlass java/lang/invoke/LambdaForm$MH+0x0000020a286c0000
instanceKlass com/microsoft/sqlserver/jdbc/StreamPacket
instanceKlass java/util/JumboEnumSet$EnumSetIterator
instanceKlass com/microsoft/sqlserver/jdbc/SQLCollation
instanceKlass com/microsoft/sqlserver/jdbc/TDSReaderMark
instanceKlass com/microsoft/sqlserver/jdbc/TDSParser
instanceKlass com/microsoft/sqlserver/jdbc/MaxResultBufferCounter
instanceKlass com/microsoft/sqlserver/jdbc/ICounter
instanceKlass com/microsoft/sqlserver/jdbc/SessionStateValue
instanceKlass com/microsoft/sqlserver/jdbc/SessionStateTable
instanceKlass com/sun/crypto/provider/GaloisCounterMode$DecryptOp
instanceKlass com/sun/crypto/provider/GaloisCounterMode$EncryptOp
instanceKlass com/sun/crypto/provider/GaloisCounterMode$GCMOperation
instanceKlass com/sun/crypto/provider/GHASH
instanceKlass com/sun/crypto/provider/GCM
instanceKlass com/sun/crypto/provider/GaloisCounterMode$GCMEngine
instanceKlass javax/crypto/spec/GCMParameterSpec
instanceKlass sun/security/ssl/ChangeCipherSpec$T13ChangeCipherSpecConsumer
instanceKlass sun/security/ssl/ChangeCipherSpec$T10ChangeCipherSpecProducer
instanceKlass sun/security/ssl/ChangeCipherSpec$T10ChangeCipherSpecConsumer
instanceKlass sun/security/ssl/ChangeCipherSpec
instanceKlass sun/security/internal/spec/TlsPrfParameterSpec
instanceKlass sun/security/ssl/Finished$1
instanceKlass sun/security/ssl/Finished$T13VerifyDataGenerator
instanceKlass sun/security/ssl/Finished$T12VerifyDataGenerator
instanceKlass sun/security/ssl/Finished$T10VerifyDataGenerator
instanceKlass sun/security/ssl/Finished$S30VerifyDataGenerator
instanceKlass sun/security/ssl/Finished$VerifyDataGenerator
instanceKlass sun/security/internal/spec/TlsKeyMaterialSpec
instanceKlass javax/crypto/spec/IvParameterSpec
instanceKlass sun/security/internal/spec/TlsKeyMaterialParameterSpec
instanceKlass sun/security/ssl/SSLTrafficKeyDerivation$LegacyTrafficKeyDerivation
instanceKlass sun/security/ssl/SSLTrafficKeyDerivation$1
instanceKlass sun/security/ssl/SSLTrafficKeyDerivation$T13TrafficKeyDerivationGenerator
instanceKlass sun/security/ssl/SSLTrafficKeyDerivation$T12TrafficKeyDerivationGenerator
instanceKlass sun/security/ssl/SSLTrafficKeyDerivation$T10TrafficKeyDerivationGenerator
instanceKlass sun/security/ssl/SSLTrafficKeyDerivation$S30TrafficKeyDerivationGenerator
instanceKlass com/sun/crypto/provider/TlsMasterSecretGenerator$TlsMasterSecretKey
instanceKlass sun/security/internal/interfaces/TlsMasterSecret
instanceKlass sun/security/internal/spec/TlsMasterSecretParameterSpec
instanceKlass sun/security/ssl/SSLMasterKeyDerivation$LegacyMasterKeyDerivation
instanceKlass sun/security/ssl/SSLMasterKeyDerivation$1
instanceKlass sun/security/ssl/SSLKeyDerivationGenerator
instanceKlass  @bci javax/crypto/spec/SecretKeySpec <clinit> ()V 0 <appendix> argL0 ; # javax/crypto/spec/SecretKeySpec$$Lambda+0x0000020a2869d920
instanceKlass jdk/internal/access/JavaxCryptoSpecAccess
instanceKlass javax/crypto/spec/SecretKeySpec
instanceKlass javax/crypto/KeyAgreementSpi
instanceKlass sun/security/ssl/KAKeyDerivation
instanceKlass sun/security/ssl/ECDHKeyExchange$1
instanceKlass sun/security/ssl/ECDHClientKeyExchange$ECDHEClientKeyExchangeProducer
instanceKlass sun/security/ssl/ECDHClientKeyExchange$ECDHEClientKeyExchangeConsumer
instanceKlass sun/security/ssl/ECDHClientKeyExchange$ECDHClientKeyExchangeProducer
instanceKlass sun/security/ssl/ECDHClientKeyExchange$ECDHClientKeyExchangeConsumer
instanceKlass sun/security/ssl/ECDHClientKeyExchange
instanceKlass sun/security/rsa/MGF1
instanceKlass java/security/spec/ECPublicKeySpec
instanceKlass sun/security/ssl/ECDHKeyExchange$ECDHECredentials
instanceKlass sun/security/ssl/NamedGroupCredentials
instanceKlass sun/security/ssl/ECDHServerKeyExchange$ECDHServerKeyExchangeProducer
instanceKlass sun/security/ssl/ECDHServerKeyExchange$ECDHServerKeyExchangeConsumer
instanceKlass sun/security/ssl/ECDHServerKeyExchange
instanceKlass sun/security/ssl/X509Authentication$X509Credentials
instanceKlass java/security/cert/PKIXCertPathChecker
instanceKlass java/security/cert/CertPathChecker
instanceKlass sun/security/ssl/SSLAlgorithmConstraints$SupportedSignatureAlgorithmConstraints
instanceKlass sun/security/ssl/SSLConfiguration$1
instanceKlass javax/net/ssl/SSLParameters
instanceKlass javax/net/ssl/SSLEngine
instanceKlass sun/security/ssl/SSLAuthentication
instanceKlass sun/security/ssl/SSLKeyExchange$SSLKeyExECDHERSAOrPSS
instanceKlass sun/security/ssl/SSLKeyExchange$1
instanceKlass sun/security/ssl/RenegoInfoExtension$RenegotiationInfoSpec
instanceKlass sun/security/ssl/HandshakeHash$CloneableHash
instanceKlass sun/security/ssl/HandshakeHash$T12HandshakeHash
instanceKlass sun/security/util/ByteArrays
instanceKlass sun/security/ssl/TransportContext$1
instanceKlass sun/security/ssl/Plaintext
instanceKlass sun/security/ssl/OutputRecord$T13PaddingHolder
instanceKlass sun/security/ssl/KeyShareExtension$CHKeyShareSpec
instanceKlass java/security/interfaces/ECPublicKey
instanceKlass sun/security/util/math/IntegerModuloP$MultiplicativeInverser$Secp256R1
instanceKlass sun/security/ec/ECOperations$PointMultiplier$Default
instanceKlass sun/security/ec/ECOperations$PointMultiplier$Secp256R1GeneratorMultiplier$P256
instanceKlass sun/security/ec/point/MutablePoint
instanceKlass sun/security/ec/ECOperations$PointMultiplier$Secp256R1GeneratorMultiplier
instanceKlass sun/security/ec/ECOperations$PointMultiplier
instanceKlass  @bci sun/security/ec/ECPrivateKeyImpl calculatePublicKey ()Ljava/security/PublicKey; 9 <appendix> argL0 ; # sun/security/ec/ECPrivateKeyImpl$$Lambda+0x0000020a28694c58
instanceKlass sun/security/util/ArrayUtil
instanceKlass java/security/interfaces/ECPrivateKey
instanceKlass sun/security/ec/ECOperations
instanceKlass sun/security/ssl/ECDHKeyExchange$ECDHEPossession
instanceKlass sun/security/ssl/KeyShareExtension$KeyShareEntry
instanceKlass sun/security/ssl/XDHKeyExchange$1
instanceKlass java/security/interfaces/XECPrivateKey
instanceKlass java/security/interfaces/XECPublicKey
instanceKlass java/security/KeyPair
instanceKlass sun/security/util/math/IntegerModuloP$MultiplicativeInverser$Default
instanceKlass sun/security/util/math/IntegerModuloP$MultiplicativeInverser
instanceKlass sun/security/util/math/MutableIntegerModuloP
instanceKlass sun/security/jca/JCAUtil$CachedSecureRandomHolder
instanceKlass sun/security/ec/XECOperations
instanceKlass sun/security/ec/XECParameters
instanceKlass  @bci sun/security/ec/XDHKeyPairGenerator initialize (Ljava/security/spec/AlgorithmParameterSpec;Ljava/security/SecureRandom;)V 0 <appendix> argL0 ; # sun/security/ec/XDHKeyPairGenerator$$Lambda+0x0000020a28690608
instanceKlass sun/security/ssl/XDHKeyExchange$XDHEPossession
instanceKlass sun/security/ssl/ECDHKeyExchange$ECDHEXDHKAGenerator
instanceKlass sun/security/ssl/ECDHKeyExchange$ECDHEKAGenerator
instanceKlass sun/security/ssl/ECDHKeyExchange$ECDHKAGenerator
instanceKlass sun/security/ssl/ECDHKeyExchange$ECDHEPossessionGenerator
instanceKlass sun/security/ssl/ECDHKeyExchange
instanceKlass sun/security/ssl/DHKeyExchange$DHEKAGenerator
instanceKlass sun/security/ssl/DHKeyExchange$DHEPossessionGenerator
instanceKlass sun/security/ssl/DHKeyExchange
instanceKlass sun/security/ssl/RSAKeyExchange$RSAKAGenerator
instanceKlass sun/security/ssl/RSAKeyExchange$EphemeralRSAPossessionGenerator
instanceKlass sun/security/ssl/RSAKeyExchange
instanceKlass sun/security/ssl/SSLKeyExchange$T13KeyAgreement
instanceKlass sun/security/ssl/SSLKeyAgreement
instanceKlass sun/security/ssl/SSLPossessionGenerator
instanceKlass sun/security/ssl/SSLKeyExchange
instanceKlass sun/security/ssl/SSLHandshakeBinding
instanceKlass sun/security/ssl/SSLKeyAgreementGenerator
instanceKlass sun/security/ssl/PskKeyExchangeModesExtension$PskKeyExchangeModesSpec
instanceKlass sun/security/ssl/SupportedVersionsExtension$CHSupportedVersionsSpec
instanceKlass sun/security/ssl/SignatureAlgorithmsExtension$SignatureSchemesSpec
instanceKlass sun/security/ssl/ExtendedMasterSecretExtension$ExtendedMasterSecretSpec
instanceKlass sun/security/ssl/CertStatusExtension$CertStatusRequestV2Spec
instanceKlass sun/security/ssl/ECPointFormatsExtension$ECPointFormatsSpec
instanceKlass sun/security/ssl/SupportedGroupsExtension$SupportedGroupsSpec
instanceKlass sun/security/ssl/CertStatusExtension$CertStatusRequest
instanceKlass sun/security/ssl/CertStatusExtension$CertStatusRequestSpec
instanceKlass sun/security/ssl/SSLExtension$SSLExtensionSpec
instanceKlass sun/security/ssl/SSLExtension$ClientExtensions
instanceKlass sun/security/ssl/PreSharedKeyExtension$SHPreSharedKeyStringizer
instanceKlass sun/security/ssl/PreSharedKeyExtension$SHPreSharedKeyAbsence
instanceKlass sun/security/ssl/PreSharedKeyExtension$SHPreSharedKeyConsumer
instanceKlass sun/security/ssl/PreSharedKeyExtension$SHPreSharedKeyProducer
instanceKlass sun/security/ssl/PreSharedKeyExtension$CHPreSharedKeyStringizer
instanceKlass sun/security/ssl/PreSharedKeyExtension$CHPreSharedKeyOnTradeAbsence
instanceKlass sun/security/ssl/PreSharedKeyExtension$CHPreSharedKeyUpdate
instanceKlass sun/security/ssl/PreSharedKeyExtension$CHPreSharedKeyOnLoadAbsence
instanceKlass sun/security/ssl/PreSharedKeyExtension$CHPreSharedKeyConsumer
instanceKlass sun/security/ssl/PreSharedKeyExtension$CHPreSharedKeyProducer
instanceKlass sun/security/ssl/PreSharedKeyExtension
instanceKlass sun/security/ssl/RenegoInfoExtension$RenegotiationInfoStringizer
instanceKlass sun/security/ssl/RenegoInfoExtension$SHRenegotiationInfoAbsence
instanceKlass sun/security/ssl/RenegoInfoExtension$SHRenegotiationInfoConsumer
instanceKlass sun/security/ssl/RenegoInfoExtension$SHRenegotiationInfoProducer
instanceKlass sun/security/ssl/RenegoInfoExtension$CHRenegotiationInfoAbsence
instanceKlass sun/security/ssl/RenegoInfoExtension$CHRenegotiationInfoConsumer
instanceKlass sun/security/ssl/RenegoInfoExtension$CHRenegotiationInfoProducer
instanceKlass sun/security/ssl/RenegoInfoExtension
instanceKlass sun/security/ssl/KeyShareExtension$HRRKeyShareStringizer
instanceKlass sun/security/ssl/KeyShareExtension$HRRKeyShareReproducer
instanceKlass sun/security/ssl/KeyShareExtension$HRRKeyShareConsumer
instanceKlass sun/security/ssl/KeyShareExtension$HRRKeyShareProducer
instanceKlass sun/security/ssl/KeyShareExtension$SHKeyShareStringizer
instanceKlass sun/security/ssl/KeyShareExtension$SHKeyShareAbsence
instanceKlass sun/security/ssl/KeyShareExtension$SHKeyShareConsumer
instanceKlass sun/security/ssl/KeyShareExtension$SHKeyShareProducer
instanceKlass sun/security/ssl/KeyShareExtension$CHKeyShareStringizer
instanceKlass sun/security/ssl/KeyShareExtension$CHKeyShareOnTradeAbsence
instanceKlass sun/security/ssl/KeyShareExtension$CHKeyShareConsumer
instanceKlass sun/security/ssl/KeyShareExtension$CHKeyShareProducer
instanceKlass sun/security/ssl/KeyShareExtension
instanceKlass sun/security/ssl/CertSignAlgsExtension$CertSignatureSchemesStringizer
instanceKlass sun/security/ssl/CertSignAlgsExtension$CRCertSignatureSchemesUpdate
instanceKlass sun/security/ssl/CertSignAlgsExtension$CRCertSignatureSchemesConsumer
instanceKlass sun/security/ssl/CertSignAlgsExtension$CRCertSignatureSchemesProducer
instanceKlass sun/security/ssl/CertSignAlgsExtension$CHCertSignatureSchemesUpdate
instanceKlass sun/security/ssl/CertSignAlgsExtension$CHCertSignatureSchemesConsumer
instanceKlass sun/security/ssl/CertSignAlgsExtension$CHCertSignatureSchemesProducer
instanceKlass sun/security/ssl/CertSignAlgsExtension
instanceKlass sun/security/ssl/CertificateAuthoritiesExtension$CertificateAuthoritiesStringizer
instanceKlass sun/security/ssl/CertificateAuthoritiesExtension$CRCertificateAuthoritiesConsumer
instanceKlass sun/security/ssl/CertificateAuthoritiesExtension$CRCertificateAuthoritiesProducer
instanceKlass sun/security/ssl/CertificateAuthoritiesExtension$CHCertificateAuthoritiesConsumer
instanceKlass sun/security/ssl/CertificateAuthoritiesExtension$CHCertificateAuthoritiesProducer
instanceKlass sun/security/ssl/CertificateAuthoritiesExtension
instanceKlass sun/security/ssl/PskKeyExchangeModesExtension$PskKeyExchangeModesStringizer
instanceKlass sun/security/ssl/PskKeyExchangeModesExtension$PskKeyExchangeModesOnTradeAbsence
instanceKlass sun/security/ssl/PskKeyExchangeModesExtension$PskKeyExchangeModesOnLoadAbsence
instanceKlass sun/security/ssl/PskKeyExchangeModesExtension$PskKeyExchangeModesConsumer
instanceKlass sun/security/ssl/PskKeyExchangeModesExtension$PskKeyExchangeModesProducer
instanceKlass sun/security/ssl/PskKeyExchangeModesExtension
instanceKlass sun/security/ssl/CookieExtension$CookieStringizer
instanceKlass sun/security/ssl/CookieExtension$HRRCookieReproducer
instanceKlass sun/security/ssl/CookieExtension$HRRCookieConsumer
instanceKlass sun/security/ssl/CookieExtension$HRRCookieProducer
instanceKlass sun/security/ssl/CookieExtension$CHCookieUpdate
instanceKlass sun/security/ssl/CookieExtension$CHCookieConsumer
instanceKlass sun/security/ssl/CookieExtension$CHCookieProducer
instanceKlass sun/security/ssl/CookieExtension
instanceKlass sun/security/ssl/SupportedVersionsExtension$HRRSupportedVersionsReproducer
instanceKlass sun/security/ssl/SupportedVersionsExtension$HRRSupportedVersionsConsumer
instanceKlass sun/security/ssl/SupportedVersionsExtension$HRRSupportedVersionsProducer
instanceKlass sun/security/ssl/SupportedVersionsExtension$SHSupportedVersionsStringizer
instanceKlass sun/security/ssl/SupportedVersionsExtension$SHSupportedVersionsConsumer
instanceKlass sun/security/ssl/SupportedVersionsExtension$SHSupportedVersionsProducer
instanceKlass sun/security/ssl/SupportedVersionsExtension$CHSupportedVersionsStringizer
instanceKlass sun/security/ssl/SupportedVersionsExtension$CHSupportedVersionsConsumer
instanceKlass sun/security/ssl/SupportedVersionsExtension$CHSupportedVersionsProducer
instanceKlass sun/security/ssl/SupportedVersionsExtension
instanceKlass sun/security/ssl/SignatureAlgorithmsExtension$SignatureSchemesStringizer
instanceKlass sun/security/ssl/SignatureAlgorithmsExtension$CRSignatureSchemesUpdate
instanceKlass sun/security/ssl/SignatureAlgorithmsExtension$CRSignatureSchemesAbsence
instanceKlass sun/security/ssl/SignatureAlgorithmsExtension$CRSignatureSchemesConsumer
instanceKlass sun/security/ssl/SignatureAlgorithmsExtension$CRSignatureSchemesProducer
instanceKlass sun/security/ssl/SignatureAlgorithmsExtension$CHSignatureSchemesOnTradeAbsence
instanceKlass sun/security/ssl/SignatureAlgorithmsExtension$CHSignatureSchemesUpdate
instanceKlass sun/security/ssl/SignatureAlgorithmsExtension$CHSignatureSchemesOnLoadAbsence
instanceKlass sun/security/ssl/SignatureAlgorithmsExtension$CHSignatureSchemesConsumer
instanceKlass sun/security/ssl/SignatureAlgorithmsExtension$CHSignatureSchemesProducer
instanceKlass sun/security/ssl/SignatureAlgorithmsExtension
instanceKlass sun/security/ssl/SessionTicketExtension$SessionTicketStringizer
instanceKlass sun/security/ssl/SessionTicketExtension$T12SHSessionTicketConsumer
instanceKlass sun/security/ssl/SessionTicketExtension$T12SHSessionTicketProducer
instanceKlass sun/security/ssl/SessionTicketExtension$T12CHSessionTicketConsumer
instanceKlass sun/security/ssl/SessionTicketExtension$T12CHSessionTicketProducer
instanceKlass sun/security/ssl/SessionTicketExtension
instanceKlass sun/security/ssl/ExtendedMasterSecretExtension$ExtendedMasterSecretStringizer
instanceKlass sun/security/ssl/ExtendedMasterSecretExtension$SHExtendedMasterSecretAbsence
instanceKlass sun/security/ssl/ExtendedMasterSecretExtension$SHExtendedMasterSecretConsumer
instanceKlass sun/security/ssl/ExtendedMasterSecretExtension$SHExtendedMasterSecretProducer
instanceKlass sun/security/ssl/ExtendedMasterSecretExtension$CHExtendedMasterSecretAbsence
instanceKlass sun/security/ssl/ExtendedMasterSecretExtension$CHExtendedMasterSecretConsumer
instanceKlass sun/security/ssl/ExtendedMasterSecretExtension$CHExtendedMasterSecretProducer
instanceKlass sun/security/ssl/ExtendedMasterSecretExtension
instanceKlass  @bci sun/security/ssl/AlpnExtension <clinit> ()V 100 <appendix> argL0 ; # sun/security/ssl/AlpnExtension$$Lambda+0x0000020a286532c0
instanceKlass sun/security/ssl/AlpnExtension$AlpnStringizer
instanceKlass sun/security/ssl/AlpnExtension$SHAlpnAbsence
instanceKlass sun/security/ssl/AlpnExtension$SHAlpnConsumer
instanceKlass sun/security/ssl/AlpnExtension$SHAlpnProducer
instanceKlass sun/security/ssl/AlpnExtension$CHAlpnAbsence
instanceKlass sun/security/ssl/AlpnExtension$CHAlpnConsumer
instanceKlass sun/security/ssl/AlpnExtension$CHAlpnProducer
instanceKlass sun/security/ssl/AlpnExtension
instanceKlass sun/security/ssl/ECPointFormatsExtension$ECPointFormatsStringizer
instanceKlass sun/security/ssl/ECPointFormatsExtension$SHECPointFormatsConsumer
instanceKlass sun/security/ssl/ECPointFormatsExtension$CHECPointFormatsConsumer
instanceKlass sun/security/ssl/ECPointFormatsExtension$CHECPointFormatsProducer
instanceKlass sun/security/ssl/ECPointFormatsExtension
instanceKlass sun/security/ssl/SupportedGroupsExtension$EESupportedGroupsConsumer
instanceKlass sun/security/ssl/SupportedGroupsExtension$EESupportedGroupsProducer
instanceKlass sun/security/ssl/SupportedGroupsExtension$SupportedGroupsStringizer
instanceKlass sun/security/ssl/SupportedGroupsExtension$CHSupportedGroupsOnTradeAbsence
instanceKlass sun/security/ssl/SupportedGroupsExtension$CHSupportedGroupsConsumer
instanceKlass sun/security/ssl/SupportedGroupsExtension$CHSupportedGroupsProducer
instanceKlass sun/security/ssl/SupportedGroupsExtension
instanceKlass sun/security/ssl/CertStatusExtension$CertStatusRespStringizer
instanceKlass sun/security/ssl/CertStatusExtension$CertStatusRequestsStringizer
instanceKlass sun/security/ssl/CertStatusExtension$SHCertStatusReqV2Consumer
instanceKlass sun/security/ssl/CertStatusExtension$SHCertStatusReqV2Producer
instanceKlass sun/security/ssl/CertStatusExtension$CHCertStatusReqV2Consumer
instanceKlass sun/security/ssl/CertStatusExtension$CHCertStatusReqV2Producer
instanceKlass sun/security/ssl/CertStatusExtension$CertStatusRequestStringizer
instanceKlass sun/security/ssl/CertStatusExtension$CTCertStatusResponseConsumer
instanceKlass sun/security/ssl/CertStatusExtension$CTCertStatusResponseProducer
instanceKlass sun/security/ssl/CertStatusExtension$SHCertStatusReqConsumer
instanceKlass sun/security/ssl/CertStatusExtension$SHCertStatusReqProducer
instanceKlass sun/security/ssl/CertStatusExtension$CHCertStatusReqConsumer
instanceKlass sun/security/ssl/CertStatusExtension$CHCertStatusReqProducer
instanceKlass sun/security/ssl/CertStatusExtension
instanceKlass sun/security/ssl/MaxFragExtension$MaxFragLenStringizer
instanceKlass sun/security/ssl/MaxFragExtension$EEMaxFragmentLengthUpdate
instanceKlass sun/security/ssl/MaxFragExtension$EEMaxFragmentLengthConsumer
instanceKlass sun/security/ssl/MaxFragExtension$EEMaxFragmentLengthProducer
instanceKlass sun/security/ssl/MaxFragExtension$SHMaxFragmentLengthUpdate
instanceKlass sun/security/ssl/MaxFragExtension$SHMaxFragmentLengthConsumer
instanceKlass sun/security/ssl/MaxFragExtension$SHMaxFragmentLengthProducer
instanceKlass sun/security/ssl/MaxFragExtension$CHMaxFragmentLengthConsumer
instanceKlass sun/security/ssl/MaxFragExtension$CHMaxFragmentLengthProducer
instanceKlass sun/security/ssl/MaxFragExtension
instanceKlass sun/security/ssl/ServerNameExtension$EEServerNameConsumer
instanceKlass sun/security/ssl/ServerNameExtension$EEServerNameProducer
instanceKlass sun/security/ssl/ServerNameExtension$SHServerNamesStringizer
instanceKlass sun/security/ssl/ServerNameExtension$SHServerNameConsumer
instanceKlass sun/security/ssl/ServerNameExtension$SHServerNameProducer
instanceKlass sun/security/ssl/ServerNameExtension$CHServerNamesStringizer
instanceKlass sun/security/ssl/ServerNameExtension$CHServerNameConsumer
instanceKlass sun/security/ssl/SSLExtension$ExtensionConsumer
instanceKlass sun/security/ssl/ServerNameExtension$CHServerNameProducer
instanceKlass sun/security/ssl/ServerNameExtension
instanceKlass sun/security/ssl/SSLStringizer
instanceKlass sun/security/ssl/SSLExtensions
instanceKlass sun/security/ssl/SSLHandshake$HandshakeMessage
instanceKlass sun/security/ssl/RandomCookie
instanceKlass sun/security/ssl/SSLKeyDerivation
instanceKlass sun/security/ssl/SSLCredentials
instanceKlass sun/security/ssl/NamedGroupPossession
instanceKlass sun/security/ssl/SSLPossession
instanceKlass sun/security/ssl/HandshakeContext
instanceKlass sun/security/ssl/SessionId
instanceKlass java/security/spec/MGF1ParameterSpec
instanceKlass sun/security/ec/ParametersMap$1
instanceKlass  @bci sun/security/ec/ed/EdDSAParameters <clinit> ()V 268 <appendix> argL0 ; # sun/security/ec/ed/EdDSAParameters$$Lambda+0x0000020a2867df48
instanceKlass sun/security/ec/ed/EdDSAParameters$SHAKE256DigesterFactory
instanceKlass sun/security/ec/point/ProjectivePoint
instanceKlass  @bci sun/security/ec/ed/EdDSAParameters <clinit> ()V 117 <appendix> argL0 ; # sun/security/ec/ed/EdDSAParameters$$Lambda+0x0000020a2867cc78
instanceKlass sun/security/ec/ed/EdDSAParameters$SHA512DigesterFactory
instanceKlass sun/security/ec/ed/EdDSAParameters$DigesterFactory
instanceKlass sun/security/ec/point/ExtendedHomogeneousPoint
instanceKlass sun/security/ec/point/ImmutablePoint
instanceKlass sun/security/ec/point/Point
instanceKlass sun/security/ec/point/AffinePoint
instanceKlass sun/security/util/math/intpoly/IntegerPolynomial$Limb
instanceKlass sun/security/util/math/SmallValue
instanceKlass sun/security/ec/ed/EdECOperations
instanceKlass sun/security/util/math/intpoly/IntegerPolynomial$Element
instanceKlass sun/security/util/math/ImmutableIntegerModuloP
instanceKlass sun/security/util/math/IntegerModuloP
instanceKlass sun/security/util/math/intpoly/IntegerPolynomial
instanceKlass sun/security/util/math/IntegerFieldModuloP
instanceKlass sun/security/ec/ParametersMap
instanceKlass sun/security/ec/ed/EdDSAParameters
instanceKlass  @bci sun/security/ec/ed/EdDSASignature <init> (Ljava/security/spec/NamedParameterSpec;)V 27 <appendix> argL0 ; # sun/security/ec/ed/EdDSASignature$$Lambda+0x0000020a28679650
instanceKlass java/security/spec/EdDSAParameterSpec
instanceKlass javax/net/ssl/ExtendedSSLSession
instanceKlass javax/net/ssl/SSLSession
instanceKlass javax/crypto/spec/DHParameterSpec
instanceKlass sun/security/ssl/PredefinedDHParameterSpecs$1
instanceKlass sun/security/ssl/PredefinedDHParameterSpecs
instanceKlass sun/security/ssl/NamedGroup$SupportedGroups
instanceKlass sun/security/ssl/SSLConfiguration$CustomizedClientSignatureSchemes
instanceKlass javax/crypto/KeyGeneratorSpi
instanceKlass javax/crypto/KeyGenerator
instanceKlass sun/security/ssl/SSLConfiguration
instanceKlass sun/security/ssl/SSLCipher$SSLWriteCipher
instanceKlass sun/security/ssl/KeyUpdate$KeyUpdateProducer
instanceKlass sun/security/ssl/KeyUpdate$KeyUpdateConsumer
instanceKlass sun/security/ssl/KeyUpdate$KeyUpdateKickstartProducer
instanceKlass sun/security/ssl/KeyUpdate
instanceKlass sun/security/ssl/CertificateStatus$CertificateStatusAbsence
instanceKlass sun/security/ssl/HandshakeAbsence
instanceKlass sun/security/ssl/CertificateStatus$CertificateStatusProducer
instanceKlass sun/security/ssl/CertificateStatus$CertificateStatusConsumer
instanceKlass sun/security/ssl/CertificateStatus
instanceKlass sun/security/ssl/Finished$T13FinishedProducer
instanceKlass sun/security/ssl/Finished$T13FinishedConsumer
instanceKlass sun/security/ssl/Finished$T12FinishedProducer
instanceKlass sun/security/ssl/Finished$T12FinishedConsumer
instanceKlass sun/security/ssl/Finished
instanceKlass sun/security/ssl/ClientKeyExchange$ClientKeyExchangeProducer
instanceKlass sun/security/ssl/ClientKeyExchange$ClientKeyExchangeConsumer
instanceKlass sun/security/ssl/ClientKeyExchange
instanceKlass sun/security/ssl/CertificateVerify$T13CertificateVerifyProducer
instanceKlass sun/security/ssl/CertificateVerify$T13CertificateVerifyConsumer
instanceKlass sun/security/ssl/CertificateVerify$T12CertificateVerifyProducer
instanceKlass sun/security/ssl/CertificateVerify$T12CertificateVerifyConsumer
instanceKlass sun/security/ssl/CertificateVerify$T10CertificateVerifyProducer
instanceKlass sun/security/ssl/CertificateVerify$T10CertificateVerifyConsumer
instanceKlass sun/security/ssl/CertificateVerify$S30CertificateVerifyProducer
instanceKlass sun/security/ssl/CertificateVerify$S30CertificateVerifyConsumer
instanceKlass sun/security/ssl/CertificateVerify
instanceKlass sun/security/ssl/ServerHelloDone$ServerHelloDoneProducer
instanceKlass sun/security/ssl/ServerHelloDone$ServerHelloDoneConsumer
instanceKlass sun/security/ssl/ServerHelloDone
instanceKlass sun/security/ssl/CertificateRequest$T13CertificateRequestProducer
instanceKlass sun/security/ssl/CertificateRequest$T13CertificateRequestConsumer
instanceKlass sun/security/ssl/CertificateRequest$T12CertificateRequestProducer
instanceKlass sun/security/ssl/CertificateRequest$T12CertificateRequestConsumer
instanceKlass sun/security/ssl/CertificateRequest$T10CertificateRequestProducer
instanceKlass sun/security/ssl/CertificateRequest$T10CertificateRequestConsumer
instanceKlass sun/security/ssl/CertificateRequest
instanceKlass sun/security/ssl/ServerKeyExchange$ServerKeyExchangeProducer
instanceKlass sun/security/ssl/ServerKeyExchange$ServerKeyExchangeConsumer
instanceKlass sun/security/ssl/ServerKeyExchange
instanceKlass sun/security/ssl/CertificateMessage$T13CertificateProducer
instanceKlass sun/security/ssl/CertificateMessage$T13CertificateConsumer
instanceKlass sun/security/ssl/CertificateMessage$T12CertificateProducer
instanceKlass sun/security/ssl/CertificateMessage$T12CertificateConsumer
instanceKlass sun/security/ssl/CertificateMessage
instanceKlass sun/security/ssl/EncryptedExtensions$EncryptedExtensionsConsumer
instanceKlass sun/security/ssl/EncryptedExtensions$EncryptedExtensionsProducer
instanceKlass sun/security/ssl/EncryptedExtensions
instanceKlass sun/security/ssl/NewSessionTicket$T12NewSessionTicketProducer
instanceKlass sun/security/ssl/NewSessionTicket$T13NewSessionTicketProducer
instanceKlass sun/security/ssl/NewSessionTicket$T12NewSessionTicketConsumer
instanceKlass sun/security/ssl/NewSessionTicket$T13NewSessionTicketConsumer
instanceKlass sun/security/ssl/NewSessionTicket
instanceKlass sun/security/ssl/HelloVerifyRequest$HelloVerifyRequestProducer
instanceKlass sun/security/ssl/HelloVerifyRequest$HelloVerifyRequestConsumer
instanceKlass sun/security/ssl/HelloVerifyRequest
instanceKlass sun/security/ssl/ServerHello$T13HelloRetryRequestConsumer
instanceKlass sun/security/ssl/ServerHello$T13ServerHelloConsumer
instanceKlass sun/security/ssl/ServerHello$T12ServerHelloConsumer
instanceKlass sun/security/ssl/ServerHello$T13HelloRetryRequestReproducer
instanceKlass sun/security/ssl/ServerHello$T13HelloRetryRequestProducer
instanceKlass sun/security/ssl/ServerHello$T13ServerHelloProducer
instanceKlass sun/security/ssl/ServerHello$T12ServerHelloProducer
instanceKlass sun/security/ssl/ServerHello$ServerHelloConsumer
instanceKlass sun/security/ssl/ServerHello
instanceKlass sun/security/ssl/ClientHello$D13ClientHelloConsumer
instanceKlass sun/security/ssl/ClientHello$D12ClientHelloConsumer
instanceKlass sun/security/ssl/ClientHello$T13ClientHelloConsumer
instanceKlass sun/security/ssl/ClientHello$T12ClientHelloConsumer
instanceKlass sun/security/ssl/HandshakeConsumer
instanceKlass sun/security/ssl/ClientHello$ClientHelloProducer
instanceKlass sun/security/ssl/ClientHello$ClientHelloConsumer
instanceKlass sun/security/ssl/ClientHello$ClientHelloKickstartProducer
instanceKlass sun/security/ssl/ClientHello
instanceKlass sun/security/ssl/HelloRequest$HelloRequestProducer
instanceKlass sun/security/ssl/HelloRequest$HelloRequestConsumer
instanceKlass sun/security/ssl/HelloRequest$HelloRequestKickstartProducer
instanceKlass sun/security/ssl/SSLProducer
instanceKlass sun/security/ssl/HelloRequest
instanceKlass sun/security/ssl/HandshakeProducer
instanceKlass sun/security/ssl/SSLConsumer
instanceKlass sun/security/ssl/Authenticator$MacImpl
instanceKlass sun/security/ssl/Authenticator$MAC
instanceKlass sun/security/ssl/Authenticator
instanceKlass sun/security/ssl/SSLCipher$SSLReadCipher
instanceKlass sun/security/ssl/InputRecord
instanceKlass sun/security/ssl/SSLRecord
instanceKlass sun/security/ssl/Record
instanceKlass sun/security/ssl/TransportContext
instanceKlass sun/security/ssl/ConnectionContext
instanceKlass sun/security/ssl/HandshakeHash$CacheOnlyHash
instanceKlass sun/security/ssl/HandshakeHash$TranscriptHash
instanceKlass sun/security/ssl/HandshakeHash
instanceKlass sun/security/ssl/SSLTransport
instanceKlass com/microsoft/sqlserver/jdbc/TDSPacket
instanceKlass com/microsoft/sqlserver/jdbc/TDSReader
instanceKlass  @bci sun/security/ssl/SSLContextImpl engineInit ([Ljavax/net/ssl/KeyManager;[Ljavax/net/ssl/TrustManager;Ljava/security/SecureRandom;)V 57 <appendix> argL0 ; # sun/security/ssl/SSLContextImpl$$Lambda+0x0000020a28665dd8
instanceKlass javax/net/ssl/X509ExtendedTrustManager
instanceKlass javax/net/ssl/X509ExtendedKeyManager
instanceKlass javax/net/ssl/X509KeyManager
instanceKlass javax/net/ssl/KeyManager
instanceKlass sun/security/ssl/SSLSessionContextImpl
instanceKlass javax/net/ssl/SSLSessionContext
instanceKlass sun/security/ssl/EphemeralKeyManager$EphemeralKeyPair
instanceKlass sun/security/ssl/EphemeralKeyManager
instanceKlass sun/security/ssl/SSLContextImpl$CustomizedSSLProtocols
instanceKlass java/security/spec/NamedParameterSpec
instanceKlass sun/security/util/ECKeySizeParameterSpec
instanceKlass java/security/AlgorithmParametersSpi
instanceKlass java/security/AlgorithmParameters
instanceKlass sun/security/util/ECUtil
instanceKlass java/security/KeyPairGeneratorSpi
instanceKlass javax/crypto/KeyAgreement
instanceKlass sun/security/ssl/JsseJce$EcAvailability
instanceKlass sun/security/ssl/SSLAlgorithmDecomposer$1
instanceKlass sun/security/ssl/Utilities
instanceKlass sun/security/ssl/JsseJce
instanceKlass sun/security/ssl/NamedGroup$XDHScheme
instanceKlass sun/security/ssl/NamedGroup$FFDHEScheme
instanceKlass sun/security/ssl/NamedGroup$ECDHEScheme
instanceKlass sun/security/ssl/NamedGroup$NamedGroupScheme
instanceKlass sun/security/ssl/SSLCipher$1
instanceKlass sun/security/ssl/SSLCipher$T13CC20P1305WriteCipherGenerator
instanceKlass sun/security/ssl/SSLCipher$T12CC20P1305WriteCipherGenerator
instanceKlass sun/security/ssl/SSLCipher$T13CC20P1305ReadCipherGenerator
instanceKlass sun/security/ssl/SSLCipher$T12CC20P1305ReadCipherGenerator
instanceKlass sun/security/ssl/SSLCipher$T13GcmWriteCipherGenerator
instanceKlass sun/security/ssl/SSLCipher$T13GcmReadCipherGenerator
instanceKlass sun/security/ssl/SSLCipher$T12GcmWriteCipherGenerator
instanceKlass sun/security/ssl/SSLCipher$T12GcmReadCipherGenerator
instanceKlass com/sun/crypto/provider/AESConstants
instanceKlass  @bci javax/crypto/JceSecurityManager <clinit> ()V 67 <appendix> argL0 ; # javax/crypto/JceSecurityManager$$Lambda+0x0000020a284fc570
instanceKlass  @bci javax/crypto/JceSecurityManager <clinit> ()V 49 <appendix> argL0 ; # javax/crypto/JceSecurityManager$$Lambda+0x0000020a284fc358
instanceKlass javax/crypto/JceSecurityManager
instanceKlass sun/security/ssl/SSLCipher$T11BlockWriteCipherGenerator
instanceKlass sun/security/ssl/SSLCipher$T11BlockReadCipherGenerator
instanceKlass com/sun/crypto/provider/PKCS5Padding
instanceKlass com/sun/crypto/provider/Padding
instanceKlass com/sun/crypto/provider/FeedbackCipher
instanceKlass com/sun/crypto/provider/SymmetricCipher
instanceKlass com/sun/crypto/provider/DESConstants
instanceKlass com/sun/crypto/provider/CipherCore
instanceKlass sun/security/ssl/SSLCipher$T10BlockWriteCipherGenerator
instanceKlass sun/security/ssl/SSLCipher$T10BlockReadCipherGenerator
instanceKlass javax/crypto/CipherSpi
instanceKlass  @bci javax/crypto/ProviderVerifier isTrustedModule ()Z 61 <appendix> argL0 ; # javax/crypto/ProviderVerifier$$Lambda+0x0000020a284f9b30
instanceKlass javax/crypto/ProviderVerifier$1
instanceKlass javax/crypto/ProviderVerifier
instanceKlass javax/crypto/JceSecurity$3
instanceKlass javax/crypto/JceSecurity$2
instanceKlass java/net/spi/URLStreamHandlerProvider
instanceKlass java/net/URL$1
instanceKlass java/net/URL$2
instanceKlass java/net/URL$ThreadTrackHolder
instanceKlass javax/crypto/CryptoPolicyParser$CryptoPermissionEntry
instanceKlass javax/crypto/CryptoPolicyParser$GrantEntry
instanceKlass javax/crypto/CryptoPolicyParser
instanceKlass java/nio/file/Files$1
instanceKlass sun/nio/fs/WindowsFileSystem$2
instanceKlass java/nio/file/PathMatcher
instanceKlass sun/nio/fs/Globs
instanceKlass javax/crypto/JceSecurity$1
instanceKlass javax/crypto/JceSecurity
instanceKlass javax/crypto/Cipher$Transform
instanceKlass javax/crypto/Cipher
instanceKlass sun/security/ssl/SSLCipher$StreamWriteCipherGenerator
instanceKlass sun/security/ssl/SSLCipher$StreamReadCipherGenerator
instanceKlass sun/security/ssl/SSLCipher$NullWriteCipherGenerator
instanceKlass sun/security/ssl/SSLCipher$WriteCipherGenerator
instanceKlass sun/security/ssl/SSLCipher$NullReadCipherGenerator
instanceKlass sun/security/ssl/SSLCipher$ReadCipherGenerator
instanceKlass sun/security/ssl/SSLAlgorithmConstraints
instanceKlass sun/security/ssl/SSLLogger
instanceKlass javax/net/ssl/SSLContextSpi
instanceKlass javax/net/ssl/SSLContext
instanceKlass com/microsoft/sqlserver/jdbc/PermissiveX509TrustManager
instanceKlass javax/net/ssl/X509TrustManager
instanceKlass javax/net/ssl/TrustManager
instanceKlass com/microsoft/sqlserver/jdbc/ActivityId
instanceKlass com/microsoft/sqlserver/jdbc/ActivityCorrelator
# instanceKlass java/lang/invoke/LambdaForm$MH+0x0000020a28650000
instanceKlass sun/nio/ch/ExtendedSocketOption$1
instanceKlass sun/nio/ch/ExtendedSocketOption
instanceKlass sun/nio/ch/OptionKey
instanceKlass sun/nio/ch/SocketOptionRegistry$LazyInitialization
instanceKlass sun/nio/ch/SocketOptionRegistry$RegistryKey
instanceKlass sun/nio/ch/SocketOptionRegistry
instanceKlass java/net/StandardSocketOptions$StdSocketOption
instanceKlass java/net/StandardSocketOptions
instanceKlass javax/net/SocketFactory
instanceKlass com/microsoft/sqlserver/jdbc/SocketFinder$1
instanceKlass java/util/concurrent/Executors$DefaultThreadFactory
instanceKlass com/microsoft/sqlserver/jdbc/SocketFinder
instanceKlass com/microsoft/sqlserver/jdbc/TDSWriter
instanceKlass com/microsoft/sqlserver/jdbc/TDSChannel
instanceKlass java/net/InetAddress$CachedLocalHost
instanceKlass java/net/InetAddress$CachedLookup
instanceKlass sun/net/InetAddressCachePolicy$1
instanceKlass sun/net/InetAddressCachePolicy
instanceKlass  @bci java/net/InetAddress getAddressesFromNameService (Ljava/lang/String;)[Ljava/net/InetAddress; 94 <appendix> argL0 ; # java/net/InetAddress$$Lambda+0x0000020a284eede8
instanceKlass  @bci java/net/InetAddress loadResolver ()Ljava/net/spi/InetAddressResolver; 8 <appendix> argL0 ; # java/net/InetAddress$$Lambda+0x0000020a284eebb0
instanceKlass java/net/spi/InetAddressResolverProvider
instanceKlass java/net/InetAddress$NameServiceAddresses
instanceKlass java/net/InetAddress$Addresses
instanceKlass java/util/concurrent/ConcurrentSkipListMap$Iter
instanceKlass com/microsoft/sqlserver/jdbc/SQLServerConnectionSecurityManager
instanceKlass com/microsoft/sqlserver/jdbc/ServerPortPlaceHolder
instanceKlass com/microsoft/sqlserver/jdbc/FailoverMapSingleton
instanceKlass com/microsoft/sqlserver/jdbc/StringUtils
instanceKlass com/microsoft/sqlserver/jdbc/MaxResultBufferParser
instanceKlass com/microsoft/sqlserver/jdbc/IdleConnectionResiliency
instanceKlass com/microsoft/sqlserver/jdbc/SQLServerConnection$IdleNetworkTracker
instanceKlass com/microsoft/sqlserver/jdbc/SQLServerColumnEncryptionKeyStoreProvider
instanceKlass mssql/googlecode/concurrentlinkedhashmap/Linked
instanceKlass mssql/googlecode/concurrentlinkedhashmap/Weigher
instanceKlass mssql/googlecode/concurrentlinkedhashmap/Weighers
instanceKlass mssql/googlecode/concurrentlinkedhashmap/EntryWeigher
instanceKlass mssql/googlecode/concurrentlinkedhashmap/ConcurrentLinkedHashMap$Builder
instanceKlass com/microsoft/sqlserver/jdbc/TDSTokenHandler
instanceKlass com/microsoft/sqlserver/jdbc/SSPIAuthentication
instanceKlass mssql/googlecode/concurrentlinkedhashmap/EvictionListener
instanceKlass java/sql/Savepoint
instanceKlass com/microsoft/sqlserver/jdbc/ISQLServerEnclaveProvider
instanceKlass com/microsoft/sqlserver/jdbc/TDSCommand
instanceKlass java/sql/SQLXML
instanceKlass java/sql/CallableStatement
instanceKlass java/sql/PreparedStatement
instanceKlass com/microsoft/sqlserver/jdbc/ISQLServerStatement
instanceKlass java/sql/Statement
instanceKlass java/sql/DatabaseMetaData
instanceKlass com/microsoft/sqlserver/jdbc/ISQLServerConnection43
instanceKlass com/microsoft/sqlserver/jdbc/SQLServerConnection
instanceKlass com/microsoft/sqlserver/jdbc/ISQLServerConnection
instanceKlass com/microsoft/sqlserver/jdbc/DriverJDBCVersion
instanceKlass com/zaxxer/hikari/util/FastList
instanceKlass java/util/concurrent/atomic/AtomicIntegerFieldUpdater$AtomicIntegerFieldUpdaterImpl$1
instanceKlass java/util/concurrent/atomic/AtomicIntegerFieldUpdater
instanceKlass com/zaxxer/hikari/pool/PoolEntry
instanceKlass com/zaxxer/hikari/util/ClockSource$NanosecondClockSource
instanceKlass com/zaxxer/hikari/util/ClockSource$Factory
instanceKlass com/zaxxer/hikari/util/ClockSource
instanceKlass java/util/concurrent/ThreadPoolExecutor$DiscardPolicy
instanceKlass  @bci com/zaxxer/hikari/pool/HikariPool initializeHouseKeepingExecutorService ()Ljava/util/concurrent/ScheduledExecutorService; 21 <appendix> member <vmtarget> ; # com/zaxxer/hikari/pool/HikariPool$$Lambda+0x0000020a28645cd0
instanceKlass com/zaxxer/hikari/util/SuspendResumeLock
instanceKlass  @bci com/zaxxer/hikari/util/ConcurrentBag <init> (Lcom/zaxxer/hikari/util/ConcurrentBag$IBagStateListener;)V 74 <appendix> argL0 ; # com/zaxxer/hikari/util/ConcurrentBag$$Lambda+0x0000020a28645668
instanceKlass com/zaxxer/hikari/util/ConcurrentBag
instanceKlass com/zaxxer/hikari/pool/HikariPool$PoolEntryCreator
instanceKlass com/zaxxer/hikari/util/UtilityElf$DefaultThreadFactory
instanceKlass java/sql/DriverManager$2
instanceKlass java/sql/DriverManager$1
instanceKlass com/zaxxer/hikari/util/DriverDataSource
instanceKlass com/zaxxer/hikari/SQLExceptionOverride
instanceKlass com/zaxxer/hikari/metrics/PoolStats
instanceKlass com/zaxxer/hikari/util/ConcurrentBag$IConcurrentBagEntry
instanceKlass com/zaxxer/hikari/pool/PoolBase$IMetricsTrackerDelegate
instanceKlass com/zaxxer/hikari/util/UtilityElf
instanceKlass org/hibernate/jdbc/AbstractReturningWork
instanceKlass org/hibernate/jdbc/ReturningWork
instanceKlass org/hibernate/resource/transaction/backend/jdbc/internal/JdbcIsolationDelegate
instanceKlass org/hibernate/resource/transaction/internal/SynchronizationRegistryStandardImpl
instanceKlass org/hibernate/resource/transaction/spi/SynchronizationRegistryImplementor
instanceKlass org/hibernate/resource/transaction/spi/SynchronizationRegistry
instanceKlass org/hibernate/resource/transaction/spi/IsolationDelegate
instanceKlass org/hibernate/resource/transaction/spi/TransactionCoordinator$TransactionDriver
instanceKlass org/hibernate/resource/transaction/backend/jdbc/internal/JdbcResourceLocalTransactionCoordinatorImpl
instanceKlass  @bci org/hibernate/engine/jdbc/env/internal/JdbcEnvironmentInitiator getJdbcEnvironmentUsingJdbcMetadata (Ljava/util/Map;Lorg/hibernate/service/spi/ServiceRegistryImplementor;Lorg/hibernate/engine/jdbc/dialect/spi/DialectFactory;Ljava/lang/String;Ljava/lang/Integer;Ljava/lang/Integer;Ljava/lang/String;)Lorg/hibernate/engine/jdbc/env/internal/JdbcEnvironmentImpl; 64 <appendix> argL0 ; # org/hibernate/engine/jdbc/env/internal/JdbcEnvironmentInitiator$$Lambda+0x0000020a2863df48
instanceKlass  @cpi org/hibernate/query/hql/internal/SemanticQueryBuilder 3792 form vmentry <vmtarget> ; # java/lang/invoke/LambdaForm$DMH+0x0000020a28640000
instanceKlass org/hibernate/resource/jdbc/internal/AbstractLogicalConnectionImplementor
instanceKlass org/hibernate/resource/jdbc/spi/PhysicalJdbcTransaction
instanceKlass org/hibernate/resource/jdbc/internal/ResourceRegistryStandardImpl
instanceKlass org/hibernate/engine/jdbc/spi/MutationStatementPreparer
instanceKlass org/hibernate/resource/transaction/backend/jdbc/spi/JdbcResourceTransaction
instanceKlass org/hibernate/engine/jdbc/spi/StatementPreparer
instanceKlass org/hibernate/engine/jdbc/spi/ResultSetReturn
instanceKlass org/hibernate/resource/jdbc/spi/LogicalConnectionImplementor
instanceKlass org/hibernate/resource/jdbc/LogicalConnection
instanceKlass org/hibernate/resource/jdbc/ResourceRegistry
instanceKlass org/hibernate/engine/jdbc/internal/JdbcCoordinatorImpl
instanceKlass org/hibernate/engine/jdbc/spi/JdbcCoordinator
instanceKlass org/hibernate/resource/transaction/backend/jdbc/spi/JdbcResourceTransactionAccess
instanceKlass org/hibernate/tool/schema/internal/exec/JdbcContext
instanceKlass org/hibernate/resource/transaction/spi/TransactionCoordinator
instanceKlass org/hibernate/resource/transaction/spi/DdlTransactionIsolator
instanceKlass org/hibernate/event/internal/EmptyEventManager
instanceKlass org/hibernate/engine/jdbc/spi/SqlExceptionHelper$WarningHandlerLoggingSupport
instanceKlass  @bci org/hibernate/engine/jdbc/spi/SqlExceptionHelper <clinit> ()V 30 <appendix> argL0 ; # org/hibernate/engine/jdbc/spi/SqlExceptionHelper$$Lambda+0x0000020a2863a528
instanceKlass org/hibernate/exception/spi/ViolatedConstraintNameExtractor
instanceKlass org/hibernate/exception/spi/AbstractSQLExceptionConversionDelegate
instanceKlass org/hibernate/exception/spi/SQLExceptionConversionDelegate
instanceKlass org/hibernate/exception/internal/StandardSQLExceptionConverter
instanceKlass org/hibernate/engine/jdbc/spi/SqlExceptionHelper$WarningHandler
instanceKlass org/hibernate/engine/jdbc/spi/SqlExceptionHelper
instanceKlass org/hibernate/engine/jdbc/env/internal/JdbcEnvironmentInitiator$TemporaryJdbcSessionOwner$EmptyJdbcObserver
instanceKlass org/hibernate/resource/jdbc/spi/JdbcObserver
instanceKlass org/hibernate/event/spi/EventManager
instanceKlass org/hibernate/engine/jdbc/env/internal/JdbcEnvironmentInitiator$TemporaryJdbcSessionOwner
instanceKlass org/hibernate/resource/jdbc/spi/JdbcSessionContext
instanceKlass org/hibernate/sql/exec/spi/JdbcMutationExecutor
instanceKlass org/hibernate/sql/exec/spi/JdbcSelectExecutor
instanceKlass org/hibernate/engine/jdbc/internal/JdbcServicesImpl
instanceKlass javax/naming/event/NamespaceChangeListener
instanceKlass javax/naming/event/NamingListener
instanceKlass org/hibernate/engine/jndi/internal/JndiServiceImpl
instanceKlass org/hibernate/engine/jdbc/env/internal/JdbcEnvironmentInitiator$ConnectionProviderJdbcConnectionAccess
instanceKlass  @bci org/hibernate/engine/jdbc/env/internal/JdbcEnvironmentInitiator getExplicitDatabaseVersion (Ljava/util/Map;Ljava/lang/Integer;Ljava/lang/Integer;)Ljava/lang/String; 26 <appendix> member <vmtarget> ; # org/hibernate/engine/jdbc/env/internal/JdbcEnvironmentInitiator$$Lambda+0x0000020a28636290
instanceKlass  @bci org/hibernate/engine/jdbc/env/internal/JdbcEnvironmentInitiator getExplicitDatabaseVersion (Ljava/util/Map;Ljava/lang/Integer;Ljava/lang/Integer;)Ljava/lang/String; 16 <appendix> member <vmtarget> ; # org/hibernate/engine/jdbc/env/internal/JdbcEnvironmentInitiator$$Lambda+0x0000020a28636070
instanceKlass  @bci org/hibernate/engine/jdbc/env/internal/JdbcEnvironmentInitiator getExplicitDatabaseVersion (Ljava/util/Map;Ljava/lang/Integer;Ljava/lang/Integer;)Ljava/lang/String; 7 <appendix> member <vmtarget> ; # org/hibernate/engine/jdbc/env/internal/JdbcEnvironmentInitiator$$Lambda+0x0000020a28635e50
instanceKlass  @bci org/hibernate/engine/jdbc/env/internal/JdbcEnvironmentInitiator getExplicitDatabaseMinorVersion (Ljava/util/Map;)Ljava/lang/Integer; 16 <appendix> member <vmtarget> ; # org/hibernate/engine/jdbc/env/internal/JdbcEnvironmentInitiator$$Lambda+0x0000020a28635c30
instanceKlass  @bci org/hibernate/engine/jdbc/env/internal/JdbcEnvironmentInitiator getExplicitDatabaseMinorVersion (Ljava/util/Map;)Ljava/lang/Integer; 7 <appendix> member <vmtarget> ; # org/hibernate/engine/jdbc/env/internal/JdbcEnvironmentInitiator$$Lambda+0x0000020a28635a10
instanceKlass  @bci org/hibernate/engine/jdbc/env/internal/JdbcEnvironmentInitiator getExplicitDatabaseMajorVersion (Ljava/util/Map;)Ljava/lang/Integer; 16 <appendix> member <vmtarget> ; # org/hibernate/engine/jdbc/env/internal/JdbcEnvironmentInitiator$$Lambda+0x0000020a286357f0
instanceKlass  @bci org/hibernate/engine/jdbc/env/internal/JdbcEnvironmentInitiator getExplicitDatabaseMajorVersion (Ljava/util/Map;)Ljava/lang/Integer; 7 <appendix> member <vmtarget> ; # org/hibernate/engine/jdbc/env/internal/JdbcEnvironmentInitiator$$Lambda+0x0000020a286355d0
instanceKlass  @bci org/hibernate/engine/jdbc/env/internal/JdbcEnvironmentInitiator getExplicitDatabaseName (Ljava/util/Map;)Ljava/lang/String; 16 <appendix> member <vmtarget> ; # org/hibernate/engine/jdbc/env/internal/JdbcEnvironmentInitiator$$Lambda+0x0000020a286353b0
instanceKlass  @bci org/hibernate/engine/jdbc/env/internal/JdbcEnvironmentInitiator getExplicitDatabaseName (Ljava/util/Map;)Ljava/lang/String; 7 <appendix> member <vmtarget> ; # org/hibernate/engine/jdbc/env/internal/JdbcEnvironmentInitiator$$Lambda+0x0000020a28635190
instanceKlass org/hibernate/engine/jdbc/dialect/internal/StandardDialectResolver
instanceKlass org/hibernate/engine/jdbc/dialect/internal/DialectResolverSet
instanceKlass org/hibernate/engine/jdbc/dialect/spi/DialectResolutionInfoSource
instanceKlass org/hibernate/engine/jdbc/dialect/internal/DialectFactoryImpl
instanceKlass org/hibernate/boot/model/relational/Database
instanceKlass org/hibernate/boot/model/TypeDefinitionRegistryStandardImpl
instanceKlass  @bci org/hibernate/boot/model/convert/internal/AttributeConverterManager <clinit> ()V 8 <appendix> argL0 ; # org/hibernate/boot/model/convert/internal/AttributeConverterManager$$Lambda+0x0000020a28632c88
instanceKlass org/hibernate/internal/util/StringHelper$Renderer
instanceKlass org/hibernate/boot/model/convert/internal/AttributeConverterManager
instanceKlass org/hibernate/boot/spi/InFlightMetadataCollector$EntityTableXref
instanceKlass org/hibernate/mapping/Table
instanceKlass org/hibernate/boot/model/relational/ContributableDatabaseObject
instanceKlass org/hibernate/boot/model/relational/Exportable
instanceKlass org/hibernate/mapping/Contributable
instanceKlass org/hibernate/boot/query/NamedProcedureCallDefinition
instanceKlass org/hibernate/boot/query/NamedQueryDefinition
instanceKlass org/hibernate/boot/model/convert/spi/ConverterAutoApplyHandler
instanceKlass org/hibernate/boot/model/naming/ImplicitForeignKeyNameSource
instanceKlass org/hibernate/boot/model/naming/ImplicitConstraintNameSource
instanceKlass org/hibernate/boot/model/naming/ImplicitNameSource
instanceKlass org/hibernate/boot/spi/SecondPass
instanceKlass org/hibernate/boot/spi/InFlightMetadataCollector$DelayedPropertyReferenceHandler
instanceKlass org/hibernate/boot/model/TypeDefinitionRegistry
instanceKlass org/hibernate/boot/internal/InFlightMetadataCollectorImpl
instanceKlass org/hibernate/boot/model/convert/spi/ConverterRegistry
instanceKlass org/hibernate/proxy/pojo/bytebuddy/ByteBuddyProxyHelper
instanceKlass org/hibernate/bytecode/internal/bytebuddy/ByteBuddyState$StandardClassRewriter
instanceKlass net/bytebuddy/matcher/LatentMatcher$Resolved
instanceKlass net/bytebuddy/dynamic/scaffold/InstrumentedType$WithFlexibleName
instanceKlass net/bytebuddy/dynamic/scaffold/InstrumentedType
instanceKlass net/bytebuddy/implementation/LoadedTypeInitializer
instanceKlass net/bytebuddy/dynamic/scaffold/TypeInitializer
instanceKlass net/bytebuddy/dynamic/scaffold/MethodGraph$Linked
instanceKlass net/bytebuddy/dynamic/scaffold/MethodGraph
instanceKlass net/bytebuddy/dynamic/scaffold/MethodGraph$Compiler$Default$Merger
instanceKlass net/bytebuddy/dynamic/scaffold/MethodGraph$Compiler$Default$Harmonizer
instanceKlass net/bytebuddy/dynamic/scaffold/MethodGraph$Compiler$AbstractBase
instanceKlass net/bytebuddy/dynamic/scaffold/MethodGraph$Compiler
instanceKlass net/bytebuddy/implementation/Implementation$Context$ExtractableView
instanceKlass net/bytebuddy/implementation/Implementation$Context
instanceKlass net/bytebuddy/implementation/MethodAccessorFactory
instanceKlass net/bytebuddy/implementation/attribute/AnnotationValueFilter
instanceKlass net/bytebuddy/utility/RandomString
instanceKlass net/bytebuddy/dynamic/scaffold/ClassWriterStrategy
instanceKlass net/bytebuddy/dynamic/VisibilityBridgeStrategy
instanceKlass net/bytebuddy/dynamic/scaffold/InstrumentedType$Factory
instanceKlass net/bytebuddy/implementation/attribute/AnnotationValueFilter$Factory
instanceKlass net/bytebuddy/implementation/auxiliary/AuxiliaryType$NamingStrategy$SuffixingRandom
instanceKlass net/bytebuddy/implementation/Implementation$Context$Factory
instanceKlass net/bytebuddy/implementation/auxiliary/AuxiliaryType$NamingStrategy
instanceKlass net/bytebuddy/NamingStrategy$AbstractBase
instanceKlass net/bytebuddy/matcher/LatentMatcher
instanceKlass net/bytebuddy/dynamic/scaffold/subclass/ConstructorStrategy
instanceKlass net/bytebuddy/ByteBuddy
instanceKlass org/hibernate/bytecode/enhance/internal/bytebuddy/CodeTemplates$ClearOwner
instanceKlass org/hibernate/bytecode/enhance/internal/tracker/CompositeOwnerTracker
instanceKlass org/hibernate/bytecode/enhance/internal/bytebuddy/CodeTemplates$SetOwner
instanceKlass org/hibernate/bytecode/enhance/spi/interceptor/AbstractInterceptor
instanceKlass org/hibernate/bytecode/enhance/spi/interceptor/BytecodeLazyAttributeInterceptor
instanceKlass org/hibernate/bytecode/enhance/spi/interceptor/SessionAssociableInterceptor
instanceKlass org/hibernate/bytecode/enhance/internal/bytebuddy/CodeTemplates$InitializeLazyAttributeLoadingInterceptor
instanceKlass org/hibernate/bytecode/enhance/internal/bytebuddy/CodeTemplates$ClearDirtyAttributes
# instanceKlass java/lang/invoke/LambdaForm$MH+0x0000020a28624000
instanceKlass org/hibernate/bytecode/enhance/internal/bytebuddy/CodeTemplates$GetCollectionTrackerWithoutCollections
instanceKlass org/hibernate/bytecode/enhance/internal/bytebuddy/CodeTemplates$AreFieldsDirty
instanceKlass net/bytebuddy/asm/Advice$OffsetMapping$ForThisReference
instanceKlass org/hibernate/engine/spi/ExtendedSelfDirtinessTracker
instanceKlass org/hibernate/bytecode/enhance/internal/bytebuddy/CodeTemplates$GetDirtyAttributes
instanceKlass org/hibernate/bytecode/enhance/internal/bytebuddy/CodeTemplates$SuspendDirtyTracking
instanceKlass org/hibernate/bytecode/enhance/internal/bytebuddy/CodeTemplates$ClearDirtyAttributesWithoutCollections
instanceKlass org/hibernate/bytecode/enhance/internal/bytebuddy/CodeTemplates$AreFieldsDirtyWithoutCollections
instanceKlass net/bytebuddy/asm/Advice$OffsetMapping$Target$ForVariable
instanceKlass net/bytebuddy/asm/Advice$OffsetMapping$ForReturnValue
instanceKlass net/bytebuddy/description/type/TypeDescription$Generic$AnnotationReader$Delegator$ForLoadedMethodReturnType$Dispatcher
instanceKlass net/bytebuddy/description/type/TypeDescription$Generic$AnnotationReader$Delegator
instanceKlass net/bytebuddy/asm/Advice$OffsetMapping$ForEnterValue$Factory
instanceKlass org/hibernate/bytecode/enhance/internal/bytebuddy/CodeTemplates$GetDirtyAttributesWithoutCollections
instanceKlass net/bytebuddy/asm/Advice$Dispatcher$RelocationHandler$Bound
instanceKlass net/bytebuddy/asm/Advice$Dispatcher$RelocationHandler$ForType
instanceKlass net/bytebuddy/asm/Advice$Dispatcher$RelocationHandler
instanceKlass net/bytebuddy/asm/Advice$Dispatcher$SuppressionHandler$Bound
instanceKlass net/bytebuddy/asm/Advice$Dispatcher$SuppressionHandler$Suppressing
instanceKlass net/bytebuddy/asm/Advice$Dispatcher$SuppressionHandler
instanceKlass net/bytebuddy/description/enumeration/EnumerationDescription$AbstractBase
instanceKlass net/bytebuddy/asm/Advice$OffsetMapping$Target$ForDefaultValue
instanceKlass net/bytebuddy/asm/Advice$StubValue
instanceKlass net/bytebuddy/asm/Advice$Unused
instanceKlass net/bytebuddy/utility/CompoundList
instanceKlass net/bytebuddy/asm/Advice$Return
instanceKlass net/bytebuddy/asm/Advice$Enter
instanceKlass net/bytebuddy/asm/Advice$OffsetMapping$ForLocalValue$Factory
instanceKlass net/bytebuddy/asm/Advice$Exit
instanceKlass net/bytebuddy/asm/Advice$OffsetMapping$ForExitValue$Factory
instanceKlass net/bytebuddy/asm/Advice$Thrown
instanceKlass net/bytebuddy/asm/Advice$OffsetMapping$Factory$Illegal
instanceKlass net/bytebuddy/asm/Advice$OffsetMapping$Target
instanceKlass net/bytebuddy/asm/Advice$SelfCallHandle
instanceKlass net/bytebuddy/asm/Advice$Origin
instanceKlass net/bytebuddy/asm/Advice$FieldSetterHandle
instanceKlass net/bytebuddy/asm/Advice$FieldGetterHandle
instanceKlass net/bytebuddy/asm/Advice$OffsetMapping$ForFieldHandle
instanceKlass net/bytebuddy/asm/Advice$OffsetMapping$ForField
instanceKlass net/bytebuddy/asm/Advice$This
instanceKlass net/bytebuddy/asm/Advice$AllArguments
instanceKlass net/bytebuddy/asm/Advice$OffsetMapping$Factory
instanceKlass net/bytebuddy/asm/Advice$ArgumentHandler
instanceKlass net/bytebuddy/asm/Advice$OffsetMapping$ForArgument
instanceKlass net/bytebuddy/asm/Advice$OffsetMapping
instanceKlass net/bytebuddy/asm/Advice$Dispatcher$Resolved$AbstractBase
instanceKlass net/bytebuddy/jar/asm/ClassReader
instanceKlass net/bytebuddy/utility/OpenedClassReader
instanceKlass net/bytebuddy/utility/StreamDrainer
instanceKlass net/bytebuddy/dynamic/ClassFileLocator$Resolution$Explicit
instanceKlass net/bytebuddy/asm/Advice$Local
instanceKlass net/bytebuddy/asm/Advice$FieldValue
instanceKlass net/bytebuddy/asm/Advice$Argument
instanceKlass net/bytebuddy/description/annotation/AnnotationValue$Loaded
instanceKlass net/bytebuddy/description/annotation/AnnotationValue$ForConstant$PropertyDelegate
instanceKlass org/hibernate/bytecode/enhance/internal/tracker/DirtyTracker
instanceKlass net/bytebuddy/asm/Advice$Delegator
instanceKlass net/bytebuddy/asm/Advice$PostProcessor
instanceKlass net/bytebuddy/asm/Advice$OnMethodExit
instanceKlass net/bytebuddy/asm/Advice$OnMethodEnter
instanceKlass net/bytebuddy/asm/Advice$Dispatcher$Bound
instanceKlass net/bytebuddy/asm/Advice$Dispatcher$Resolved$ForMethodExit
instanceKlass net/bytebuddy/asm/Advice$Dispatcher$Resolved$ForMethodEnter
instanceKlass net/bytebuddy/asm/Advice$Dispatcher$Resolved
instanceKlass net/bytebuddy/asm/Advice$Delegator$Factory
instanceKlass net/bytebuddy/asm/Advice$PostProcessor$Factory
instanceKlass net/bytebuddy/asm/Advice$Dispatcher$Delegating
instanceKlass net/bytebuddy/asm/Advice$Dispatcher$Inlining
instanceKlass net/bytebuddy/asm/Advice$Dispatcher$Unresolved
instanceKlass net/bytebuddy/asm/Advice$Dispatcher
instanceKlass net/bytebuddy/asm/Advice$ExceptionHandler
instanceKlass net/bytebuddy/asm/Advice$Dispatcher$RelocationHandler$Relocation
instanceKlass net/bytebuddy/asm/Advice
instanceKlass net/bytebuddy/asm/AsmVisitorWrapper$ForDeclaredMethods$MethodVisitorWrapper
instanceKlass org/hibernate/bytecode/enhance/internal/bytebuddy/CodeTemplates$TrackChange
instanceKlass net/bytebuddy/dynamic/loading/ClassLoadingStrategy
instanceKlass net/bytebuddy/dynamic/ClassFileLocator$Resolution
instanceKlass net/bytebuddy/dynamic/ClassFileLocator$ForClassLoader
instanceKlass net/bytebuddy/dynamic/ClassFileLocator
instanceKlass org/hibernate/bytecode/enhance/internal/bytebuddy/CodeTemplates
instanceKlass org/hibernate/bytecode/enhance/spi/CollectionTracker
instanceKlass org/hibernate/engine/spi/PersistentAttributeInterceptor
instanceKlass org/hibernate/bytecode/enhance/spi/LazyPropertyInitializer$InterceptorImplementor
instanceKlass org/hibernate/engine/spi/EntityEntry
instanceKlass org/hibernate/bytecode/enhance/internal/bytebuddy/EnhancerImplConstants$1
instanceKlass org/hibernate/bytecode/enhance/spi/EnhancementInfo
instanceKlass net/bytebuddy/description/annotation/AnnotationValue$AbstractBase
instanceKlass net/bytebuddy/description/annotation/AnnotationDescription$Builder
instanceKlass jakarta/persistence/Transient
instanceKlass net/bytebuddy/description/modifier/ModifierContributor$Resolver
instanceKlass net/bytebuddy/description/modifier/ModifierContributor$ForField
instanceKlass net/bytebuddy/description/modifier/ModifierContributor$ForMethod
instanceKlass net/bytebuddy/description/modifier/ModifierContributor$ForType
instanceKlass net/bytebuddy/description/modifier/ModifierContributor
instanceKlass org/hibernate/bytecode/enhance/internal/bytebuddy/EnhancerImplConstants
instanceKlass net/bytebuddy/implementation/FieldAccessor$FieldLocation$Prepared
instanceKlass net/bytebuddy/implementation/FieldAccessor$FieldLocation$Relative
instanceKlass net/bytebuddy/utility/ConstantValue
instanceKlass net/bytebuddy/implementation/FieldAccessor$FieldNameExtractor$ForFixedValue
instanceKlass net/bytebuddy/implementation/FieldAccessor$OwnerTypeLocatable
instanceKlass net/bytebuddy/implementation/FieldAccessor$AssignerConfigurable
instanceKlass net/bytebuddy/implementation/FieldAccessor$PropertyConfigurable
instanceKlass net/bytebuddy/implementation/FieldAccessor$FieldLocation
instanceKlass net/bytebuddy/implementation/FieldAccessor$FieldNameExtractor
instanceKlass net/bytebuddy/implementation/FieldAccessor
instanceKlass org/hibernate/bytecode/internal/bytebuddy/ByteBuddyState$ProxyDefinitionHelpers$2
instanceKlass net/bytebuddy/implementation/bytecode/assign/primitive/PrimitiveTypeAwareAssigner
instanceKlass net/bytebuddy/implementation/bytecode/assign/primitive/VoidAwareAssigner
instanceKlass net/bytebuddy/implementation/bytecode/assign/Assigner
instanceKlass net/bytebuddy/implementation/bind/MethodDelegationBinder$MethodBinding
instanceKlass net/bytebuddy/implementation/bind/annotation/TargetMethodAnnotationDrivenBinder$Record
instanceKlass net/bytebuddy/implementation/bind/annotation/TargetMethodAnnotationDrivenBinder$DelegationProcessor$Handler$Bound
instanceKlass net/bytebuddy/implementation/bind/annotation/RuntimeType$Verifier
instanceKlass net/bytebuddy/description/method/ParameterDescription$ForLoadedParameter$Parameter
instanceKlass net/bytebuddy/description/method/ParameterDescription$InDefinedShape
instanceKlass net/bytebuddy/description/method/ParameterDescription
instanceKlass net/bytebuddy/description/NamedElement$WithOptionalName
instanceKlass net/bytebuddy/description/method/ParameterList$ForLoadedExecutable$Executable
instanceKlass net/bytebuddy/description/method/ParameterList
instanceKlass net/bytebuddy/description/type/TypeDescription$Generic$Visitor$ForRawType
instanceKlass net/bytebuddy/utility/dispatcher/JavaDispatcher$Dispatcher$ForInstanceCheck
instanceKlass net/bytebuddy/description/type/TypeDefinition$Sort$AnnotatedType
instanceKlass net/bytebuddy/description/type/TypeDescription$Generic$AnnotationReader
instanceKlass net/bytebuddy/description/annotation/AnnotationValue
instanceKlass net/bytebuddy/description/enumeration/EnumerationDescription
instanceKlass net/bytebuddy/description/annotation/AnnotationDescription$AbstractBase
instanceKlass net/bytebuddy/description/annotation/AnnotationDescription$Loadable
instanceKlass net/bytebuddy/implementation/bind/annotation/IgnoreForBinding
instanceKlass net/bytebuddy/implementation/bind/annotation/RuntimeType
instanceKlass net/bytebuddy/description/annotation/AnnotationDescription
instanceKlass net/bytebuddy/implementation/bind/annotation/IgnoreForBinding$Verifier
instanceKlass net/bytebuddy/implementation/MethodDelegation$ImplementationDelegate$Compiled
instanceKlass net/bytebuddy/implementation/MethodDelegation$ImplementationDelegate$ForStaticMethod
instanceKlass net/bytebuddy/implementation/bind/annotation/Empty
instanceKlass net/bytebuddy/implementation/bind/annotation/StubValue
instanceKlass net/bytebuddy/implementation/bind/annotation/TargetMethodAnnotationDrivenBinder$DelegationProcessor$Handler$Unbound
instanceKlass net/bytebuddy/implementation/bind/annotation/TargetMethodAnnotationDrivenBinder$DelegationProcessor$Handler
instanceKlass net/bytebuddy/implementation/bind/annotation/TargetMethodAnnotationDrivenBinder$DelegationProcessor
instanceKlass net/bytebuddy/implementation/bind/annotation/TargetMethodAnnotationDrivenBinder
instanceKlass net/bytebuddy/implementation/bind/MethodDelegationBinder
instanceKlass org/hibernate/proxy/ProxyConfiguration$Interceptor
instanceKlass net/bytebuddy/implementation/bind/annotation/FieldSetterHandle
instanceKlass net/bytebuddy/implementation/bind/annotation/FieldGetterHandle
instanceKlass net/bytebuddy/implementation/bind/annotation/FieldValue
instanceKlass net/bytebuddy/dynamic/scaffold/FieldLocator$AbstractBase
instanceKlass net/bytebuddy/dynamic/scaffold/FieldLocator
instanceKlass net/bytebuddy/implementation/bind/annotation/TargetMethodAnnotationDrivenBinder$ParameterBinder$ForFieldBinding
instanceKlass net/bytebuddy/implementation/bind/annotation/DefaultMethodHandle
instanceKlass net/bytebuddy/implementation/bind/annotation/DefaultMethodHandle$Binder$MethodLocator$ForExplicitType
instanceKlass net/bytebuddy/implementation/bind/annotation/DefaultMethodHandle$Binder$MethodLocator
instanceKlass net/bytebuddy/implementation/bind/annotation/DefaultMethod
instanceKlass net/bytebuddy/implementation/bind/annotation/DefaultMethod$Binder$MethodLocator$ForExplicitType
instanceKlass net/bytebuddy/implementation/bind/annotation/DefaultMethod$Binder$MethodLocator
instanceKlass net/bytebuddy/implementation/bind/annotation/SuperMethodHandle
instanceKlass net/bytebuddy/implementation/bind/annotation/SuperMethod
instanceKlass net/bytebuddy/implementation/bind/annotation/DefaultCallHandle
instanceKlass net/bytebuddy/implementation/bind/annotation/DefaultCallHandle$Binder$DefaultMethodLocator$Explicit
instanceKlass net/bytebuddy/implementation/bind/annotation/DefaultCallHandle$Binder$DefaultMethodLocator
instanceKlass net/bytebuddy/implementation/bind/annotation/DefaultCall
instanceKlass net/bytebuddy/implementation/bind/annotation/DefaultCall$Binder$DefaultMethodLocator$Explicit
instanceKlass net/bytebuddy/implementation/bind/annotation/DefaultCall$Binder$DefaultMethodLocator
instanceKlass net/bytebuddy/implementation/bind/annotation/SuperCallHandle
instanceKlass net/bytebuddy/implementation/bind/annotation/SuperCall
instanceKlass net/bytebuddy/implementation/bytecode/StackManipulation$AbstractBase
instanceKlass net/bytebuddy/implementation/bind/annotation/Default
instanceKlass net/bytebuddy/implementation/bind/annotation/Super
instanceKlass net/bytebuddy/implementation/bind/annotation/This
instanceKlass net/bytebuddy/implementation/bytecode/StackManipulation$Compound
instanceKlass net/bytebuddy/implementation/bind/annotation/Origin
instanceKlass net/bytebuddy/implementation/bind/MethodDelegationBinder$ParameterBinding$Anonymous
instanceKlass net/bytebuddy/implementation/bind/annotation/AllArguments
instanceKlass net/bytebuddy/implementation/bind/annotation/Argument
instanceKlass net/bytebuddy/implementation/bind/MethodDelegationBinder$ParameterBinding
instanceKlass net/bytebuddy/implementation/bytecode/StackManipulation
instanceKlass net/bytebuddy/implementation/bind/annotation/TargetMethodAnnotationDrivenBinder$ParameterBinder
instanceKlass net/bytebuddy/description/method/MethodDescription$InDefinedShape$AbstractBase$Executable
instanceKlass net/bytebuddy/description/ByteCodeElement$Token
instanceKlass net/bytebuddy/description/method/ParameterDescription$ForLoadedParameter$ParameterAnnotationSource
instanceKlass net/bytebuddy/implementation/bind/annotation/BindingPriority
instanceKlass net/bytebuddy/implementation/bind/MethodDelegationBinder$AmbiguityResolver$Compound
instanceKlass net/bytebuddy/implementation/bind/MethodDelegationBinder$BindingResolver
instanceKlass net/bytebuddy/dynamic/scaffold/FieldLocator$Factory
instanceKlass net/bytebuddy/implementation/MethodDelegation$ImplementationDelegate
instanceKlass net/bytebuddy/implementation/MethodDelegation$WithCustomProperties
instanceKlass net/bytebuddy/implementation/bind/MethodDelegationBinder$TerminationHandler
instanceKlass net/bytebuddy/implementation/bytecode/ByteCodeAppender
instanceKlass net/bytebuddy/implementation/bind/MethodDelegationBinder$Record
instanceKlass net/bytebuddy/implementation/bind/MethodDelegationBinder$AmbiguityResolver
instanceKlass net/bytebuddy/implementation/MethodDelegation
instanceKlass net/bytebuddy/implementation/Implementation$Composable
instanceKlass org/hibernate/proxy/ProxyConfiguration$InterceptorDispatcher
instanceKlass org/hibernate/internal/util/securitymanager/SystemSecurityManager
instanceKlass org/hibernate/bytecode/internal/bytebuddy/ByteBuddyState$ProxyDefinitionHelpers$1
instanceKlass org/hibernate/engine/spi/SelfDirtinessTracker
instanceKlass org/hibernate/proxy/ProxyConfiguration
instanceKlass org/hibernate/engine/spi/ManagedMappedSuperclass
instanceKlass org/hibernate/engine/spi/CompositeTracker
instanceKlass org/hibernate/engine/spi/CompositeOwner
instanceKlass org/hibernate/engine/spi/ManagedComposite
instanceKlass org/hibernate/engine/spi/ManagedEntity
instanceKlass org/hibernate/proxy/HibernateProxy
instanceKlass org/hibernate/engine/spi/Managed
instanceKlass org/hibernate/engine/spi/PersistentAttributeInterceptable
instanceKlass org/hibernate/engine/spi/PrimeAmongSecondarySupertypes
instanceKlass net/bytebuddy/dynamic/TargetType
instanceKlass net/bytebuddy/utility/dispatcher/JavaDispatcher$ProxiedInvocationHandler
instanceKlass net/bytebuddy/utility/nullability/MaybeNull
instanceKlass net/bytebuddy/utility/dispatcher/JavaDispatcher$Dispatcher$ForNonStaticMethod
instanceKlass net/bytebuddy/utility/dispatcher/JavaDispatcher$IsConstructor
instanceKlass net/bytebuddy/utility/dispatcher/JavaDispatcher$IsStatic
instanceKlass net/bytebuddy/utility/dispatcher/JavaDispatcher$Container
instanceKlass net/bytebuddy/utility/dispatcher/JavaDispatcher$Instance
instanceKlass net/bytebuddy/utility/dispatcher/JavaDispatcher$Defaults
instanceKlass net/bytebuddy/utility/Invoker$Dispatcher
# instanceKlass java/lang/invoke/LambdaForm$MH+0x0000020a285d4800
# instanceKlass java/lang/invoke/LambdaForm$MH+0x0000020a285d4400
# instanceKlass java/lang/invoke/LambdaForm$MH+0x0000020a285d4000
instanceKlass net/bytebuddy/jar/asm/Attribute
instanceKlass net/bytebuddy/jar/asm/Handler
instanceKlass net/bytebuddy/jar/asm/Frame
instanceKlass net/bytebuddy/jar/asm/Type
instanceKlass net/bytebuddy/jar/asm/ByteVector
instanceKlass net/bytebuddy/jar/asm/Symbol
instanceKlass net/bytebuddy/jar/asm/SymbolTable
instanceKlass net/bytebuddy/jar/asm/FieldVisitor
instanceKlass net/bytebuddy/jar/asm/MethodVisitor
instanceKlass net/bytebuddy/jar/asm/AnnotationVisitor
instanceKlass net/bytebuddy/jar/asm/ModuleVisitor
instanceKlass net/bytebuddy/jar/asm/RecordComponentVisitor
instanceKlass net/bytebuddy/jar/asm/ClassVisitor
instanceKlass net/bytebuddy/utility/Invoker
instanceKlass net/bytebuddy/utility/dispatcher/JavaDispatcher$InvokerCreationAction
instanceKlass net/bytebuddy/utility/dispatcher/JavaDispatcher$DynamicClassLoader$Resolver$ForModuleSystem
instanceKlass net/bytebuddy/utility/dispatcher/JavaDispatcher$DynamicClassLoader$Resolver
instanceKlass net/bytebuddy/utility/dispatcher/JavaDispatcher$Proxied
instanceKlass net/bytebuddy/utility/dispatcher/JavaDispatcher$Dispatcher
instanceKlass net/bytebuddy/utility/dispatcher/JavaDispatcher
instanceKlass net/bytebuddy/description/type/TypeDescription$ForLoadedType$Dispatcher
instanceKlass net/bytebuddy/utility/privilege/GetSystemPropertyAction
instanceKlass net/bytebuddy/description/type/PackageDescription
instanceKlass net/bytebuddy/description/field/FieldList
instanceKlass net/bytebuddy/description/type/RecordComponentList
instanceKlass net/bytebuddy/description/method/MethodList
instanceKlass net/bytebuddy/description/type/TypeList
instanceKlass net/bytebuddy/description/type/TypeDescription$Generic$Visitor
instanceKlass net/bytebuddy/description/annotation/AnnotationList
instanceKlass net/bytebuddy/description/type/TypeDescription$Generic
instanceKlass net/bytebuddy/description/type/TypeList$Generic
instanceKlass net/bytebuddy/matcher/FilterableList
instanceKlass net/bytebuddy/description/ModifierReviewable$AbstractBase
instanceKlass net/bytebuddy/description/ModifierReviewable$ForParameterDescription
instanceKlass  @bci org/hibernate/bytecode/internal/bytebuddy/ByteBuddyState$ProxyDefinitionHelpers <init> ()V 24 <appendix> argL0 ; # org/hibernate/bytecode/internal/bytebuddy/ByteBuddyState$ProxyDefinitionHelpers$$Lambda+0x0000020a285c12e8
instanceKlass net/bytebuddy/description/type/TypeDescription
instanceKlass org/hibernate/bytecode/internal/bytebuddy/ByteBuddyState$ProxyDefinitionHelpers
instanceKlass org/hibernate/bytecode/internal/bytebuddy/ByteBuddyState$ClassRewriter
instanceKlass org/hibernate/bytecode/internal/bytebuddy/ByteBuddyState
instanceKlass java/lang/Process
instanceKlass net/bytebuddy/ClassFileVersion$VersionLocator$Resolved
instanceKlass net/bytebuddy/ClassFileVersion$VersionLocator
instanceKlass org/hibernate/bytecode/internal/bytebuddy/BytecodeProviderImpl$1
instanceKlass net/bytebuddy/matcher/ElementMatcher$Junction$AbstractBase
instanceKlass net/bytebuddy/description/method/MethodDescription$InDefinedShape
instanceKlass net/bytebuddy/description/method/MethodDescription
instanceKlass net/bytebuddy/description/ModifierReviewable$ForMethodDescription
instanceKlass net/bytebuddy/description/TypeVariableSource
instanceKlass net/bytebuddy/description/field/FieldDescription$InDefinedShape
instanceKlass net/bytebuddy/description/field/FieldDescription
instanceKlass net/bytebuddy/description/ByteCodeElement$TypeDependant
instanceKlass net/bytebuddy/description/ByteCodeElement$Member
instanceKlass net/bytebuddy/description/NamedElement$WithGenericName
instanceKlass net/bytebuddy/description/ByteCodeElement
instanceKlass net/bytebuddy/description/annotation/AnnotationSource
instanceKlass net/bytebuddy/description/NamedElement$WithDescriptor
instanceKlass net/bytebuddy/description/NamedElement$WithRuntimeName
instanceKlass net/bytebuddy/description/DeclaredByType$WithMandatoryDeclaration
instanceKlass net/bytebuddy/description/DeclaredByType
instanceKlass net/bytebuddy/description/ModifierReviewable$ForFieldDescription
instanceKlass net/bytebuddy/matcher/ElementMatcher$Junction
instanceKlass net/bytebuddy/matcher/ElementMatchers
instanceKlass net/bytebuddy/ClassFileVersion
instanceKlass net/bytebuddy/description/type/TypeDefinition
instanceKlass net/bytebuddy/description/ModifierReviewable$ForTypeDefinition
instanceKlass net/bytebuddy/description/ModifierReviewable$OfEnumeration
instanceKlass net/bytebuddy/description/ModifierReviewable$OfAbstraction
instanceKlass net/bytebuddy/description/ModifierReviewable$OfByteCodeElement
instanceKlass net/bytebuddy/description/ModifierReviewable
instanceKlass net/bytebuddy/description/NamedElement
instanceKlass org/hibernate/bytecode/spi/ReflectionOptimizer
instanceKlass org/hibernate/bytecode/enhance/spi/Enhancer
instanceKlass net/bytebuddy/dynamic/DynamicType$Builder
instanceKlass net/bytebuddy/implementation/Implementation
instanceKlass net/bytebuddy/dynamic/scaffold/InstrumentedType$Prepareable
instanceKlass net/bytebuddy/matcher/ElementMatcher
instanceKlass net/bytebuddy/NamingStrategy
instanceKlass net/bytebuddy/NamingStrategy$SuffixingRandom$BaseNameResolver
instanceKlass net/bytebuddy/NamingStrategy$Suffixing$BaseNameResolver
instanceKlass org/hibernate/bytecode/internal/bytebuddy/BytecodeProviderImpl
instanceKlass org/hibernate/jpa/internal/enhance/EnhancingClassTransformerImpl
instanceKlass org/hibernate/bytecode/enhance/spi/DefaultEnhancementContext
instanceKlass org/hibernate/boot/archive/scan/internal/StandardScanParameters
instanceKlass org/hibernate/boot/archive/scan/internal/ScanResultImpl
instanceKlass org/hibernate/boot/archive/scan/spi/ScanResult
instanceKlass  @bci org/hibernate/boot/jaxb/internal/MappingBinder <init> (Lorg/hibernate/boot/ResourceStreamLocator;Ljava/util/function/Function;)V 72 <appendix> member <vmtarget> ; # org/hibernate/boot/jaxb/internal/MappingBinder$$Lambda+0x0000020a285b7768
instanceKlass  @bci org/hibernate/boot/jaxb/internal/MappingBinder <init> (Lorg/hibernate/boot/ResourceStreamLocator;Ljava/util/function/Function;)V 62 <appendix> member <vmtarget> ; # org/hibernate/boot/jaxb/internal/MappingBinder$$Lambda+0x0000020a285b7308
instanceKlass  @bci javax/xml/stream/FactoryFinder newInstance (Ljava/lang/Class;Ljava/lang/String;Ljava/lang/ClassLoader;ZZ)Ljava/lang/Object; 104 <appendix> member <vmtarget> ; # javax/xml/stream/FactoryFinder$$Lambda+0x0000020a284ebab8
instanceKlass  @bci javax/xml/stream/FactoryFinder find (Ljava/lang/Class;Ljava/lang/String;Ljava/lang/ClassLoader;Ljava/lang/String;)Ljava/lang/Object; 168 <appendix> member <vmtarget> ; # javax/xml/stream/FactoryFinder$$Lambda+0x0000020a284eb5c0
instanceKlass javax/xml/stream/FactoryFinder$1
instanceKlass  @bci javax/xml/stream/FactoryFinder find (Ljava/lang/Class;Ljava/lang/String;Ljava/lang/ClassLoader;Ljava/lang/String;)Ljava/lang/Object; 1 <appendix> member <vmtarget> ; # javax/xml/stream/FactoryFinder$$Lambda+0x0000020a284eb178
instanceKlass javax/xml/stream/FactoryFinder
instanceKlass javax/xml/stream/XMLEventFactory
instanceKlass org/hibernate/boot/jaxb/internal/stax/LocalSchemaLocator
instanceKlass org/hibernate/boot/jaxb/internal/stax/LocalXmlResourceResolver$DtdDescriptor
instanceKlass org/hibernate/boot/jaxb/internal/stax/LocalXmlResourceResolver
instanceKlass  @bci org/hibernate/boot/jaxb/internal/MappingBinder <init> (Lorg/hibernate/service/ServiceRegistry;)V 13 <appendix> member <vmtarget> ; # org/hibernate/boot/jaxb/internal/MappingBinder$$Lambda+0x0000020a285b6828
instanceKlass org/hibernate/boot/jaxb/internal/MappingBinder$2
instanceKlass org/hibernate/boot/jaxb/internal/MappingBinder$1
instanceKlass jakarta/xml/bind/ValidationEventHandler
instanceKlass javax/xml/stream/XMLEventReader
instanceKlass org/hibernate/boot/jaxb/internal/AbstractBinder
instanceKlass org/hibernate/boot/spi/XmlMappingBinderAccess
instanceKlass org/hibernate/boot/archive/scan/spi/ScanParameters
instanceKlass org/hibernate/boot/archive/spi/InputStreamAccess
instanceKlass org/hibernate/boot/model/process/internal/ScanningCoordinator
instanceKlass  @bci org/hibernate/boot/model/process/internal/ManagedResourcesImpl baseline (Lorg/hibernate/boot/MetadataSources;Lorg/hibernate/boot/spi/BootstrapContext;)Lorg/hibernate/boot/model/process/internal/ManagedResourcesImpl; 20 <appendix> member <vmtarget> ; # org/hibernate/boot/model/process/internal/ManagedResourcesImpl$$Lambda+0x0000020a285b4908
instanceKlass org/hibernate/boot/model/process/internal/ManagedResourcesImpl
instanceKlass org/hibernate/type/descriptor/sql/DdlType
instanceKlass org/hibernate/boot/spi/AdditionalMappingContributions
instanceKlass org/hibernate/boot/jaxb/internal/MappingBinder$Options
instanceKlass org/hibernate/boot/model/source/spi/MetadataSourceProcessor
instanceKlass org/hibernate/boot/spi/MetadataBuildingContext
instanceKlass org/hibernate/boot/spi/InFlightMetadataCollector
instanceKlass org/hibernate/boot/spi/MetadataImplementor
instanceKlass org/hibernate/boot/model/process/spi/ManagedResources
instanceKlass org/hibernate/boot/model/process/spi/MetadataBuildingProcess
instanceKlass  @bci org/hibernate/jpa/boot/internal/EntityManagerFactoryBuilderImpl applyMetadataBuilderContributor ()V 75 <appendix> member <vmtarget> ; # org/hibernate/jpa/boot/internal/EntityManagerFactoryBuilderImpl$$Lambda+0x0000020a285b3278
instanceKlass org/hibernate/boot/spi/MetadataBuilderContributor
instanceKlass  @bci org/hibernate/jpa/boot/internal/EntityManagerFactoryBuilderImpl applyTypeContributors ()V 86 <appendix> member <vmtarget> ; # org/hibernate/jpa/boot/internal/EntityManagerFactoryBuilderImpl$$Lambda+0x0000020a285b2e50
instanceKlass org/hibernate/jpa/boot/internal/StandardJpaScanEnvironmentImpl
instanceKlass org/hibernate/boot/spi/MetadataBuilderFactory
instanceKlass org/hibernate/boot/spi/MetadataBuilderInitializer
instanceKlass org/hibernate/boot/cfgxml/internal/CfgXmlAccessServiceImpl
instanceKlass org/hibernate/boot/spi/MetadataSourcesContributor
instanceKlass org/hibernate/internal/util/collections/CaseInsensitiveDictionary
instanceKlass org/hibernate/query/sqm/function/SqmFunctionDescriptor
instanceKlass org/hibernate/query/sqm/function/SqmFunctionRegistry
instanceKlass org/hibernate/boot/model/TypeBeanInstanceProducer
instanceKlass org/hibernate/type/spi/TypeBootstrapContext
instanceKlass  @bci org/hibernate/type/BasicTypeRegistry primeRegistryEntry (Lorg/hibernate/type/BasicType;)V 10 <appendix> argL0 ; # org/hibernate/type/BasicTypeRegistry$$Lambda+0x0000020a285b0498
instanceKlass  @bci org/hibernate/type/descriptor/jdbc/JdbcType getJdbcLiteralFormatter (Lorg/hibernate/type/descriptor/java/JavaType;)Lorg/hibernate/type/descriptor/jdbc/JdbcLiteralFormatter; 0 <appendix> argL0 ; # org/hibernate/type/descriptor/jdbc/JdbcType$$Lambda+0x0000020a285b0270
instanceKlass org/hibernate/type/descriptor/jdbc/BasicExtractor
instanceKlass org/hibernate/type/descriptor/jdbc/ObjectJdbcType
instanceKlass org/hibernate/metamodel/mapping/SqlExpressible$1
instanceKlass org/hibernate/metamodel/mapping/JdbcMappingContainer$1
instanceKlass org/hibernate/metamodel/mapping/Bindable$JdbcValuesBiConsumer
instanceKlass org/hibernate/type/AbstractStandardBasicType
instanceKlass org/hibernate/type/ProcedureParameterNamedBinder
instanceKlass org/hibernate/type/ProcedureParameterExtractionAware
instanceKlass org/hibernate/type/CharBooleanConverter
instanceKlass org/hibernate/type/NumericBooleanConverter
instanceKlass org/hibernate/type/StandardBooleanConverter
instanceKlass org/hibernate/type/StandardConverter
instanceKlass jakarta/persistence/AttributeConverter
instanceKlass org/hibernate/type/BasicTypeReference
instanceKlass org/hibernate/type/StandardBasicTypes
instanceKlass org/hibernate/type/BasicTypeRegistry
instanceKlass org/hibernate/type/descriptor/sql/spi/DdlTypeRegistry
instanceKlass org/hibernate/type/descriptor/jdbc/RowIdJdbcType
instanceKlass org/hibernate/type/descriptor/jdbc/ClobJdbcType
instanceKlass org/hibernate/type/descriptor/jdbc/BasicBinder
instanceKlass org/hibernate/type/descriptor/jdbc/BlobJdbcType
instanceKlass org/hibernate/type/descriptor/jdbc/VarcharJdbcType
instanceKlass org/hibernate/type/descriptor/jdbc/VarbinaryJdbcType
instanceKlass org/hibernate/type/descriptor/jdbc/TimeWithTimeZoneJdbcType
instanceKlass org/hibernate/type/descriptor/jdbc/TimeJdbcType
instanceKlass org/hibernate/type/descriptor/jdbc/TimestampWithTimeZoneJdbcType
instanceKlass org/hibernate/type/descriptor/jdbc/TimestampJdbcType
instanceKlass org/hibernate/type/descriptor/jdbc/DateJdbcType
instanceKlass org/hibernate/type/descriptor/jdbc/internal/AbstractJavaTimeJdbcType
instanceKlass org/hibernate/type/descriptor/jdbc/JavaTimeJdbcType
instanceKlass org/hibernate/type/descriptor/jdbc/TinyIntJdbcType
instanceKlass org/hibernate/type/descriptor/jdbc/SmallIntJdbcType
instanceKlass org/hibernate/type/descriptor/jdbc/IntegerJdbcType
instanceKlass org/hibernate/type/descriptor/jdbc/FloatJdbcType
instanceKlass org/hibernate/type/descriptor/jdbc/DoubleJdbcType
instanceKlass org/hibernate/type/descriptor/jdbc/DecimalJdbcType
instanceKlass org/hibernate/type/descriptor/jdbc/BigIntJdbcType
instanceKlass org/hibernate/type/descriptor/jdbc/JdbcLiteralFormatter
instanceKlass org/hibernate/type/descriptor/ValueExtractor
instanceKlass org/hibernate/type/descriptor/ValueBinder
instanceKlass org/hibernate/type/descriptor/jdbc/BooleanJdbcType
instanceKlass org/hibernate/type/descriptor/jdbc/AdjustableJdbcType
instanceKlass org/hibernate/type/descriptor/jdbc/internal/JdbcTypeBaseline
instanceKlass org/hibernate/type/descriptor/jdbc/spi/JdbcTypeRegistry
instanceKlass org/hibernate/type/descriptor/jdbc/internal/JdbcTypeBaseline$BaselineTarget
instanceKlass org/hibernate/collection/spi/AbstractMapSemantics
instanceKlass org/hibernate/collection/spi/MapSemantics
instanceKlass org/hibernate/collection/spi/AbstractSetSemantics
instanceKlass org/hibernate/collection/internal/StandardListSemantics
instanceKlass org/hibernate/collection/internal/StandardArraySemantics
instanceKlass org/hibernate/collection/spi/PersistentCollection
instanceKlass org/hibernate/collection/spi/LazyInitializable
instanceKlass org/hibernate/collection/spi/AbstractBagSemantics
instanceKlass org/hibernate/collection/spi/BagSemantics
instanceKlass org/hibernate/type/descriptor/java/LocaleJavaType$LocaleComparator
instanceKlass org/hibernate/type/descriptor/java/TimeZoneJavaType$TimeZoneComparator
instanceKlass org/hibernate/internal/util/compare/CalendarComparator
instanceKlass org/hibernate/type/descriptor/java/ZoneOffsetJavaType$ZoneOffsetComparator
instanceKlass org/hibernate/internal/util/ZonedDateTimeComparator
instanceKlass  @bci java/time/OffsetDateTime timeLineOrder ()Ljava/util/Comparator; 0 <appendix> argL0 ; # java/time/OffsetDateTime$$Lambda+0x0000020a284ea820
instanceKlass org/hibernate/type/descriptor/java/TemporalJavaType
instanceKlass org/hibernate/type/descriptor/java/DoublePrimitiveArrayJavaType$ArrayMutabilityPlan
instanceKlass org/hibernate/type/descriptor/java/FloatPrimitiveArrayJavaType$ArrayMutabilityPlan
instanceKlass org/hibernate/type/descriptor/java/LongPrimitiveArrayJavaType$ArrayMutabilityPlan
instanceKlass org/hibernate/type/descriptor/java/IntegerPrimitiveArrayJavaType$ArrayMutabilityPlan
instanceKlass org/hibernate/type/descriptor/java/ShortPrimitiveArrayJavaType$ArrayMutabilityPlan
instanceKlass org/hibernate/type/descriptor/java/BooleanPrimitiveArrayJavaType$ArrayMutabilityPlan
instanceKlass org/hibernate/type/descriptor/converter/spi/BasicValueConverter
instanceKlass org/hibernate/type/descriptor/java/BasicPluralJavaType
instanceKlass org/hibernate/internal/util/compare/RowVersionComparator
instanceKlass org/hibernate/type/descriptor/java/MutableMutabilityPlan
instanceKlass org/hibernate/sql/ast/spi/SqlAppender
instanceKlass org/hibernate/type/descriptor/java/NClobJavaType$NClobMutabilityPlan
instanceKlass java/sql/NClob
instanceKlass org/hibernate/type/descriptor/java/ClobJavaType$ClobMutabilityPlan
instanceKlass java/sql/Clob
instanceKlass org/hibernate/type/descriptor/java/IncomparableComparator
instanceKlass org/hibernate/type/descriptor/java/BlobJavaType$BlobMutabilityPlan
instanceKlass java/sql/Blob
instanceKlass org/hibernate/type/descriptor/jdbc/JdbcType
instanceKlass org/hibernate/type/spi/TypeConfigurationAware
instanceKlass org/hibernate/internal/util/compare/ComparableComparator
instanceKlass org/hibernate/type/descriptor/java/ImmutableMutabilityPlan
instanceKlass org/hibernate/type/descriptor/java/AbstractClassJavaType
instanceKlass org/hibernate/type/descriptor/java/VersionJavaType
instanceKlass org/hibernate/type/descriptor/java/spi/PrimitiveJavaType
instanceKlass org/hibernate/type/descriptor/java/BasicJavaType
instanceKlass org/hibernate/collection/spi/CollectionSemantics
instanceKlass org/hibernate/type/descriptor/java/spi/JavaTypeBaseline
instanceKlass org/hibernate/type/descriptor/java/MutabilityPlan
instanceKlass org/hibernate/type/descriptor/java/spi/JavaTypeRegistry
instanceKlass org/hibernate/type/descriptor/java/spi/JavaTypeBaseline$BaselineTarget
instanceKlass jdk/internal/util/ByteArrayLittleEndian
instanceKlass jdk/internal/util/HexDigits
instanceKlass java/util/UUID$Holder
instanceKlass org/hibernate/id/uuid/LocalObjectUuidHelper
instanceKlass org/hibernate/type/spi/TypeConfiguration$Scope
instanceKlass org/hibernate/type/BasicType
instanceKlass org/hibernate/metamodel/mapping/JdbcMapping
instanceKlass org/hibernate/metamodel/mapping/BasicValuedMapping
instanceKlass org/hibernate/metamodel/mapping/SqlExpressible
instanceKlass org/hibernate/metamodel/mapping/ValueMapping
instanceKlass org/hibernate/type/descriptor/java/JavaTypedExpressible
instanceKlass org/hibernate/metamodel/mapping/MappingModelExpressible
instanceKlass org/hibernate/metamodel/mapping/Bindable
instanceKlass org/hibernate/metamodel/mapping/JdbcMappingContainer
instanceKlass org/hibernate/metamodel/mapping/MappingType
instanceKlass org/hibernate/metamodel/model/domain/BasicDomainType
instanceKlass org/hibernate/query/ReturnableType
instanceKlass org/hibernate/query/OutputableType
instanceKlass jakarta/persistence/metamodel/BasicType
instanceKlass org/hibernate/metamodel/model/domain/SimpleDomainType
instanceKlass jakarta/persistence/metamodel/Type
instanceKlass org/hibernate/metamodel/model/domain/DomainType
instanceKlass org/hibernate/query/sqm/SqmExpressible
instanceKlass org/hibernate/query/BindableType
instanceKlass org/hibernate/type/descriptor/jdbc/JdbcTypeIndicators
instanceKlass org/hibernate/type/spi/TypeConfiguration
instanceKlass org/hibernate/SessionFactoryObserver
instanceKlass org/hibernate/metamodel/spi/EmbeddableRepresentationStrategy
instanceKlass org/hibernate/metamodel/spi/EmbeddableInstantiator
instanceKlass org/hibernate/metamodel/spi/Instantiator
instanceKlass org/hibernate/metamodel/spi/EntityRepresentationStrategy
instanceKlass org/hibernate/metamodel/spi/ManagedTypeRepresentationStrategy
instanceKlass org/hibernate/metamodel/internal/ManagedTypeRepresentationResolverStandard
instanceKlass org/hibernate/boot/archive/spi/ArchiveDescriptorFactory
instanceKlass org/hibernate/boot/archive/scan/internal/StandardScanOptions
instanceKlass org/hibernate/jpa/internal/MutableJpaComplianceImpl
instanceKlass org/hibernate/boot/model/internal/XMLContext
instanceKlass org/hibernate/annotations/common/reflection/java/JavaMetadataProvider
instanceKlass org/hibernate/annotations/common/reflection/AnnotationReader
instanceKlass org/hibernate/boot/model/internal/JPAXMLOverriddenMetadataProvider
instanceKlass  @bci org/hibernate/annotations/common/reflection/java/JavaReflectionManager <init> ()V 56 <appendix> member <vmtarget> ; # org/hibernate/annotations/common/reflection/java/JavaReflectionManager$$Lambda+0x0000020a28580af8
instanceKlass org/hibernate/annotations/common/reflection/XMethod
instanceKlass  @bci org/hibernate/annotations/common/reflection/java/JavaReflectionManager <init> ()V 39 <appendix> member <vmtarget> ; # org/hibernate/annotations/common/reflection/java/JavaReflectionManager$$Lambda+0x0000020a28580370
instanceKlass org/hibernate/annotations/common/reflection/XProperty
instanceKlass org/hibernate/annotations/common/reflection/XMember
instanceKlass  @bci org/hibernate/annotations/common/reflection/java/JavaReflectionManager <init> ()V 22 <appendix> member <vmtarget> ; # org/hibernate/annotations/common/reflection/java/JavaReflectionManager$$Lambda+0x0000020a2857f670
instanceKlass org/hibernate/annotations/common/reflection/java/JavaXAnnotatedElement
instanceKlass org/hibernate/annotations/common/reflection/XClass
instanceKlass org/hibernate/annotations/common/reflection/java/generics/TypeEnvironment
instanceKlass org/hibernate/annotations/common/reflection/java/XTypeConstruction
instanceKlass org/hibernate/annotations/common/reflection/java/TypeEnvironmentMap
instanceKlass org/hibernate/annotations/common/reflection/XPackage
instanceKlass org/hibernate/annotations/common/reflection/XAnnotatedElement
instanceKlass org/hibernate/annotations/common/reflection/java/JavaXType
instanceKlass org/hibernate/annotations/common/reflection/java/JavaReflectionManager
instanceKlass org/hibernate/annotations/common/reflection/MetadataProviderInjector
instanceKlass org/hibernate/boot/internal/ClassLoaderAccessImpl
instanceKlass com/fasterxml/classmate/MemberResolver
instanceKlass org/hibernate/boot/internal/ClassmateContext
instanceKlass org/hibernate/boot/spi/ClassLoaderAccess
instanceKlass org/hibernate/annotations/common/reflection/ReflectionManager
instanceKlass org/hibernate/annotations/common/reflection/MetadataProvider
instanceKlass org/hibernate/jpa/spi/MutableJpaCompliance
instanceKlass org/hibernate/jpa/spi/JpaCompliance
instanceKlass org/hibernate/boot/internal/BootstrapContextImpl
instanceKlass org/hibernate/boot/internal/MetadataBuilderImpl$MetadataBuildingOptionsImpl$2
instanceKlass  @bci org/hibernate/boot/registry/selector/internal/StrategySelectorImpl resolveDefaultableStrategy (Ljava/lang/Class;Ljava/lang/Object;Ljava/lang/Object;)Ljava/lang/Object; 4 <appendix> member <vmtarget> ; # org/hibernate/boot/registry/selector/internal/StrategySelectorImpl$$Lambda+0x0000020a2857b828
instanceKlass org/hibernate/boot/model/naming/PhysicalNamingStrategyStandardImpl
instanceKlass org/hibernate/boot/internal/MetadataBuilderImpl$MetadataBuildingOptionsImpl$1
instanceKlass org/hibernate/cache/spi/QueryResultsRegion
instanceKlass org/hibernate/cache/spi/TimestampsRegion
instanceKlass org/hibernate/cache/spi/DirectAccessRegion
instanceKlass org/hibernate/engine/spi/SessionFactoryImplementor
instanceKlass org/hibernate/query/spi/QueryParameterBindingTypeResolver
instanceKlass org/hibernate/sql/ast/spi/SqlAstCreationContext
instanceKlass org/hibernate/query/sqm/spi/SqmCreationContext
instanceKlass org/hibernate/cache/spi/DomainDataRegion
instanceKlass org/hibernate/cache/spi/Region
instanceKlass org/hibernate/cache/cfg/spi/DomainDataRegionBuildingContext
instanceKlass org/hibernate/cache/cfg/spi/DomainDataRegionConfig
instanceKlass org/hibernate/boot/spi/SessionFactoryOptions
instanceKlass org/hibernate/query/spi/QueryEngineOptions
instanceKlass org/hibernate/cache/spi/CacheTransactionSynchronization
instanceKlass org/hibernate/cache/internal/NoCachingRegionFactory
instanceKlass  @bci org/hibernate/boot/registry/selector/internal/StrategySelectorImpl resolveStrategy (Ljava/lang/Class;Ljava/lang/Object;Ljava/lang/Object;Lorg/hibernate/boot/registry/selector/spi/StrategyCreator;)Ljava/lang/Object; 4 <appendix> member <vmtarget> ; # org/hibernate/boot/registry/selector/internal/StrategySelectorImpl$$Lambda+0x0000020a28578c68
instanceKlass org/hibernate/cache/internal/StrategyCreatorRegionFactoryImpl
instanceKlass  @bci org/hibernate/boot/internal/MetadataBuilderImpl$MetadataBuildingOptionsImpl <init> (Lorg/hibernate/boot/registry/StandardServiceRegistry;)V 258 <appendix> argL0 ; # org/hibernate/boot/internal/MetadataBuilderImpl$MetadataBuildingOptionsImpl$$Lambda+0x0000020a28578820
instanceKlass  @bci org/hibernate/boot/internal/MetadataBuilderImpl$MetadataBuildingOptionsImpl <init> (Lorg/hibernate/boot/registry/StandardServiceRegistry;)V 227 <appendix> argL0 ; # org/hibernate/boot/internal/MetadataBuilderImpl$MetadataBuildingOptionsImpl$$Lambda+0x0000020a28578608
instanceKlass  @bci org/hibernate/boot/internal/MetadataBuilderImpl$MetadataBuildingOptionsImpl <init> (Lorg/hibernate/boot/registry/StandardServiceRegistry;)V 219 <appendix> argL0 ; # org/hibernate/boot/internal/MetadataBuilderImpl$MetadataBuildingOptionsImpl$$Lambda+0x0000020a285783f0
instanceKlass org/hibernate/sql/ast/SqlAstTranslatorFactory
instanceKlass org/hibernate/engine/jdbc/env/spi/LobCreatorBuilder
instanceKlass org/hibernate/exception/spi/SQLExceptionConverter
instanceKlass org/hibernate/engine/jdbc/env/spi/QualifiedObjectNameFormatter
instanceKlass org/hibernate/engine/jdbc/env/spi/ExtractedDatabaseMetaData
instanceKlass org/hibernate/engine/jdbc/env/internal/JdbcEnvironmentImpl
instanceKlass  @bci org/hibernate/boot/internal/MetadataBuilderImpl lambda$resolveWrapperArrayHandling$1 (Lorg/hibernate/engine/config/spi/ConfigurationService;)Lorg/hibernate/type/WrapperArrayHandling; 3 <appendix> argL0 ; # org/hibernate/boot/internal/MetadataBuilderImpl$$Lambda+0x0000020a28577278
instanceKlass  @bci org/hibernate/boot/internal/MetadataBuilderImpl resolveWrapperArrayHandling (Lorg/hibernate/engine/config/spi/ConfigurationService;Lorg/hibernate/boot/registry/StandardServiceRegistry;)Lorg/hibernate/type/WrapperArrayHandling; 17 <appendix> member <vmtarget> ; # org/hibernate/boot/internal/MetadataBuilderImpl$$Lambda+0x0000020a28577058
instanceKlass  @bci org/hibernate/boot/internal/MetadataBuilderImpl resolveWrapperArrayHandling (Lorg/hibernate/engine/config/spi/ConfigurationService;Lorg/hibernate/boot/registry/StandardServiceRegistry;)Lorg/hibernate/type/WrapperArrayHandling; 7 <appendix> member <vmtarget> ; # org/hibernate/boot/internal/MetadataBuilderImpl$$Lambda+0x0000020a28576e38
instanceKlass  @bci org/hibernate/boot/internal/MetadataBuilderImpl resolveTimeZoneStorageStrategy (Lorg/hibernate/engine/config/spi/ConfigurationService;)Lorg/hibernate/annotations/TimeZoneStorageType; 3 <appendix> argL0 ; # org/hibernate/boot/internal/MetadataBuilderImpl$$Lambda+0x0000020a285767f0
instanceKlass  @bci org/hibernate/boot/internal/MetadataBuilderImpl$MappingDefaultsImpl <init> (Lorg/hibernate/boot/registry/StandardServiceRegistry;)V 75 <appendix> argL0 ; # org/hibernate/boot/internal/MetadataBuilderImpl$MappingDefaultsImpl$$Lambda+0x0000020a28575d78
instanceKlass  @bci org/hibernate/boot/internal/MetadataBuilderImpl$MappingDefaultsImpl <init> (Lorg/hibernate/boot/registry/StandardServiceRegistry;)V 55 <appendix> argL0 ; # org/hibernate/boot/internal/MetadataBuilderImpl$MappingDefaultsImpl$$Lambda+0x0000020a28575918
instanceKlass org/hibernate/boot/internal/MetadataBuilderImpl$MappingDefaultsImpl
instanceKlass org/hibernate/id/factory/spi/GeneratorDefinitionResolver
instanceKlass org/hibernate/type/descriptor/java/JavaType
instanceKlass org/hibernate/id/enhanced/TableGenerator
instanceKlass org/hibernate/id/ForeignGenerator
instanceKlass org/hibernate/id/IncrementGenerator
instanceKlass org/hibernate/id/enhanced/SequenceStyleGenerator
instanceKlass org/hibernate/id/PersistentIdentifierGenerator
instanceKlass org/hibernate/id/OptimizableGenerator
instanceKlass org/hibernate/id/SelectGenerator
instanceKlass org/hibernate/id/IdentityGenerator
instanceKlass org/hibernate/id/BulkInsertionCapableIdentifierGenerator
instanceKlass org/hibernate/id/PostInsertIdentifierGenerator
instanceKlass org/hibernate/generator/OnExecutionGenerator
instanceKlass org/hibernate/id/Assigned
instanceKlass org/hibernate/id/AbstractUUIDGenerator
instanceKlass org/hibernate/id/GUIDGenerator
instanceKlass org/hibernate/id/factory/IdGenFactoryLogging
instanceKlass org/hibernate/id/UUIDGenerator
instanceKlass org/hibernate/id/factory/spi/StandardGenerator
instanceKlass org/hibernate/id/IdentifierGenerator
instanceKlass org/hibernate/id/Configurable
instanceKlass org/hibernate/boot/model/relational/ExportableProducer
instanceKlass org/hibernate/generator/BeforeExecutionGenerator
instanceKlass  @bci org/hibernate/id/factory/internal/StandardIdentifierGeneratorFactory logOverrides ()V 22 <appendix> member <vmtarget> ; # org/hibernate/id/factory/internal/StandardIdentifierGeneratorFactory$$Lambda+0x0000020a28570e90
instanceKlass org/hibernate/id/factory/spi/GenerationTypeStrategyRegistration
instanceKlass org/hibernate/id/factory/internal/UUIDGenerationTypeStrategy
instanceKlass org/hibernate/id/factory/internal/IdentityGenerationTypeStrategy
instanceKlass org/hibernate/id/factory/internal/TableGenerationTypeStrategy
instanceKlass org/hibernate/id/factory/internal/SequenceGenerationTypeStrategy
instanceKlass org/hibernate/id/factory/internal/AutoGenerationTypeStrategy
instanceKlass org/hibernate/id/factory/spi/GenerationTypeStrategy
instanceKlass org/hibernate/resource/beans/spi/ManagedBean
instanceKlass org/hibernate/resource/beans/internal/ManagedBeanRegistryImpl
instanceKlass  @bci org/hibernate/engine/config/spi/StandardConverters <clinit> ()V 16 <appendix> argL0 ; # org/hibernate/engine/config/spi/StandardConverters$$Lambda+0x0000020a2856f320
instanceKlass  @bci org/hibernate/engine/config/spi/StandardConverters <clinit> ()V 8 <appendix> argL0 ; # org/hibernate/engine/config/spi/StandardConverters$$Lambda+0x0000020a2856f108
instanceKlass  @bci org/hibernate/engine/config/spi/StandardConverters <clinit> ()V 0 <appendix> argL0 ; # org/hibernate/engine/config/spi/StandardConverters$$Lambda+0x0000020a2856eef0
instanceKlass org/hibernate/engine/config/spi/StandardConverters
instanceKlass org/hibernate/service/spi/Startable
instanceKlass org/hibernate/service/spi/InjectService
instanceKlass org/hibernate/engine/config/internal/ConfigurationServiceImpl
instanceKlass org/hibernate/resource/beans/container/spi/BeanLifecycleStrategy
instanceKlass org/hibernate/resource/beans/internal/Helper
instanceKlass org/hibernate/resource/beans/spi/BeanInstanceProducer
instanceKlass org/hibernate/generator/Generator
instanceKlass org/hibernate/id/factory/internal/StandardIdentifierGeneratorFactory
instanceKlass org/hibernate/resource/beans/container/spi/BeanContainer$LifecycleOptions
instanceKlass org/hibernate/boot/spi/MappingDefaults
instanceKlass org/hibernate/metamodel/spi/ManagedTypeRepresentationResolver
instanceKlass org/hibernate/collection/spi/CollectionSemanticsResolver
instanceKlass org/hibernate/boot/internal/MetadataBuilderImpl$MetadataBuildingOptionsImpl
instanceKlass org/hibernate/boot/spi/JpaOrmXmlPersistenceUnitDefaultAware
instanceKlass org/hibernate/boot/model/convert/spi/ConverterDescriptor
instanceKlass org/hibernate/boot/model/FunctionContributions
instanceKlass org/hibernate/boot/spi/BootstrapContext
instanceKlass org/hibernate/boot/spi/MetadataBuildingOptions
instanceKlass org/hibernate/boot/internal/MetadataBuilderImpl
instanceKlass org/hibernate/boot/model/TypeContributions
instanceKlass org/hibernate/boot/spi/MetadataBuilderImplementor
instanceKlass org/hibernate/boot/jaxb/spi/Binder
instanceKlass org/hibernate/boot/MetadataSources
instanceKlass org/hibernate/service/spi/SessionFactoryServiceRegistryFactory
instanceKlass org/hibernate/engine/jdbc/spi/SqlStatementLogger
instanceKlass org/hibernate/tool/schema/spi/SchemaManagementTool
instanceKlass org/hibernate/bytecode/spi/ProxyFactoryFactory
instanceKlass org/hibernate/internal/util/collections/CollectionHelper
instanceKlass org/hibernate/service/internal/AbstractServiceRegistryImpl
instanceKlass org/hibernate/engine/config/spi/ConfigurationService$Converter
instanceKlass org/hibernate/internal/util/config/ConfigurationHelper
instanceKlass org/hibernate/service/spi/ServiceContributor
instanceKlass  @bci org/hibernate/jpa/boot/internal/EntityManagerFactoryBuilderImpl normalizeConnectionAccessUserAndPass (Ljava/util/HashMap;Lorg/hibernate/jpa/boot/internal/EntityManagerFactoryBuilderImpl$MergedSettings;)V 116 <appendix> member <vmtarget> ; # org/hibernate/jpa/boot/internal/EntityManagerFactoryBuilderImpl$$Lambda+0x0000020a28569758
instanceKlass  @bci org/hibernate/jpa/boot/internal/EntityManagerFactoryBuilderImpl normalizeConnectionAccessUserAndPass (Ljava/util/HashMap;Lorg/hibernate/jpa/boot/internal/EntityManagerFactoryBuilderImpl$MergedSettings;)V 107 <appendix> member <vmtarget> ; # org/hibernate/jpa/boot/internal/EntityManagerFactoryBuilderImpl$$Lambda+0x0000020a28569538
instanceKlass  @bci org/hibernate/jpa/boot/internal/EntityManagerFactoryBuilderImpl normalizeConnectionAccessUserAndPass (Ljava/util/HashMap;Lorg/hibernate/jpa/boot/internal/EntityManagerFactoryBuilderImpl$MergedSettings;)V 98 <appendix> member <vmtarget> ; # org/hibernate/jpa/boot/internal/EntityManagerFactoryBuilderImpl$$Lambda+0x0000020a28569318
instanceKlass  @bci org/hibernate/jpa/boot/internal/EntityManagerFactoryBuilderImpl normalizeConnectionAccessUserAndPass (Ljava/util/HashMap;Lorg/hibernate/jpa/boot/internal/EntityManagerFactoryBuilderImpl$MergedSettings;)V 89 <appendix> member <vmtarget> ; # org/hibernate/jpa/boot/internal/EntityManagerFactoryBuilderImpl$$Lambda+0x0000020a285690f8
instanceKlass  @bci org/hibernate/jpa/boot/internal/EntityManagerFactoryBuilderImpl normalizeConnectionAccessUserAndPass (Ljava/util/HashMap;Lorg/hibernate/jpa/boot/internal/EntityManagerFactoryBuilderImpl$MergedSettings;)V 80 <appendix> member <vmtarget> ; # org/hibernate/jpa/boot/internal/EntityManagerFactoryBuilderImpl$$Lambda+0x0000020a28568ed8
instanceKlass  @bci org/hibernate/jpa/boot/internal/EntityManagerFactoryBuilderImpl normalizeConnectionAccessUserAndPass (Ljava/util/HashMap;Lorg/hibernate/jpa/boot/internal/EntityManagerFactoryBuilderImpl$MergedSettings;)V 71 <appendix> member <vmtarget> ; # org/hibernate/jpa/boot/internal/EntityManagerFactoryBuilderImpl$$Lambda+0x0000020a28568cb8
instanceKlass  @bci org/hibernate/internal/util/NullnessHelper coalesceSuppliedValues ([Ljava/util/function/Supplier;)Ljava/lang/Object; 0 <appendix> argL0 ; # org/hibernate/internal/util/NullnessHelper$$Lambda+0x0000020a28568a80
instanceKlass org/hibernate/internal/util/NullnessHelper
instanceKlass  @bci org/hibernate/jpa/boot/internal/EntityManagerFactoryBuilderImpl normalizeConnectionAccessUserAndPass (Ljava/util/HashMap;Lorg/hibernate/jpa/boot/internal/EntityManagerFactoryBuilderImpl$MergedSettings;)V 53 <appendix> member <vmtarget> ; # org/hibernate/jpa/boot/internal/EntityManagerFactoryBuilderImpl$$Lambda+0x0000020a28568660
instanceKlass  @bci org/hibernate/jpa/boot/internal/EntityManagerFactoryBuilderImpl normalizeConnectionAccessUserAndPass (Ljava/util/HashMap;Lorg/hibernate/jpa/boot/internal/EntityManagerFactoryBuilderImpl$MergedSettings;)V 44 <appendix> member <vmtarget> ; # org/hibernate/jpa/boot/internal/EntityManagerFactoryBuilderImpl$$Lambda+0x0000020a28568440
instanceKlass  @bci org/hibernate/jpa/boot/internal/EntityManagerFactoryBuilderImpl normalizeConnectionAccessUserAndPass (Ljava/util/HashMap;Lorg/hibernate/jpa/boot/internal/EntityManagerFactoryBuilderImpl$MergedSettings;)V 35 <appendix> member <vmtarget> ; # org/hibernate/jpa/boot/internal/EntityManagerFactoryBuilderImpl$$Lambda+0x0000020a28568220
instanceKlass  @bci org/hibernate/jpa/boot/internal/EntityManagerFactoryBuilderImpl normalizeConnectionAccessUserAndPass (Ljava/util/HashMap;Lorg/hibernate/jpa/boot/internal/EntityManagerFactoryBuilderImpl$MergedSettings;)V 26 <appendix> member <vmtarget> ; # org/hibernate/jpa/boot/internal/EntityManagerFactoryBuilderImpl$$Lambda+0x0000020a28568000
instanceKlass  @bci org/hibernate/jpa/boot/internal/EntityManagerFactoryBuilderImpl normalizeConnectionAccessUserAndPass (Ljava/util/HashMap;Lorg/hibernate/jpa/boot/internal/EntityManagerFactoryBuilderImpl$MergedSettings;)V 17 <appendix> member <vmtarget> ; # org/hibernate/jpa/boot/internal/EntityManagerFactoryBuilderImpl$$Lambda+0x0000020a28567c98
instanceKlass  @bci org/hibernate/jpa/boot/internal/EntityManagerFactoryBuilderImpl normalizeConnectionAccessUserAndPass (Ljava/util/HashMap;Lorg/hibernate/jpa/boot/internal/EntityManagerFactoryBuilderImpl$MergedSettings;)V 8 <appendix> member <vmtarget> ; # org/hibernate/jpa/boot/internal/EntityManagerFactoryBuilderImpl$$Lambda+0x0000020a28567a78
instanceKlass org/hibernate/type/Type
instanceKlass org/hibernate/internal/util/collections/ArrayHelper
instanceKlass org/hibernate/internal/util/StringHelper
instanceKlass org/hibernate/internal/util/PropertiesHelper
instanceKlass org/hibernate/internal/util/ConfigHelper
instanceKlass org/hibernate/Version
instanceKlass org/hibernate/cfg/Environment
instanceKlass org/hibernate/cfg/AvailableSettings
instanceKlass org/hibernate/cfg/ValidationSettings
instanceKlass org/hibernate/cfg/TransactionSettings
instanceKlass org/hibernate/cfg/StatisticsSettings
instanceKlass org/hibernate/cfg/SessionEventSettings
instanceKlass org/hibernate/cfg/SchemaToolingSettings
instanceKlass org/hibernate/cfg/QuerySettings
instanceKlass org/hibernate/cfg/PersistenceSettings
instanceKlass org/hibernate/cfg/MultiTenancySettings
instanceKlass org/hibernate/cfg/MappingSettings
instanceKlass org/hibernate/cfg/ManagedBeanSettings
instanceKlass org/hibernate/cfg/JpaComplianceSettings
instanceKlass org/hibernate/cfg/JdbcSettings
instanceKlass org/hibernate/cfg/ProxoolSettings
instanceKlass org/hibernate/cfg/C3p0Settings
instanceKlass org/hibernate/cfg/FetchSettings
instanceKlass org/hibernate/cfg/EnvironmentSettings
instanceKlass org/hibernate/cfg/CacheSettings
instanceKlass org/hibernate/cfg/BytecodeSettings
instanceKlass org/hibernate/cfg/BatchSettings
instanceKlass org/hibernate/jpa/boot/internal/EntityManagerFactoryBuilderImpl$MergedSettings
instanceKlass org/hibernate/loader/ast/spi/BatchLoaderFactory
instanceKlass org/hibernate/loader/ast/internal/BatchLoaderFactoryInitiator
instanceKlass org/hibernate/sql/ast/spi/ParameterMarkerStrategy
instanceKlass org/hibernate/sql/ast/internal/ParameterMarkerStrategyInitiator
instanceKlass org/hibernate/query/sqm/mutation/spi/SqmMultiTableMutationStrategyProvider
instanceKlass org/hibernate/query/sqm/mutation/internal/SqmMultiTableMutationStrategyProviderInitiator
instanceKlass org/hibernate/sql/results/jdbc/spi/JdbcValuesMappingProducerProvider
instanceKlass org/hibernate/sql/results/jdbc/internal/JdbcValuesMappingProducerProviderInitiator
instanceKlass org/hibernate/event/spi/EntityCopyObserverFactory
instanceKlass org/hibernate/event/internal/EntityCopyObserverFactoryInitiator
instanceKlass org/hibernate/resource/beans/spi/ManagedBeanRegistry
instanceKlass org/hibernate/resource/beans/spi/ManagedBeanRegistryInitiator
instanceKlass org/hibernate/resource/transaction/internal/TransactionCoordinatorBuilderInitiator
instanceKlass org/hibernate/cache/spi/RegionFactory
instanceKlass org/hibernate/cache/internal/RegionFactoryInitiator
instanceKlass org/hibernate/service/internal/SessionFactoryServiceRegistryFactoryInitiator
instanceKlass org/hibernate/engine/transaction/jta/platform/internal/JtaPlatformInitiator
instanceKlass org/hibernate/engine/transaction/jta/platform/spi/JtaPlatformResolver
instanceKlass org/hibernate/engine/transaction/jta/platform/internal/JtaPlatformResolverInitiator
instanceKlass org/hibernate/engine/jdbc/cursor/spi/RefCursorSupport
instanceKlass org/hibernate/engine/jdbc/cursor/internal/RefCursorSupportInitiator
instanceKlass org/hibernate/engine/jdbc/internal/JdbcServicesInitiator
instanceKlass org/hibernate/engine/jdbc/internal/SqlStatementLoggerInitiator
instanceKlass org/hibernate/engine/jdbc/batch/spi/BatchBuilder
instanceKlass org/hibernate/engine/jdbc/batch/internal/BatchBuilderInitiator
instanceKlass org/hibernate/engine/jdbc/mutation/spi/MutationExecutorService
instanceKlass org/hibernate/engine/jdbc/mutation/internal/MutationExecutorServiceInitiator
instanceKlass org/hibernate/engine/jdbc/dialect/spi/DialectFactory
instanceKlass org/hibernate/engine/jdbc/dialect/internal/DialectFactoryInitiator
instanceKlass org/hibernate/engine/jdbc/dialect/spi/DialectResolver
instanceKlass org/hibernate/engine/jdbc/dialect/internal/DialectResolverInitiator
instanceKlass org/hibernate/engine/jdbc/connections/spi/MultiTenantConnectionProvider
instanceKlass org/hibernate/engine/jdbc/connections/internal/MultiTenantConnectionProviderInitiator
instanceKlass org/hibernate/engine/jdbc/connections/internal/UserSuppliedConnectionProviderImpl
instanceKlass org/hibernate/engine/jdbc/connections/internal/DriverManagerConnectionProviderImpl
instanceKlass org/hibernate/engine/jdbc/connections/internal/ConnectionValidator
instanceKlass org/hibernate/engine/jdbc/connections/internal/DatasourceConnectionProviderImpl
instanceKlass org/hibernate/service/spi/Configurable
instanceKlass org/hibernate/engine/jdbc/connections/spi/ConnectionProvider
instanceKlass org/hibernate/service/spi/Wrapped
instanceKlass org/hibernate/engine/jdbc/connections/internal/ConnectionProviderInitiator
instanceKlass org/hibernate/persister/spi/PersisterFactory
instanceKlass org/hibernate/persister/internal/PersisterFactoryInitiator
instanceKlass org/hibernate/persister/spi/PersisterClassResolver
instanceKlass org/hibernate/persister/internal/PersisterClassResolverInitiator
instanceKlass org/hibernate/engine/jndi/spi/JndiService
instanceKlass org/hibernate/engine/jndi/internal/JndiServiceInitiator
instanceKlass org/hibernate/jdbc/WorkExecutorVisitable
instanceKlass org/hibernate/resource/transaction/spi/TransactionCoordinatorOwner
instanceKlass org/hibernate/engine/jdbc/spi/JdbcServices
instanceKlass org/hibernate/engine/jdbc/env/spi/JdbcEnvironment
instanceKlass org/hibernate/engine/jdbc/dialect/spi/DialectResolutionInfo
instanceKlass org/hibernate/dialect/DatabaseVersion
instanceKlass org/hibernate/engine/jdbc/connections/spi/JdbcConnectionAccess
instanceKlass org/hibernate/engine/jdbc/env/internal/JdbcEnvironmentInitiator
instanceKlass org/hibernate/tool/schema/internal/SchemaManagementToolInitiator
instanceKlass org/hibernate/tool/schema/spi/SqlScriptCommandExtractor
instanceKlass org/hibernate/tool/schema/internal/script/SqlScriptExtractorInitiator
instanceKlass org/hibernate/property/access/spi/PropertyAccessStrategyResolver
instanceKlass org/hibernate/property/access/internal/PropertyAccessStrategyResolverInitiator
instanceKlass org/hibernate/engine/config/spi/ConfigurationService
instanceKlass org/hibernate/engine/config/internal/ConfigurationServiceInitiator
instanceKlass org/hibernate/boot/cfgxml/spi/CfgXmlAccessService
instanceKlass org/hibernate/boot/cfgxml/internal/CfgXmlAccessServiceInitiator
instanceKlass org/hibernate/bytecode/internal/ProxyFactoryFactoryInitiator
instanceKlass org/hibernate/bytecode/spi/BytecodeProvider
instanceKlass org/hibernate/bytecode/internal/BytecodeProviderInitiator
instanceKlass org/hibernate/id/factory/IdentifierGeneratorFactory
instanceKlass org/hibernate/id/factory/internal/StandardIdentifierGeneratorFactoryInitiator
instanceKlass org/hibernate/boot/spi/SessionFactoryBuilderService
instanceKlass org/hibernate/boot/internal/DefaultSessionFactoryBuilderInitiator
instanceKlass org/hibernate/boot/registry/StandardServiceInitiator
instanceKlass org/hibernate/service/spi/ServiceInitiator
instanceKlass org/hibernate/service/StandardServiceInitiators
instanceKlass org/hibernate/boot/cfgxml/internal/ConfigLoader$1
instanceKlass org/hibernate/internal/util/ValueHolder$1
instanceKlass org/hibernate/internal/util/ValueHolder
instanceKlass org/hibernate/internal/util/ValueHolder$DeferredInitializer
instanceKlass org/hibernate/boot/cfgxml/internal/ConfigLoader
instanceKlass org/hibernate/boot/cfgxml/spi/LoadedConfig
instanceKlass org/hibernate/boot/registry/StandardServiceRegistry
instanceKlass org/hibernate/boot/registry/StandardServiceRegistryBuilder
instanceKlass org/hibernate/service/spi/ServiceBinding
instanceKlass org/hibernate/boot/registry/selector/StrategyRegistrationProvider
instanceKlass org/hibernate/type/format/jaxb/JaxbXmlFormatMapper
instanceKlass org/hibernate/type/format/jackson/JacksonXmlFormatMapper
instanceKlass org/hibernate/type/format/AbstractJsonFormatMapper
instanceKlass org/hibernate/type/format/FormatMapper
instanceKlass org/hibernate/cache/internal/SimpleCacheKeysFactory
instanceKlass org/hibernate/cache/internal/DefaultCacheKeysFactory
instanceKlass org/hibernate/cache/spi/CacheKeysFactory
instanceKlass org/hibernate/boot/model/relational/ColumnOrderingStrategyLegacy
instanceKlass org/hibernate/boot/model/relational/ColumnOrderingStrategyStandard
instanceKlass org/hibernate/boot/model/relational/ColumnOrderingStrategy
instanceKlass org/hibernate/id/enhanced/LegacyNamingStrategy
instanceKlass org/hibernate/id/enhanced/SingleNamingStrategy
instanceKlass org/hibernate/id/enhanced/StandardNamingStrategy
instanceKlass org/hibernate/id/enhanced/ImplicitDatabaseObjectNamingStrategy
instanceKlass org/hibernate/query/sqm/mutation/internal/cte/CteMutationStrategy
instanceKlass org/hibernate/query/sqm/mutation/spi/SqmMultiTableMutationStrategy
instanceKlass org/hibernate/query/sqm/mutation/internal/temptable/PersistentTableStrategy
instanceKlass org/hibernate/query/sqm/mutation/internal/temptable/LocalTemporaryTableStrategy
instanceKlass org/hibernate/query/sqm/mutation/internal/temptable/GlobalTemporaryTableStrategy
instanceKlass org/hibernate/query/sqm/mutation/internal/cte/CteInsertStrategy
instanceKlass org/hibernate/query/sqm/mutation/spi/SqmMultiTableInsertStrategy
instanceKlass org/hibernate/resource/transaction/backend/jta/internal/JtaTransactionCoordinatorBuilderImpl
instanceKlass org/hibernate/service/spi/ServiceRegistryAwareService
instanceKlass  @bci org/hibernate/boot/registry/selector/internal/StrategySelectorImpl registerStrategyImplementor (Ljava/lang/Class;Ljava/lang/String;Ljava/lang/Class;)V 5 <appendix> argL0 ; # org/hibernate/boot/registry/selector/internal/StrategySelectorImpl$$Lambda+0x0000020a28552e10
instanceKlass org/hibernate/resource/transaction/backend/jdbc/internal/JdbcResourceLocalTransactionCoordinatorBuilderImpl
instanceKlass org/hibernate/resource/transaction/spi/TransactionCoordinatorBuilder
instanceKlass org/hibernate/boot/registry/selector/internal/DefaultJtaPlatformSelector
instanceKlass org/hibernate/boot/registry/selector/internal/DefaultDialectSelector
instanceKlass org/hibernate/boot/registry/selector/internal/AggregatedDialectSelector
instanceKlass org/hibernate/boot/registry/selector/spi/DialectSelector
instanceKlass org/hibernate/dialect/Dialect
instanceKlass org/hibernate/boot/model/FunctionContributor
instanceKlass org/hibernate/boot/model/TypeContributor
instanceKlass org/hibernate/exception/spi/ConversionContext
instanceKlass  @bci org/hibernate/boot/registry/selector/internal/StrategySelectorImpl <clinit> ()V 8 <appendix> argL0 ; # org/hibernate/boot/registry/selector/internal/StrategySelectorImpl$$Lambda+0x0000020a28550ce8
instanceKlass org/hibernate/boot/registry/selector/spi/StrategyCreator
instanceKlass org/hibernate/boot/registry/selector/internal/StrategySelectorImpl
instanceKlass org/hibernate/boot/registry/internal/BootstrapServiceRegistryImpl
instanceKlass org/hibernate/service/spi/ServiceBinding$ServiceLifecycleOwner
instanceKlass org/hibernate/service/spi/ServiceRegistryImplementor
instanceKlass org/hibernate/boot/registry/classloading/internal/AggregatedClassLoader$4
instanceKlass org/hibernate/boot/registry/classloading/internal/AggregatedClassLoader$2
instanceKlass org/hibernate/boot/registry/classloading/internal/AggregatedServiceLoader
instanceKlass org/hibernate/cache/internal/CollectionCacheInvalidator
instanceKlass org/hibernate/event/spi/PostUpdateEventListener
instanceKlass org/hibernate/event/spi/PostDeleteEventListener
instanceKlass org/hibernate/event/spi/PostInsertEventListener
instanceKlass org/hibernate/event/spi/PostActionEventListener
instanceKlass org/hibernate/boot/beanvalidation/ActivationContext
instanceKlass org/hibernate/boot/beanvalidation/BeanValidationIntegrator
instanceKlass org/hibernate/integrator/spi/Integrator
instanceKlass org/hibernate/integrator/internal/IntegratorServiceImpl
instanceKlass org/hibernate/boot/registry/classloading/internal/ClassLoaderServiceImpl$1
instanceKlass org/hibernate/internal/CoreLogging
instanceKlass org/hibernate/boot/registry/classloading/internal/ClassLoaderServiceImpl
instanceKlass org/hibernate/boot/registry/selector/spi/StrategySelector
instanceKlass org/hibernate/boot/registry/selector/internal/LazyServiceResolver
instanceKlass org/hibernate/boot/registry/selector/StrategyRegistration
instanceKlass org/hibernate/boot/registry/selector/internal/StrategySelectorBuilder
instanceKlass org/hibernate/boot/registry/BootstrapServiceRegistry
instanceKlass org/hibernate/integrator/spi/IntegratorService
instanceKlass org/hibernate/boot/registry/classloading/spi/ClassLoaderService
instanceKlass org/hibernate/boot/ResourceStreamLocator
instanceKlass org/hibernate/boot/ResourceLocator
instanceKlass org/hibernate/boot/registry/BootstrapServiceRegistryBuilder
instanceKlass org/slf4j/helpers/FormattingTuple
instanceKlass org/slf4j/helpers/NormalizedParameters
instanceKlass org/slf4j/helpers/MessageFormatter
# instanceKlass java/lang/invoke/LambdaForm$MH+0x0000020a2854a800
# instanceKlass java/lang/invoke/LambdaForm$MH+0x0000020a2854a400
# instanceKlass java/lang/invoke/LambdaForm$MH+0x0000020a2854a000
# instanceKlass java/lang/invoke/LambdaForm$MH+0x0000020a28549c00
# instanceKlass java/lang/invoke/LambdaForm$MH+0x0000020a28549800
# instanceKlass java/lang/invoke/LambdaForm$MH+0x0000020a28549400
# instanceKlass java/lang/invoke/LambdaForm$MH+0x0000020a28549000
# instanceKlass java/lang/invoke/LambdaForm$MH+0x0000020a28548c00
# instanceKlass java/lang/invoke/LambdaForm$BMH+0x0000020a28548800
# instanceKlass java/lang/invoke/LambdaForm$DMH+0x0000020a28548400
# instanceKlass java/lang/invoke/LambdaForm$DMH+0x0000020a28548000
instanceKlass org/hibernate/jpa/internal/util/LogHelper
instanceKlass org/hibernate/bytecode/spi/ClassTransformer
instanceKlass jakarta/persistence/spi/ClassTransformer
instanceKlass org/hibernate/jpa/boot/internal/PersistenceUnitInfoDescriptor
instanceKlass org/hibernate/internal/EntityManagerMessageLogger
instanceKlass org/hibernate/internal/CoreMessageLogger
instanceKlass org/hibernate/internal/HEMLogging
instanceKlass org/hibernate/bytecode/enhance/spi/EnhancementContext
instanceKlass org/hibernate/proxy/EntityNotFoundDelegate
instanceKlass org/hibernate/boot/archive/scan/spi/ScanOptions
instanceKlass org/hibernate/boot/archive/scan/spi/ScanEnvironment
instanceKlass org/hibernate/boot/MetadataBuilder
instanceKlass org/hibernate/boot/Metadata
instanceKlass org/hibernate/engine/spi/Mapping
instanceKlass org/hibernate/tool/schema/spi/DelayedDropRegistry
instanceKlass org/hibernate/service/ServiceRegistry
instanceKlass org/hibernate/jpa/boot/internal/EntityManagerFactoryBuilderImpl
instanceKlass org/hibernate/jpa/boot/spi/EntityManagerFactoryBuilder
instanceKlass  @bci org/springframework/orm/jpa/AbstractEntityManagerFactoryBean afterPropertiesSet ()V 61 <appendix> member <vmtarget> ; # org/springframework/orm/jpa/AbstractEntityManagerFactoryBean$$Lambda+0x0000020a28540000
instanceKlass org/springframework/orm/jpa/vendor/HibernateJpaVendorAdapter$1
instanceKlass  @bci org/springframework/orm/jpa/persistenceunit/DefaultPersistenceUnitManager applyManagedTypes (Lorg/springframework/orm/jpa/persistenceunit/SpringPersistenceUnitInfo;Lorg/springframework/orm/jpa/persistenceunit/PersistenceManagedTypes;)V 34 <appendix> member <vmtarget> ; # org/springframework/orm/jpa/persistenceunit/DefaultPersistenceUnitManager$$Lambda+0x0000020a2853b420
instanceKlass  @bci org/springframework/orm/jpa/persistenceunit/DefaultPersistenceUnitManager applyManagedTypes (Lorg/springframework/orm/jpa/persistenceunit/SpringPersistenceUnitInfo;Lorg/springframework/orm/jpa/persistenceunit/PersistenceManagedTypes;)V 12 <appendix> member <vmtarget> ; # org/springframework/orm/jpa/persistenceunit/DefaultPersistenceUnitManager$$Lambda+0x0000020a2853b1f0
instanceKlass org/springframework/orm/jpa/persistenceunit/PersistenceUnitReader
instanceKlass java/lang/instrument/ClassFileTransformer
instanceKlass org/springframework/instrument/classloading/InstrumentationLoadTimeWeaver
instanceKlass org/springframework/jdbc/datasource/lookup/SingleDataSourceLookup
instanceKlass org/springframework/orm/jpa/persistenceunit/MutablePersistenceUnitInfo
instanceKlass org/springframework/orm/jpa/persistenceunit/SmartPersistenceUnitInfo
instanceKlass org/springframework/instrument/classloading/LoadTimeWeaver
instanceKlass org/springframework/orm/jpa/persistenceunit/DefaultPersistenceUnitManager
instanceKlass org/springframework/jdbc/datasource/lookup/DataSourceLookup
instanceKlass org/springframework/boot/jdbc/metadata/AbstractDataSourcePoolMetadata
instanceKlass org/springframework/jdbc/datasource/DelegatingDataSource
instanceKlass org/springframework/boot/jdbc/DataSourceUnwrapper
instanceKlass org/hibernate/engine/transaction/jta/platform/internal/NoJtaPlatform
instanceKlass org/hibernate/engine/transaction/jta/platform/spi/JtaPlatform
instanceKlass org/hibernate/service/Service
instanceKlass org/hibernate/resource/beans/container/spi/ContainedBean
instanceKlass org/springframework/orm/hibernate5/SpringBeanContainer
instanceKlass  @bci org/springframework/boot/autoconfigure/orm/jpa/HibernateProperties getAdditionalProperties (Ljava/util/Map;Lorg/springframework/boot/autoconfigure/orm/jpa/HibernateSettings;)Ljava/util/Map; 98 <appendix> member <vmtarget> ; # org/springframework/boot/autoconfigure/orm/jpa/HibernateProperties$$Lambda+0x0000020a28537678
instanceKlass  @bci org/springframework/boot/autoconfigure/orm/jpa/HibernateProperties getAdditionalProperties (Ljava/util/Map;Lorg/springframework/boot/autoconfigure/orm/jpa/HibernateSettings;)Ljava/util/Map; 30 <appendix> member <vmtarget> ; # org/springframework/boot/autoconfigure/orm/jpa/HibernateProperties$$Lambda+0x0000020a28537458
instanceKlass  @bci org/springframework/boot/autoconfigure/orm/jpa/HibernateProperties$Naming applyNamingStrategies (Ljava/util/Map;)V 38 <appendix> member <vmtarget> ; # org/springframework/boot/autoconfigure/orm/jpa/HibernateProperties$Naming$$Lambda+0x0000020a28537238
instanceKlass org/hibernate/boot/model/naming/CamelCaseToUnderscoresNamingStrategy
instanceKlass  @bci org/springframework/boot/autoconfigure/orm/jpa/HibernateProperties$Naming applyNamingStrategy (Ljava/util/Map;Ljava/lang/String;Ljava/lang/Object;Ljava/util/function/Supplier;)V 20 <appendix> member <vmtarget> ; # org/springframework/boot/autoconfigure/orm/jpa/HibernateProperties$Naming$$Lambda+0x0000020a28536d78
instanceKlass  @bci org/springframework/boot/autoconfigure/orm/jpa/HibernateProperties$Naming applyNamingStrategies (Ljava/util/Map;)V 15 <appendix> member <vmtarget> ; # org/springframework/boot/autoconfigure/orm/jpa/HibernateProperties$Naming$$Lambda+0x0000020a28536b58
instanceKlass org/hibernate/boot/model/naming/ImplicitNamingStrategyJpaCompliantImpl
instanceKlass org/hibernate/boot/archive/scan/internal/DisabledScanner
instanceKlass org/hibernate/boot/archive/scan/spi/Scanner
instanceKlass  @bci org/springframework/boot/autoconfigure/orm/jpa/HibernateJpaConfiguration getVendorProperties ()Ljava/util/Map; 1 <appendix> member <vmtarget> ; # org/springframework/boot/autoconfigure/orm/jpa/HibernateJpaConfiguration$$Lambda+0x0000020a28535ed0
# instanceKlass java/lang/invoke/LambdaForm$MH+0x0000020a2853a000
# instanceKlass java/lang/invoke/LambdaForm$MH+0x0000020a28539c00
# instanceKlass java/lang/invoke/LambdaForm$MH+0x0000020a28539800
# instanceKlass java/lang/invoke/LambdaForm$MH+0x0000020a28539400
instanceKlass org/springframework/orm/jpa/persistenceunit/SimplePersistenceManagedTypes
instanceKlass org/springframework/orm/jpa/persistenceunit/PersistenceManagedTypesScanner$ScanResult
instanceKlass  @bci org/springframework/orm/jpa/persistenceunit/PersistenceManagedTypesScanner <init> (Lorg/springframework/core/io/ResourceLoader;Lorg/springframework/orm/jpa/persistenceunit/ManagedClassNameFilter;)V 34 <appendix> argL0 ; # org/springframework/orm/jpa/persistenceunit/PersistenceManagedTypesScanner$$Lambda+0x0000020a28535860
instanceKlass jakarta/persistence/Converter
instanceKlass jakarta/persistence/MappedSuperclass
instanceKlass org/springframework/orm/jpa/persistenceunit/PersistenceManagedTypesScanner
instanceKlass org/springframework/boot/autoconfigure/domain/EntityScanPackages
# instanceKlass java/lang/invoke/LambdaForm$MH+0x0000020a28539000
# instanceKlass java/lang/invoke/LambdaForm$MH+0x0000020a28538c00
instanceKlass org/springframework/orm/jpa/persistenceunit/ManagedClassNameFilter
instanceKlass org/springframework/boot/orm/jpa/EntityManagerFactoryBuilder$Builder
instanceKlass org/springframework/orm/jpa/persistenceunit/PersistenceUnitPostProcessor
instanceKlass  @bci org/springframework/boot/autoconfigure/orm/jpa/JpaBaseConfiguration entityManagerFactoryBuilder (Lorg/springframework/orm/jpa/JpaVendorAdapter;Lorg/springframework/beans/factory/ObjectProvider;Lorg/springframework/beans/factory/ObjectProvider;)Lorg/springframework/boot/orm/jpa/EntityManagerFactoryBuilder; 34 <appendix> member <vmtarget> ; # org/springframework/boot/autoconfigure/orm/jpa/JpaBaseConfiguration$$Lambda+0x0000020a28534640
# instanceKlass java/lang/invoke/LambdaForm$MH+0x0000020a28538800
# instanceKlass java/lang/invoke/LambdaForm$MH+0x0000020a28538400
# instanceKlass java/lang/invoke/LambdaForm$MH+0x0000020a28538000
instanceKlass jakarta/persistence/spi/PersistenceUnitInfo
instanceKlass org/hibernate/jpa/HibernatePersistenceProvider$1
instanceKlass org/hibernate/jpa/internal/util/PersistenceUtilHelper
instanceKlass org/hibernate/jpa/internal/util/PersistenceUtilHelper$MetadataCache
instanceKlass org/hibernate/jpa/boot/spi/PersistenceUnitDescriptor
instanceKlass jakarta/persistence/spi/ProviderUtil
instanceKlass org/hibernate/jpa/HibernatePersistenceProvider
instanceKlass org/springframework/jdbc/support/AbstractFallbackSQLExceptionTranslator
instanceKlass org/springframework/jdbc/datasource/ConnectionHandle
instanceKlass org/springframework/jdbc/support/SQLExceptionTranslator
instanceKlass org/springframework/orm/jpa/DefaultJpaDialect
instanceKlass org/springframework/orm/jpa/JpaDialect
instanceKlass jakarta/persistence/spi/PersistenceProvider
instanceKlass org/springframework/orm/jpa/persistenceunit/PersistenceUnitManager
instanceKlass  @bci org/springframework/boot/autoconfigure/orm/jpa/HibernateJpaConfiguration determineHibernatePropertiesCustomizers (Lorg/hibernate/boot/model/naming/PhysicalNamingStrategy;Lorg/hibernate/boot/model/naming/ImplicitNamingStrategy;Lorg/springframework/beans/factory/config/ConfigurableListableBeanFactory;Ljava/util/List;)Ljava/util/List; 27 <appendix> member <vmtarget> ; # org/springframework/boot/autoconfigure/orm/jpa/HibernateJpaConfiguration$$Lambda+0x0000020a2852b7b8
instanceKlass org/hibernate/resource/beans/container/spi/BeanContainer
instanceKlass org/hibernate/service/spi/Stoppable
instanceKlass  @bci org/springframework/boot/autoconfigure/jdbc/metadata/DataSourcePoolMetadataProvidersConfiguration$HikariPoolDataSourceMetadataProviderConfiguration hikariPoolDataSourceMetadataProvider ()Lorg/springframework/boot/jdbc/metadata/DataSourcePoolMetadataProvider; 0 <appendix> argL0 ; # org/springframework/boot/autoconfigure/jdbc/metadata/DataSourcePoolMetadataProvidersConfiguration$HikariPoolDataSourceMetadataProviderConfiguration$$Lambda+0x0000020a2852b1b0
instanceKlass org/springframework/boot/jdbc/metadata/CompositeDataSourcePoolMetadataProvider
instanceKlass org/springframework/boot/autoconfigure/orm/jpa/HibernateDefaultDdlAutoProvider
# instanceKlass java/lang/invoke/LambdaForm$MH+0x0000020a2852d800
# instanceKlass java/lang/invoke/LambdaForm$MH+0x0000020a2852d400
# instanceKlass java/lang/invoke/LambdaForm$MH+0x0000020a2852d000
# instanceKlass java/lang/invoke/LambdaForm$MH+0x0000020a2852cc00
# instanceKlass java/lang/invoke/LambdaForm$MH+0x0000020a2852c800
# instanceKlass java/lang/invoke/LambdaForm$MH+0x0000020a2852c400
# instanceKlass java/lang/invoke/LambdaForm$DMH+0x0000020a2852c000
instanceKlass org/springframework/boot/jdbc/SchemaManagementProvider
instanceKlass  @bci org/springframework/boot/sql/init/AbstractScriptDatabaseInitializer$ScriptLocationResolver resolve (Ljava/lang/String;)Ljava/util/List; 22 <appendix> argL0 ; # org/springframework/boot/sql/init/AbstractScriptDatabaseInitializer$ScriptLocationResolver$$Lambda+0x0000020a2852a4f0
instanceKlass org/springframework/boot/sql/init/AbstractScriptDatabaseInitializer$ScriptLocationResolver
instanceKlass org/springframework/boot/sql/init/AbstractScriptDatabaseInitializer$Scripts
instanceKlass org/springframework/jdbc/datasource/init/ResourceDatabasePopulator
instanceKlass org/springframework/boot/sql/init/DatabaseInitializationSettings
instanceKlass org/springframework/boot/autoconfigure/sql/init/SettingsCreator
instanceKlass java/sql/ShardingKeyBuilder
instanceKlass java/sql/ConnectionBuilder
instanceKlass com/zaxxer/hikari/metrics/MetricsTrackerFactory
instanceKlass com/zaxxer/hikari/pool/PoolBase
instanceKlass com/zaxxer/hikari/util/ConcurrentBag$IBagStateListener
instanceKlass java/net/SocketImplFactory
instanceKlass java/sql/DriverInfo
instanceKlass java/sql/DriverManager
instanceKlass  @bci java/util/ResourceBundle$Control newBundle0 (Ljava/lang/String;Ljava/lang/String;Ljava/lang/ClassLoader;Z)Ljava/util/ResourceBundle; 172 <appendix> member <vmtarget> ; # java/util/ResourceBundle$Control$$Lambda+0x0000020a284e9620
instanceKlass java/util/ResourceBundle$Control$1
instanceKlass com/microsoft/sqlserver/jdbc/SQLServerDriverPropertyInfo
instanceKlass com/microsoft/sqlserver/jdbc/Util
instanceKlass java/sql/Connection
instanceKlass  @bci org/springframework/boot/jdbc/DataSourceBuilder$MappedDataSourceProperties getMapping (Lorg/springframework/boot/jdbc/DataSourceBuilder$DataSourceProperty;)Lorg/springframework/boot/jdbc/DataSourceBuilder$MappedDataSourceProperty; 31 <appendix> member <vmtarget> ; # org/springframework/boot/jdbc/DataSourceBuilder$MappedDataSourceProperties$$Lambda+0x0000020a28523290
instanceKlass com/zaxxer/hikari/HikariPoolMXBean
instanceKlass  @bci org/springframework/boot/autoconfigure/jdbc/DataSourceProperties determineDriverClassName ()Ljava/lang/String; 15 <appendix> member <vmtarget> ; # org/springframework/boot/autoconfigure/jdbc/DataSourceProperties$$Lambda+0x0000020a28522c20
instanceKlass com/microsoft/sqlserver/jdbc/SQLServerDriver
instanceKlass java/sql/Driver
instanceKlass sun/security/util/ManifestEntryVerifier$SunProviderHolder
instanceKlass java/util/Base64$Encoder
instanceKlass java/util/Base64$Decoder
instanceKlass java/util/Base64
instanceKlass javax/crypto/SecretKey
instanceKlass sun/security/util/Length
instanceKlass sun/security/util/KeyUtil
instanceKlass java/security/interfaces/XECKey
instanceKlass java/security/interfaces/ECKey
instanceKlass sun/security/util/JarConstraintsParameters
instanceKlass sun/security/util/ConstraintsParameters
instanceKlass java/security/CodeSigner
instanceKlass java/security/Timestamp
instanceKlass sun/security/timestamp/TimestampToken
instanceKlass java/security/cert/CertPath
instanceKlass java/math/MutableBigInteger
instanceKlass sun/security/rsa/RSAPadding
instanceKlass sun/security/rsa/RSACore
instanceKlass java/security/interfaces/RSAPrivateCrtKey
instanceKlass sun/security/pkcs/PKCS8Key
instanceKlass sun/security/util/InternalPrivateKey
instanceKlass jdk/internal/icu/util/CodePointTrie$Data
instanceKlass jdk/internal/icu/util/CodePointMap
instanceKlass jdk/internal/icu/util/VersionInfo
instanceKlass jdk/internal/icu/impl/ICUBinary$1
instanceKlass jdk/internal/icu/impl/ICUBinary
instanceKlass jdk/internal/icu/impl/NormalizerImpl$IsAcceptable
instanceKlass jdk/internal/icu/impl/ICUBinary$Authenticate
instanceKlass jdk/internal/icu/impl/NormalizerImpl
instanceKlass jdk/internal/icu/impl/Norm2AllModes$Norm2AllModesSingleton
instanceKlass jdk/internal/icu/impl/Norm2AllModes$NFKCSingleton
instanceKlass jdk/internal/icu/impl/Norm2AllModes
instanceKlass jdk/internal/icu/text/Normalizer2
instanceKlass jdk/internal/icu/text/NormalizerBase$ModeImpl
instanceKlass jdk/internal/icu/text/NormalizerBase$NFKDModeImpl
instanceKlass jdk/internal/icu/text/NormalizerBase$1
instanceKlass jdk/internal/icu/text/NormalizerBase$Mode
instanceKlass jdk/internal/icu/text/NormalizerBase
instanceKlass java/text/Normalizer
instanceKlass sun/security/x509/AVAKeyword
instanceKlass sun/security/jca/ServiceId
instanceKlass java/security/Signature$1
instanceKlass jdk/internal/access/JavaSecuritySignatureAccess
instanceKlass java/security/SignatureSpi
instanceKlass sun/security/util/SignatureUtil
instanceKlass sun/security/pkcs/PKCS9Attribute
instanceKlass sun/security/pkcs/PKCS9Attributes
instanceKlass sun/security/util/DisabledAlgorithmConstraints$Constraints$Holder
instanceKlass sun/security/util/DisabledAlgorithmConstraints$Constraint
instanceKlass sun/security/util/DisabledAlgorithmConstraints$Constraints
instanceKlass sun/security/util/AbstractAlgorithmConstraints$1
instanceKlass sun/security/util/AlgorithmDecomposer
instanceKlass sun/security/util/DisabledAlgorithmConstraints$JarHolder
instanceKlass sun/security/util/AbstractAlgorithmConstraints
instanceKlass java/security/AlgorithmConstraints
instanceKlass sun/security/pkcs/SignerInfo
instanceKlass java/security/cert/PolicyQualifierInfo
instanceKlass sun/security/x509/CertificatePolicyId
instanceKlass sun/security/x509/PolicyInformation
instanceKlass sun/security/x509/DistributionPoint
instanceKlass sun/security/x509/DNSName
instanceKlass sun/security/x509/URIName
instanceKlass sun/security/x509/GeneralName
instanceKlass sun/security/x509/AccessDescription
instanceKlass sun/security/x509/GeneralNames
instanceKlass jdk/internal/event/EventHelper
instanceKlass sun/security/jca/JCAUtil
instanceKlass sun/security/util/MemoryCache$CacheEntry
instanceKlass sun/security/x509/KeyIdentifier
instanceKlass sun/security/x509/OIDMap$OIDInfo
instanceKlass sun/security/x509/PKIXExtensions
instanceKlass sun/security/x509/OIDMap
instanceKlass sun/security/x509/Extension
instanceKlass java/security/cert/Extension
instanceKlass sun/security/x509/CertificateExtensions
instanceKlass sun/security/rsa/RSAUtil
instanceKlass  @bci java/security/spec/EncodedKeySpec <clinit> ()V 0 <appendix> argL0 ; # java/security/spec/EncodedKeySpec$$Lambda+0x0000020a284d60e8
instanceKlass jdk/internal/access/JavaSecuritySpecAccess
instanceKlass sun/security/util/BitArray
instanceKlass sun/security/x509/X509Key
instanceKlass sun/security/x509/CertificateX509Key
instanceKlass sun/security/x509/CertificateValidity
instanceKlass sun/security/x509/AVA
instanceKlass sun/security/x509/RDN
instanceKlass javax/security/auth/x500/X500Principal
instanceKlass  @bci sun/security/x509/X500Name <clinit> ()V 153 <appendix> argL0 ; # sun/security/x509/X500Name$$Lambda+0x0000020a284d4840
instanceKlass sun/security/x509/X500Name
instanceKlass sun/security/x509/GeneralNameInterface
instanceKlass sun/security/x509/CertificateAlgorithmId
instanceKlass sun/security/x509/SerialNumber
instanceKlass sun/security/x509/CertificateSerialNumber
instanceKlass sun/security/x509/CertificateVersion
instanceKlass sun/security/x509/X509CertInfo
instanceKlass sun/security/util/Cache$EqualByteArray
instanceKlass java/security/cert/X509Extension
instanceKlass  @bci sun/security/util/DerInputStream seeOptionalContextSpecific (I)Z 2 <appendix> member <vmtarget> ; # sun/security/util/DerInputStream$$Lambda+0x0000020a284d25e8
instanceKlass  @cpi org/springframework/data/repository/query/SpelQueryContext$QuotationMap 151 form vmentry <vmtarget> ; # java/lang/invoke/LambdaForm$DMH+0x0000020a28524c00
instanceKlass sun/security/util/DerValue
instanceKlass sun/security/pkcs/ContentInfo
instanceKlass sun/security/util/DerInputStream
instanceKlass sun/security/pkcs/PKCS7
instanceKlass  @bci sun/security/util/ManifestDigester <init> ([B)V 350 <appendix> argL0 ; # sun/security/util/ManifestDigester$$Lambda+0x0000020a284d12f0
instanceKlass sun/security/util/ManifestDigester$Section
instanceKlass sun/security/util/ManifestDigester$Entry
instanceKlass sun/security/util/ManifestDigester$Position
instanceKlass sun/security/util/ManifestDigester
instanceKlass sun/security/util/ManifestEntryVerifier
instanceKlass jdk/internal/misc/ThreadTracker
instanceKlass java/util/jar/JarFile$ThreadTrackHolder
instanceKlass java/util/jar/JarVerifier
instanceKlass org/springframework/boot/autoconfigure/jdbc/DataSourceConfiguration
# instanceKlass java/lang/invoke/LambdaForm$MH+0x0000020a28524800
# instanceKlass java/lang/invoke/LambdaForm$MH+0x0000020a28524400
# instanceKlass java/lang/invoke/LambdaForm$MH+0x0000020a28524000
instanceKlass org/springframework/boot/jdbc/EmbeddedDatabaseConnection$1
instanceKlass org/springframework/jdbc/core/ConnectionCallback
instanceKlass sun/reflect/generics/reflectiveObjects/GenericArrayTypeImpl
instanceKlass java/lang/SafeVarargs
instanceKlass org/springframework/data/repository/core/support/MethodLookup$MethodPredicate
instanceKlass org/springframework/data/repository/core/support/MethodLookup
instanceKlass org/springframework/data/repository/core/support/MethodLookup$InvokedMethod
instanceKlass  @bci org/springframework/data/repository/core/support/RepositoryFragmentsFactoryBean afterPropertiesSet ()V 10 <appendix> member <vmtarget> ; # org/springframework/data/repository/core/support/RepositoryFragmentsFactoryBean$$Lambda+0x0000020a28520000
instanceKlass org/apache/catalina/loader/WebappClassLoaderBase$CombinedEnumeration
instanceKlass  @bci org/springframework/core/annotation/AnnotationUtils getAnnotation (Ljava/lang/annotation/Annotation;Ljava/lang/Class;)Ljava/lang/annotation/Annotation; 49 <appendix> argL0 ; # org/springframework/core/annotation/AnnotationUtils$$Lambda+0x0000020a2851da28
instanceKlass org/springframework/data/querydsl/SimpleEntityPathResolver
instanceKlass  @bci org/springframework/data/jpa/repository/support/JpaRepositoryFactoryBean setEntityPathResolver (Lorg/springframework/beans/factory/ObjectProvider;)V 2 <appendix> argL0 ; # org/springframework/data/jpa/repository/support/JpaRepositoryFactoryBean$$Lambda+0x0000020a2851fcd8
instanceKlass org/springframework/data/repository/query/QueryMethod
instanceKlass org/springframework/data/repository/query/QueryMethodEvaluationContextProvider
instanceKlass org/springframework/data/repository/core/EntityInformation
instanceKlass org/springframework/data/repository/core/EntityMetadata
instanceKlass org/springframework/data/mapping/PersistentEntity
instanceKlass org/springframework/data/repository/core/RepositoryInformation
instanceKlass org/springframework/data/jpa/repository/query/JpaQueryMethodFactory
instanceKlass jakarta/servlet/FilterConfig
instanceKlass jakarta/servlet/FilterChain
instanceKlass org/springframework/boot/web/servlet/ServletContextInitializerBeans$Seen
instanceKlass org/springframework/boot/web/servlet/ServletContextInitializerBeans$RegistrationBeanAdapter
instanceKlass org/springframework/web/context/support/ServletContextScope
instanceKlass  @bci org/springframework/security/web/header/writers/HstsHeaderWriter updateHstsHeaderValue ()V 4 <appendix> form vmentry <vmtarget> ; # java/lang/invoke/LambdaForm$MH+0x0000020a2851d400
instanceKlass  @bci org/springframework/security/web/header/writers/HstsHeaderWriter updateHstsHeaderValue ()V 4 <appendix> argL3 form vmentry <vmtarget> ; # java/lang/invoke/LambdaForm$MH+0x0000020a2851d000
# instanceKlass java/lang/invoke/LambdaForm$MH+0x0000020a2851cc00
# instanceKlass java/lang/invoke/LambdaForm$MH+0x0000020a2851c800
# instanceKlass java/lang/invoke/LambdaForm$MH+0x0000020a2851c400
instanceKlass  @bci org/springframework/boot/web/servlet/server/AbstractServletWebServerFactory$SessionConfiguringInitializer configureSessionCookie (Ljakarta/servlet/SessionCookieConfig;)V 189 <appendix> member <vmtarget> ; # org/springframework/boot/web/servlet/server/AbstractServletWebServerFactory$SessionConfiguringInitializer$$Lambda+0x0000020a2851b468
instanceKlass  @bci org/springframework/boot/web/servlet/server/AbstractServletWebServerFactory$SessionConfiguringInitializer configureSessionCookie (Ljakarta/servlet/SessionCookieConfig;)V 175 <appendix> argL0 ; # org/springframework/boot/web/servlet/server/AbstractServletWebServerFactory$SessionConfiguringInitializer$$Lambda+0x0000020a2851b230
instanceKlass  @bci org/springframework/boot/web/servlet/server/AbstractServletWebServerFactory$SessionConfiguringInitializer configureSessionCookie (Ljakarta/servlet/SessionCookieConfig;)V 167 <appendix> member <vmtarget> ; # org/springframework/boot/web/servlet/server/AbstractServletWebServerFactory$SessionConfiguringInitializer$$Lambda+0x0000020a2851b010
instanceKlass  @bci org/springframework/boot/web/servlet/server/AbstractServletWebServerFactory$SessionConfiguringInitializer configureSessionCookie (Ljakarta/servlet/SessionCookieConfig;)V 152 <appendix> member <vmtarget> ; # org/springframework/boot/web/servlet/server/AbstractServletWebServerFactory$SessionConfiguringInitializer$$Lambda+0x0000020a2851ade0
instanceKlass  @bci org/springframework/boot/web/servlet/server/AbstractServletWebServerFactory$SessionConfiguringInitializer configureSessionCookie (Ljakarta/servlet/SessionCookieConfig;)V 138 <appendix> member <vmtarget> ; # org/springframework/boot/web/servlet/server/AbstractServletWebServerFactory$SessionConfiguringInitializer$$Lambda+0x0000020a2851abc0
instanceKlass  @bci org/springframework/boot/web/servlet/server/AbstractServletWebServerFactory$SessionConfiguringInitializer configureSessionCookie (Ljakarta/servlet/SessionCookieConfig;)V 123 <appendix> member <vmtarget> ; # org/springframework/boot/web/servlet/server/AbstractServletWebServerFactory$SessionConfiguringInitializer$$Lambda+0x0000020a2851a990
instanceKlass  @bci org/springframework/boot/web/servlet/server/AbstractServletWebServerFactory$SessionConfiguringInitializer configureSessionCookie (Ljakarta/servlet/SessionCookieConfig;)V 109 <appendix> member <vmtarget> ; # org/springframework/boot/web/servlet/server/AbstractServletWebServerFactory$SessionConfiguringInitializer$$Lambda+0x0000020a2851a770
instanceKlass  @bci org/springframework/boot/web/servlet/server/AbstractServletWebServerFactory$SessionConfiguringInitializer configureSessionCookie (Ljakarta/servlet/SessionCookieConfig;)V 94 <appendix> member <vmtarget> ; # org/springframework/boot/web/servlet/server/AbstractServletWebServerFactory$SessionConfiguringInitializer$$Lambda+0x0000020a2851a540
instanceKlass  @bci org/springframework/boot/web/servlet/server/AbstractServletWebServerFactory$SessionConfiguringInitializer configureSessionCookie (Ljakarta/servlet/SessionCookieConfig;)V 80 <appendix> member <vmtarget> ; # org/springframework/boot/web/servlet/server/AbstractServletWebServerFactory$SessionConfiguringInitializer$$Lambda+0x0000020a2851a320
instanceKlass  @bci org/springframework/boot/web/servlet/server/AbstractServletWebServerFactory$SessionConfiguringInitializer configureSessionCookie (Ljakarta/servlet/SessionCookieConfig;)V 65 <appendix> member <vmtarget> ; # org/springframework/boot/web/servlet/server/AbstractServletWebServerFactory$SessionConfiguringInitializer$$Lambda+0x0000020a2851a0f0
instanceKlass  @bci org/springframework/boot/web/servlet/server/AbstractServletWebServerFactory$SessionConfiguringInitializer configureSessionCookie (Ljakarta/servlet/SessionCookieConfig;)V 51 <appendix> member <vmtarget> ; # org/springframework/boot/web/servlet/server/AbstractServletWebServerFactory$SessionConfiguringInitializer$$Lambda+0x0000020a28519ed0
instanceKlass  @bci org/springframework/boot/web/servlet/server/AbstractServletWebServerFactory$SessionConfiguringInitializer configureSessionCookie (Ljakarta/servlet/SessionCookieConfig;)V 36 <appendix> member <vmtarget> ; # org/springframework/boot/web/servlet/server/AbstractServletWebServerFactory$SessionConfiguringInitializer$$Lambda+0x0000020a28519ca0
instanceKlass  @bci org/springframework/boot/web/servlet/server/AbstractServletWebServerFactory$SessionConfiguringInitializer configureSessionCookie (Ljakarta/servlet/SessionCookieConfig;)V 22 <appendix> member <vmtarget> ; # org/springframework/boot/web/servlet/server/AbstractServletWebServerFactory$SessionConfiguringInitializer$$Lambda+0x0000020a28519a80
instanceKlass  @bci org/springframework/boot/web/servlet/server/AbstractServletWebServerFactory lambda$mergeInitializers$1 (Ljakarta/servlet/ServletContext;)V 10 <appendix> member <vmtarget> ; # org/springframework/boot/web/servlet/server/AbstractServletWebServerFactory$$Lambda+0x0000020a28519850
instanceKlass  @cpi org/springframework/boot/web/servlet/server/AbstractServletWebServerFactory 395 form vmentry <vmtarget> ; # java/lang/invoke/LambdaForm$DMH+0x0000020a2851c000
instanceKlass org/apache/tomcat/InstanceManagerBindings
instanceKlass org/apache/catalina/core/DefaultInstanceManager$AnnotationCacheEntry
instanceKlass org/apache/catalina/core/DefaultInstanceManager
instanceKlass org/apache/catalina/Session
instanceKlass  @bci org/springframework/boot/web/servlet/server/StaticResourceJars getUrls ()Ljava/util/List; 58 <appendix> argL0 ; # org/springframework/boot/web/servlet/server/StaticResourceJars$$Lambda+0x0000020a28517180
instanceKlass  @bci org/springframework/boot/web/servlet/server/StaticResourceJars getUrls ()Ljava/util/List; 48 <appendix> member <vmtarget> ; # org/springframework/boot/web/servlet/server/StaticResourceJars$$Lambda+0x0000020a28516f40
instanceKlass  @bci sun/management/spi/PlatformMBeanProvider$PlatformComponent getMBeans (Ljava/lang/Class;)Ljava/util/List; 63 <appendix> member <vmtarget> ; # sun/management/spi/PlatformMBeanProvider$PlatformComponent$$Lambda+0x0000020a284cf968
instanceKlass  @bci sun/management/spi/PlatformMBeanProvider$PlatformComponent getMBeans (Ljava/lang/Class;)Ljava/util/List; 47 <appendix> member <vmtarget> ; # sun/management/spi/PlatformMBeanProvider$PlatformComponent$$Lambda+0x0000020a284cf718
instanceKlass java/util/Collections$2
instanceKlass sun/management/RuntimeImpl
instanceKlass java/util/stream/ReduceOps$2ReducingSink
instanceKlass  @bci java/lang/management/ManagementFactory$PlatformMBeanFinder findSingleton (Ljava/lang/Class;)Lsun/management/spi/PlatformMBeanProvider$PlatformComponent; 30 <appendix> member <vmtarget> ; # java/lang/management/ManagementFactory$PlatformMBeanFinder$$Lambda+0x0000020a284ce950
instanceKlass  @bci java/lang/management/ManagementFactory$PlatformMBeanFinder findSingleton (Ljava/lang/Class;)Lsun/management/spi/PlatformMBeanProvider$PlatformComponent; 19 <appendix> member <vmtarget> ; # java/lang/management/ManagementFactory$PlatformMBeanFinder$$Lambda+0x0000020a284ce700
instanceKlass jdk/management/jfr/internal/FlightRecorderMXBeanProvider$SingleMBeanComponent
instanceKlass jdk/management/jfr/FlightRecorderMXBean
instanceKlass java/lang/management/DefaultPlatformMBeanProvider$11
instanceKlass java/lang/management/DefaultPlatformMBeanProvider$10
instanceKlass java/lang/management/DefaultPlatformMBeanProvider$9
instanceKlass sun/management/ManagementFactoryHelper$LoggingMXBeanAccess$1
instanceKlass sun/management/ManagementFactoryHelper$LoggingMXBeanAccess
instanceKlass java/lang/management/DefaultPlatformMBeanProvider$8
instanceKlass java/lang/management/DefaultPlatformMBeanProvider$7
instanceKlass java/lang/management/DefaultPlatformMBeanProvider$6
instanceKlass java/lang/management/DefaultPlatformMBeanProvider$5
instanceKlass java/lang/management/DefaultPlatformMBeanProvider$4
instanceKlass java/lang/management/DefaultPlatformMBeanProvider$3
instanceKlass java/lang/management/DefaultPlatformMBeanProvider$2
instanceKlass java/lang/management/DefaultPlatformMBeanProvider$1
instanceKlass com/sun/management/internal/PlatformMBeanProviderImpl$5
instanceKlass sun/management/VMManagementImpl
instanceKlass sun/management/VMManagement
instanceKlass sun/management/ManagementFactoryHelper
instanceKlass sun/management/NotificationEmitterSupport
instanceKlass com/sun/management/DiagnosticCommandMBean
instanceKlass com/sun/management/internal/PlatformMBeanProviderImpl$4
instanceKlass com/sun/management/internal/PlatformMBeanProviderImpl$3
instanceKlass com/sun/management/internal/PlatformMBeanProviderImpl$2
instanceKlass com/sun/management/internal/PlatformMBeanProviderImpl$1
instanceKlass sun/management/spi/PlatformMBeanProvider$PlatformComponent
instanceKlass  @bci com/sun/management/internal/PlatformMBeanProviderImpl <clinit> ()V 8 <appendix> argL0 ; # com/sun/management/internal/PlatformMBeanProviderImpl$$Lambda+0x0000020a284c9cd8
instanceKlass sun/management/spi/PlatformMBeanProvider
instanceKlass java/lang/management/ManagementFactory$PlatformMBeanFinder$1
instanceKlass java/lang/management/ManagementFactory$PlatformMBeanFinder
instanceKlass java/lang/management/RuntimeMXBean
instanceKlass java/lang/management/PlatformManagedObject
instanceKlass  @bci java/lang/management/ManagementFactory loadNativeLib ()V 0 <appendix> argL0 ; # java/lang/management/ManagementFactory$$Lambda+0x0000020a284c8e90
instanceKlass java/lang/management/ManagementFactory
instanceKlass org/apache/tomcat/util/descriptor/web/FilterDef
instanceKlass org/apache/catalina/startup/WebAnnotationSet
instanceKlass  @bci org/apache/catalina/loader/WebappLoader startInternal ()V 206 <appendix> form vmentry <vmtarget> ; # java/lang/invoke/LambdaForm$MH+0x0000020a28511800
# instanceKlass java/lang/invoke/LambdaForm$MH+0x0000020a28511400
instanceKlass  @bci org/apache/catalina/loader/WebappLoader startInternal ()V 206 <appendix> argL3 form vmentry <vmtarget> ; # java/lang/invoke/LambdaForm$MH+0x0000020a28511000
# instanceKlass java/lang/invoke/LambdaForm$MH+0x0000020a28510c00
# instanceKlass java/lang/invoke/LambdaForm$MH+0x0000020a28510800
# instanceKlass java/lang/invoke/LambdaForm$MH+0x0000020a28510400
instanceKlass org/apache/catalina/webresources/EmptyResource
instanceKlass org/apache/tomcat/util/compat/JrePlatform
instanceKlass org/apache/catalina/webresources/CachedResource
instanceKlass org/apache/catalina/security/SecurityUtil
instanceKlass org/apache/tomcat/util/http/RequestUtil
instanceKlass org/apache/catalina/webresources/TomcatURLStreamHandlerFactory
instanceKlass java/util/concurrent/atomic/Striped64$1
instanceKlass org/apache/catalina/WebResource
instanceKlass org/apache/catalina/webresources/Cache
instanceKlass org/apache/catalina/core/ApplicationSessionCookieConfig
instanceKlass org/apache/catalina/core/ApplicationContextFacade
instanceKlass jakarta/servlet/RequestDispatcher
instanceKlass jakarta/servlet/FilterRegistration$Dynamic
instanceKlass jakarta/servlet/FilterRegistration
instanceKlass jakarta/servlet/SessionCookieConfig
instanceKlass org/apache/catalina/core/ApplicationContext
instanceKlass  @bci org/apache/catalina/core/StandardContext postWorkDirectory ()V 209 <appendix> form vmentry <vmtarget> ; # java/lang/invoke/LambdaForm$MH+0x0000020a28510000
# instanceKlass java/lang/invoke/LambdaForm$MH+0x0000020a2850bc00
# instanceKlass java/lang/invoke/LambdaForm$MH+0x0000020a2850b800
instanceKlass  @bci com/example/WebApartment/DTO/UserDTO toString ()Ljava/lang/String; 44 <appendix> argL5 form vmentry <vmtarget> ; # java/lang/invoke/LambdaForm$MH+0x0000020a2850b400
# instanceKlass java/lang/invoke/LambdaForm$MH+0x0000020a2850b000
# instanceKlass java/lang/invoke/LambdaForm$MH+0x0000020a2850ac00
# instanceKlass java/lang/invoke/LambdaForm$MH+0x0000020a2850a800
# instanceKlass java/lang/invoke/LambdaForm$MH+0x0000020a2850a400
instanceKlass  @bci com/example/WebApartment/DTO/UserDTO toString ()Ljava/lang/String; 44 <appendix> argL1 form vmentry <vmtarget> ; # java/lang/invoke/LambdaForm$MH+0x0000020a2850a000
# instanceKlass java/lang/invoke/LambdaForm$MH+0x0000020a28509c00
# instanceKlass java/lang/invoke/LambdaForm$MH+0x0000020a28509800
# instanceKlass java/lang/invoke/LambdaForm$MH+0x0000020a28509400
instanceKlass org/apache/catalina/util/ContextName
instanceKlass org/apache/catalina/core/ContainerBase$StartChild
instanceKlass org/apache/catalina/realm/X509SubjectDnRetriever
instanceKlass java/util/logging/LogRecord
instanceKlass org/apache/tomcat/util/threads/ScheduledThreadPoolExecutor
instanceKlass java/util/concurrent/RunnableScheduledFuture
instanceKlass java/util/concurrent/ScheduledFuture
instanceKlass java/util/concurrent/Delayed
instanceKlass org/apache/tomcat/util/threads/TaskThreadFactory
instanceKlass org/apache/tomcat/util/net/openssl/OpenSSLStatus
instanceKlass org/apache/tomcat/util/buf/StringUtils
instanceKlass org/apache/catalina/util/ServerInfo
instanceKlass org/apache/catalina/connector/CoyoteAdapter
instanceKlass org/apache/catalina/Executor
instanceKlass org/apache/catalina/mbeans/MBeanUtils
instanceKlass org/apache/catalina/mbeans/MBeanFactory
instanceKlass org/apache/tomcat/util/buf/StringCache
instanceKlass com/sun/jmx/mbeanserver/Util
instanceKlass javax/management/ObjectName$Property
instanceKlass com/sun/jmx/mbeanserver/GetPropertyAction
instanceKlass org/apache/tomcat/util/net/SocketWrapperBase
instanceKlass org/apache/tomcat/util/net/SSLImplementation
# instanceKlass java/lang/invoke/LambdaForm$MH+0x0000020a28509000
# instanceKlass java/lang/invoke/LambdaForm$MH+0x0000020a28508c00
# instanceKlass java/lang/invoke/LambdaForm$MH+0x0000020a28508800
# instanceKlass java/lang/invoke/LambdaForm$BMH+0x0000020a28508400
# instanceKlass java/lang/invoke/LambdaForm$DMH+0x0000020a28508000
instanceKlass  @bci org/springframework/boot/web/embedded/tomcat/TomcatWebServer disableBindOnInit ()V 1 <appendix> argL0 ; # org/springframework/boot/web/embedded/tomcat/TomcatWebServer$$Lambda+0x0000020a28506150
instanceKlass  @bci org/springframework/boot/web/embedded/tomcat/TomcatWebServer initialize ()V 37 <appendix> member <vmtarget> ; # org/springframework/boot/web/embedded/tomcat/TomcatWebServer$$Lambda+0x0000020a28505f30
instanceKlass  @bci org/springframework/boot/autoconfigure/web/embedded/TomcatWebServerFactoryCustomizer lambda$customizeStaticResources$25 (Lorg/springframework/boot/autoconfigure/web/ServerProperties$Tomcat$Resource;Lorg/apache/catalina/Context;)V 3 <appendix> member <vmtarget> ; # org/springframework/boot/autoconfigure/web/embedded/TomcatWebServerFactoryCustomizer$$Lambda+0x0000020a28505098
instanceKlass org/springframework/boot/web/embedded/tomcat/DisableReferenceClearingContextCustomizer
instanceKlass org/springframework/boot/web/embedded/tomcat/TomcatServletWebServerFactory$DisablePersistSessionListener
instanceKlass org/apache/tomcat/util/buf/UDecoder
instanceKlass org/springframework/boot/web/embedded/tomcat/TomcatStarter
instanceKlass org/apache/catalina/core/StandardHost$MemoryLeakTrackingListener
instanceKlass org/springframework/boot/web/servlet/server/AbstractServletWebServerFactory$SessionConfiguringInitializer
instanceKlass  @bci org/springframework/boot/web/servlet/server/AbstractServletWebServerFactory mergeInitializers ([Lorg/springframework/boot/web/servlet/ServletContextInitializer;)[Lorg/springframework/boot/web/servlet/ServletContextInitializer; 10 <appendix> member <vmtarget> ; # org/springframework/boot/web/servlet/server/AbstractServletWebServerFactory$$Lambda+0x0000020a28503ab0
instanceKlass org/apache/catalina/WebResourceSet
instanceKlass org/springframework/boot/web/embedded/tomcat/TomcatServletWebServerFactory$StaticResourceConfigurer
instanceKlass org/apache/tomcat/util/scan/StandardJarScanner
instanceKlass org/apache/tomcat/util/scan/StandardJarScanFilter
instanceKlass  @bci org/springframework/boot/web/embedded/tomcat/TomcatServletWebServerFactory addLocaleMappings (Lorg/springframework/boot/web/embedded/tomcat/TomcatEmbeddedContext;)V 5 <appendix> member <vmtarget> ; # org/springframework/boot/web/embedded/tomcat/TomcatServletWebServerFactory$$Lambda+0x0000020a28502b00
instanceKlass org/apache/catalina/util/CharsetMapper
instanceKlass org/apache/catalina/startup/Tomcat$FixContextListener
instanceKlass org/apache/catalina/util/URLEncoder
instanceKlass com/sun/jmx/remote/util/ClassLogger
instanceKlass javax/management/NotificationBroadcasterSupport$1
instanceKlass javax/management/NotificationBroadcasterSupport
instanceKlass org/apache/catalina/core/StandardContext$ContextFilterMaps
instanceKlass org/apache/catalina/util/ErrorPageSupport
instanceKlass org/apache/tomcat/util/descriptor/web/XmlEncodingBase
instanceKlass org/apache/tomcat/util/descriptor/web/ApplicationParameter
instanceKlass org/apache/catalina/core/StandardContext$1
instanceKlass org/apache/tomcat/InstanceManager
instanceKlass org/apache/tomcat/JarScanner
instanceKlass org/apache/catalina/ThreadBindingListener
instanceKlass org/apache/catalina/Globals
instanceKlass org/apache/catalina/realm/RealmBase$AllRolesMode
instanceKlass org/apache/catalina/realm/DigestCredentialHandlerBase
instanceKlass org/apache/catalina/realm/X509UsernameRetriever
instanceKlass org/apache/catalina/CredentialHandler
instanceKlass org/apache/catalina/AccessLog
instanceKlass org/apache/catalina/Pipeline
instanceKlass org/apache/tomcat/util/threads/LimitLatch
instanceKlass org/springframework/boot/web/embedded/tomcat/CompressionConnectorCustomizer
instanceKlass org/apache/tomcat/util/buf/CharsetUtil
instanceKlass org/apache/tomcat/util/buf/CharsetCache
instanceKlass org/apache/tomcat/util/buf/B2CConverter
instanceKlass  @bci org/springframework/boot/web/embedded/tomcat/TomcatServletWebServerFactory invokeProtocolHandlerCustomizers (Lorg/apache/coyote/ProtocolHandler;)V 16 <appendix> member <vmtarget> ; # org/springframework/boot/web/embedded/tomcat/TomcatServletWebServerFactory$$Lambda+0x0000020a284b99f8
# instanceKlass java/lang/invoke/LambdaForm$MH+0x0000020a284bc800
# instanceKlass java/lang/invoke/LambdaForm$MH+0x0000020a284bc400
# instanceKlass java/lang/invoke/LambdaForm$MH+0x0000020a284bc000
instanceKlass org/apache/tomcat/util/http/parser/HttpParser
instanceKlass javax/management/ObjectName
instanceKlass javax/management/QueryExp
instanceKlass org/apache/coyote/Response
instanceKlass org/apache/coyote/Request
instanceKlass org/apache/tomcat/util/net/SSLHostConfig
instanceKlass org/apache/tomcat/util/XReflectionIntrospectionUtils
instanceKlass org/apache/tomcat/util/IntrospectionUtils
instanceKlass org/apache/catalina/ContainerListener
instanceKlass org/apache/catalina/mapper/Mapper$MapElement
instanceKlass org/apache/catalina/mapper/Mapper
instanceKlass org/apache/tomcat/util/file/ConfigFileLoader
instanceKlass org/apache/tomcat/util/file/ConfigurationSource$1
instanceKlass org/apache/catalina/startup/CatalinaBaseConfigurationSource
instanceKlass org/apache/tomcat/util/descriptor/web/ResourceBase
instanceKlass org/apache/tomcat/util/descriptor/web/Injectable
instanceKlass org/apache/tomcat/util/descriptor/web/NamingResources
instanceKlass java/beans/PropertyChangeListener
instanceKlass java/beans/ChangeListenerMap
instanceKlass java/beans/PropertyChangeSupport
instanceKlass org/apache/coyote/CompressionConfig
instanceKlass org/apache/tomcat/util/collections/SynchronizedStack
instanceKlass javax/management/NotificationFilter
instanceKlass org/apache/tomcat/util/modeler/BaseModelMBean
instanceKlass javax/management/modelmbean/ModelMBeanNotificationBroadcaster
instanceKlass org/apache/coyote/AbstractProtocol$ConnectionHandler
instanceKlass org/apache/tomcat/util/net/SocketProperties
instanceKlass org/apache/tomcat/util/net/NioChannel
instanceKlass org/apache/tomcat/util/net/SocketProcessorBase
instanceKlass org/apache/tomcat/util/net/AbstractEndpoint
instanceKlass org/apache/coyote/Adapter
instanceKlass java/io/DeleteOnExitHook$1
instanceKlass java/io/DeleteOnExitHook
instanceKlass sun/nio/fs/WindowsPath$1
instanceKlass sun/security/provider/AbstractDrbg$NonceProvider
instanceKlass  @bci sun/security/provider/AbstractDrbg$SeederHolder <clinit> ()V 42 <appendix> member <vmtarget> ; # sun/security/provider/AbstractDrbg$SeederHolder$$Lambda+0x0000020a284c1f38
instanceKlass  @cpi sun/security/provider/AbstractDrbg$SeederHolder 91 form vmentry <vmtarget> ; # java/lang/invoke/LambdaForm$DMH+0x0000020a284ad800
# instanceKlass java/lang/invoke/LambdaForm$DMH+0x0000020a284ad400
instanceKlass java/net/NetworkInterface$1
instanceKlass java/net/DefaultInterface
instanceKlass java/net/InterfaceAddress
instanceKlass java/net/NetworkInterface
instanceKlass sun/security/provider/ByteArrayAccess$BE
instanceKlass sun/security/provider/ByteArrayAccess
instanceKlass sun/security/provider/SeedGenerator$1
instanceKlass sun/security/util/MessageDigestSpi2
instanceKlass java/security/MessageDigestSpi
instanceKlass sun/security/provider/SeedGenerator
instanceKlass sun/security/provider/AbstractDrbg$SeederHolder
instanceKlass java/security/DrbgParameters$NextBytes
instanceKlass  @bci sun/security/provider/AbstractDrbg <clinit> ()V 12 <appendix> argL0 ; # sun/security/provider/AbstractDrbg$$Lambda+0x0000020a2827f9b8
instanceKlass  @cpi sun/security/provider/AbstractDrbg 383 form vmentry <vmtarget> ; # java/lang/invoke/LambdaForm$DMH+0x0000020a284ad000
# instanceKlass java/lang/invoke/LambdaForm$DMH+0x0000020a284acc00
instanceKlass sun/security/provider/EntropySource
instanceKlass sun/security/provider/AbstractDrbg
instanceKlass java/security/DrbgParameters$Instantiation
instanceKlass java/security/DrbgParameters
instanceKlass sun/security/provider/MoreDrbgParameters
instanceKlass  @bci sun/security/provider/DRBG <init> (Ljava/security/SecureRandomParameters;)V 26 <appendix> argL0 ; # sun/security/provider/DRBG$$Lambda+0x0000020a2827e4a8
instanceKlass java/security/SecureRandomSpi
instanceKlass java/security/SecureRandomParameters
instanceKlass java/nio/file/TempFileHelper
instanceKlass org/apache/tomcat/util/ExceptionUtils
instanceKlass java/lang/Thread$Builder$OfPlatform
instanceKlass java/net/ServerSocket
instanceKlass org/apache/tomcat/util/compat/JreCompat
instanceKlass org/apache/catalina/Realm
instanceKlass org/apache/catalina/Wrapper
instanceKlass org/apache/catalina/Service
instanceKlass org/apache/tomcat/util/file/ConfigurationSource
instanceKlass org/apache/catalina/Server
instanceKlass javax/management/MBeanFeatureInfo
instanceKlass javax/management/DescriptorRead
instanceKlass org/apache/tomcat/util/modeler/FeatureInfo
instanceKlass javax/management/DynamicMBean
instanceKlass org/apache/tomcat/util/modeler/NoDescriptorRegistry$NoJmxMBeanServer
instanceKlass org/apache/tomcat/util/modeler/ManagedBean
instanceKlass javax/management/MBeanServer
instanceKlass javax/management/MBeanServerConnection
instanceKlass org/apache/tomcat/util/modeler/Registry
instanceKlass org/apache/tomcat/util/modeler/RegistryMBean
instanceKlass  @bci org/springframework/boot/web/servlet/context/ServletWebServerApplicationContext getSelfInitializer ()Lorg/springframework/boot/web/servlet/ServletContextInitializer; 1 <appendix> member <vmtarget> ; # org/springframework/boot/web/servlet/context/ServletWebServerApplicationContext$$Lambda+0x0000020a284a9db8
instanceKlass jakarta/servlet/ServletRegistration$Dynamic
instanceKlass  @bci org/springframework/boot/autoconfigure/web/servlet/MultipartProperties createMultipartConfig ()Ljakarta/servlet/MultipartConfigElement; 98 <appendix> member <vmtarget> ; # org/springframework/boot/autoconfigure/web/servlet/MultipartProperties$$Lambda+0x0000020a284a97a0
instanceKlass  @bci org/springframework/boot/autoconfigure/web/servlet/MultipartProperties createMultipartConfig ()Ljakarta/servlet/MultipartConfigElement; 76 <appendix> member <vmtarget> ; # org/springframework/boot/autoconfigure/web/servlet/MultipartProperties$$Lambda+0x0000020a284a9570
instanceKlass  @bci org/springframework/boot/autoconfigure/web/servlet/MultipartProperties createMultipartConfig ()Ljakarta/servlet/MultipartConfigElement; 54 <appendix> member <vmtarget> ; # org/springframework/boot/autoconfigure/web/servlet/MultipartProperties$$Lambda+0x0000020a284a9340
instanceKlass  @bci org/springframework/boot/autoconfigure/web/servlet/MultipartProperties createMultipartConfig ()Ljakarta/servlet/MultipartConfigElement; 29 <appendix> member <vmtarget> ; # org/springframework/boot/autoconfigure/web/servlet/MultipartProperties$$Lambda+0x0000020a284a9110
instanceKlass org/springframework/boot/web/servlet/MultipartConfigFactory
instanceKlass  @bci org/springframework/boot/context/properties/bind/handler/NoUnboundElementsBindHandler collectUnbound (Lorg/springframework/boot/context/properties/source/ConfigurationPropertyName;Ljava/util/Set;Lorg/springframework/boot/context/properties/source/IterableConfigurationPropertySource;)V 3 <appendix> member <vmtarget> ; # org/springframework/boot/context/properties/bind/handler/NoUnboundElementsBindHandler$$Lambda+0x0000020a284a8c90
instanceKlass org/springframework/boot/context/properties/source/UnboundElementsSourceFilter
instanceKlass  @bci org/springframework/boot/autoconfigure/web/servlet/DispatcherServletAutoConfiguration$DispatcherServletRegistrationConfiguration dispatcherServletRegistration (Lorg/springframework/web/servlet/DispatcherServlet;Lorg/springframework/boot/autoconfigure/web/servlet/WebMvcProperties;Lorg/springframework/beans/factory/ObjectProvider;)Lorg/springframework/boot/autoconfigure/web/servlet/DispatcherServletRegistrationBean; 44 <appendix> member <vmtarget> ; # org/springframework/boot/autoconfigure/web/servlet/DispatcherServletAutoConfiguration$DispatcherServletRegistrationConfiguration$$Lambda+0x0000020a284a82b8
instanceKlass jakarta/servlet/Registration$Dynamic
# instanceKlass java/lang/invoke/LambdaForm$MH+0x0000020a284ac800
# instanceKlass java/lang/invoke/LambdaForm$MH+0x0000020a284ac400
# instanceKlass java/lang/invoke/LambdaForm$MH+0x0000020a284ac000
instanceKlass org/springframework/web/context/request/AbstractRequestAttributes
instanceKlass org/springframework/web/context/request/async/WebAsyncManager
instanceKlass org/springframework/web/servlet/ModelAndView
instanceKlass org/springframework/web/servlet/HandlerExecutionChain
instanceKlass org/springframework/web/context/request/async/CallableProcessingInterceptor
instanceKlass org/springframework/context/i18n/LocaleContext
instanceKlass jakarta/servlet/AsyncListener
instanceKlass  @bci org/springframework/boot/autoconfigure/web/embedded/TomcatWebServerFactoryCustomizer customizeErrorReportValve (Lorg/springframework/boot/autoconfigure/web/ErrorProperties;Lorg/springframework/boot/web/embedded/tomcat/ConfigurableTomcatWebServerFactory;)V 17 <appendix> argL0 ; # org/springframework/boot/autoconfigure/web/embedded/TomcatWebServerFactoryCustomizer$$Lambda+0x0000020a284a24e0
instanceKlass  @bci org/springframework/boot/autoconfigure/web/embedded/TomcatWebServerFactoryCustomizer customizeStaticResources (Lorg/springframework/boot/web/embedded/tomcat/ConfigurableTomcatWebServerFactory;)V 19 <appendix> member <vmtarget> ; # org/springframework/boot/autoconfigure/web/embedded/TomcatWebServerFactoryCustomizer$$Lambda+0x0000020a284a22c0
instanceKlass  @bci org/springframework/boot/autoconfigure/web/embedded/TomcatWebServerFactoryCustomizer customizeRejectIllegalHeader (Lorg/springframework/boot/web/embedded/tomcat/ConfigurableTomcatWebServerFactory;Z)V 8 <appendix> member <vmtarget> ; # org/springframework/boot/autoconfigure/web/embedded/TomcatWebServerFactoryCustomizer$$Lambda+0x0000020a284a20a8
instanceKlass  @bci org/springframework/boot/autoconfigure/web/embedded/TomcatWebServerFactoryCustomizer customize (Lorg/springframework/boot/web/embedded/tomcat/ConfigurableTomcatWebServerFactory;)V 680 <appendix> member <vmtarget> ; # org/springframework/boot/autoconfigure/web/embedded/TomcatWebServerFactoryCustomizer$$Lambda+0x0000020a284a1e78
instanceKlass  @bci org/springframework/boot/autoconfigure/web/embedded/TomcatWebServerFactoryCustomizer customize (Lorg/springframework/boot/web/embedded/tomcat/ConfigurableTomcatWebServerFactory;)V 670 <appendix> member <vmtarget> ; # org/springframework/boot/autoconfigure/web/embedded/TomcatWebServerFactoryCustomizer$$Lambda+0x0000020a284a1c58
instanceKlass  @bci org/springframework/boot/autoconfigure/web/embedded/TomcatWebServerFactoryCustomizer customize (Lorg/springframework/boot/web/embedded/tomcat/ConfigurableTomcatWebServerFactory;)V 655 <appendix> member <vmtarget> ; # org/springframework/boot/autoconfigure/web/embedded/TomcatWebServerFactoryCustomizer$$Lambda+0x0000020a284a1a28
instanceKlass  @bci org/springframework/boot/autoconfigure/web/embedded/TomcatWebServerFactoryCustomizer customize (Lorg/springframework/boot/web/embedded/tomcat/ConfigurableTomcatWebServerFactory;)V 642 <appendix> member <vmtarget> ; # org/springframework/boot/autoconfigure/web/embedded/TomcatWebServerFactoryCustomizer$$Lambda+0x0000020a284a17e8
instanceKlass  @bci org/springframework/boot/autoconfigure/web/embedded/TomcatWebServerFactoryCustomizer customize (Lorg/springframework/boot/web/embedded/tomcat/ConfigurableTomcatWebServerFactory;)V 633 <appendix> member <vmtarget> ; # org/springframework/boot/autoconfigure/web/embedded/TomcatWebServerFactoryCustomizer$$Lambda+0x0000020a284a15c8
instanceKlass  @bci java/util/stream/Collectors joining ()Ljava/util/stream/Collector; 19 <appendix> argL0 ; # java/util/stream/Collectors$$Lambda+0x0000020a2827a808
instanceKlass  @bci java/util/stream/Collectors joining ()Ljava/util/stream/Collector; 14 <appendix> argL0 ; # java/util/stream/Collectors$$Lambda+0x0000020a2827a5c8
instanceKlass  @bci java/util/stream/Collectors joining ()Ljava/util/stream/Collector; 9 <appendix> argL0 ; # java/util/stream/Collectors$$Lambda+0x0000020a2827a3a0
instanceKlass  @bci java/util/stream/Collectors joining ()Ljava/util/stream/Collector; 4 <appendix> argL0 ; # java/util/stream/Collectors$$Lambda+0x0000020a2827a188
instanceKlass  @bci org/springframework/boot/autoconfigure/web/embedded/TomcatWebServerFactoryCustomizer joinCharacters (Ljava/util/List;)Ljava/lang/String; 6 <appendix> argL0 ; # org/springframework/boot/autoconfigure/web/embedded/TomcatWebServerFactoryCustomizer$$Lambda+0x0000020a284a1390
instanceKlass  @bci org/springframework/boot/autoconfigure/web/embedded/TomcatWebServerFactoryCustomizer customize (Lorg/springframework/boot/web/embedded/tomcat/ConfigurableTomcatWebServerFactory;)V 618 <appendix> member <vmtarget> ; # org/springframework/boot/autoconfigure/web/embedded/TomcatWebServerFactoryCustomizer$$Lambda+0x0000020a284a1160
instanceKlass  @bci org/springframework/boot/context/properties/PropertyMapper$Source whenHasText ()Lorg/springframework/boot/context/properties/PropertyMapper$Source; 1 <appendix> argL0 ; # org/springframework/boot/context/properties/PropertyMapper$Source$$Lambda+0x0000020a284a0f18
instanceKlass  @bci org/springframework/boot/autoconfigure/web/embedded/TomcatWebServerFactoryCustomizer customize (Lorg/springframework/boot/web/embedded/tomcat/ConfigurableTomcatWebServerFactory;)V 605 <appendix> member <vmtarget> ; # org/springframework/boot/autoconfigure/web/embedded/TomcatWebServerFactoryCustomizer$$Lambda+0x0000020a284a0cd8
instanceKlass  @bci org/springframework/boot/autoconfigure/web/embedded/TomcatWebServerFactoryCustomizer customize (Lorg/springframework/boot/web/embedded/tomcat/ConfigurableTomcatWebServerFactory;)V 596 <appendix> member <vmtarget> ; # org/springframework/boot/autoconfigure/web/embedded/TomcatWebServerFactoryCustomizer$$Lambda+0x0000020a284a0ab8
instanceKlass  @bci org/springframework/boot/autoconfigure/web/embedded/TomcatWebServerFactoryCustomizer customizeMaxKeepAliveRequests (Lorg/springframework/boot/web/embedded/tomcat/ConfigurableTomcatWebServerFactory;I)V 5 <appendix> argL0 ; # org/springframework/boot/autoconfigure/web/embedded/TomcatWebServerFactoryCustomizer$$Lambda+0x0000020a284a08a0
instanceKlass  @bci org/springframework/boot/autoconfigure/web/embedded/TomcatWebServerFactoryCustomizer customize (Lorg/springframework/boot/web/embedded/tomcat/ConfigurableTomcatWebServerFactory;)V 581 <appendix> member <vmtarget> ; # org/springframework/boot/autoconfigure/web/embedded/TomcatWebServerFactoryCustomizer$$Lambda+0x0000020a284a0670
instanceKlass  @bci org/springframework/boot/autoconfigure/web/embedded/TomcatWebServerFactoryCustomizer customize (Lorg/springframework/boot/web/embedded/tomcat/ConfigurableTomcatWebServerFactory;)V 571 <appendix> member <vmtarget> ; # org/springframework/boot/autoconfigure/web/embedded/TomcatWebServerFactoryCustomizer$$Lambda+0x0000020a284a0450
instanceKlass  @bci org/springframework/boot/autoconfigure/web/embedded/TomcatWebServerFactoryCustomizer customize (Lorg/springframework/boot/web/embedded/tomcat/ConfigurableTomcatWebServerFactory;)V 556 <appendix> member <vmtarget> ; # org/springframework/boot/autoconfigure/web/embedded/TomcatWebServerFactoryCustomizer$$Lambda+0x0000020a284a0220
instanceKlass  @bci org/springframework/boot/autoconfigure/web/embedded/TomcatWebServerFactoryCustomizer customize (Lorg/springframework/boot/web/embedded/tomcat/ConfigurableTomcatWebServerFactory;)V 546 <appendix> member <vmtarget> ; # org/springframework/boot/autoconfigure/web/embedded/TomcatWebServerFactoryCustomizer$$Lambda+0x0000020a284a0000
instanceKlass  @bci org/springframework/boot/autoconfigure/web/embedded/TomcatWebServerFactoryCustomizer customizeProcessorCache (Lorg/springframework/boot/web/embedded/tomcat/ConfigurableTomcatWebServerFactory;I)V 5 <appendix> argL0 ; # org/springframework/boot/autoconfigure/web/embedded/TomcatWebServerFactoryCustomizer$$Lambda+0x0000020a28499d08
instanceKlass  @bci org/springframework/boot/autoconfigure/web/embedded/TomcatWebServerFactoryCustomizer customize (Lorg/springframework/boot/web/embedded/tomcat/ConfigurableTomcatWebServerFactory;)V 531 <appendix> member <vmtarget> ; # org/springframework/boot/autoconfigure/web/embedded/TomcatWebServerFactoryCustomizer$$Lambda+0x0000020a28499ad8
instanceKlass  @bci org/springframework/boot/autoconfigure/web/embedded/TomcatWebServerFactoryCustomizer customize (Lorg/springframework/boot/web/embedded/tomcat/ConfigurableTomcatWebServerFactory;)V 521 <appendix> member <vmtarget> ; # org/springframework/boot/autoconfigure/web/embedded/TomcatWebServerFactoryCustomizer$$Lambda+0x0000020a284998b8
instanceKlass  @bci org/springframework/boot/autoconfigure/web/embedded/TomcatWebServerFactoryCustomizer customizeAcceptCount (Lorg/springframework/boot/web/embedded/tomcat/ConfigurableTomcatWebServerFactory;I)V 5 <appendix> argL0 ; # org/springframework/boot/autoconfigure/web/embedded/TomcatWebServerFactoryCustomizer$$Lambda+0x0000020a284996a0
instanceKlass  @bci org/springframework/boot/autoconfigure/web/embedded/TomcatWebServerFactoryCustomizer customize (Lorg/springframework/boot/web/embedded/tomcat/ConfigurableTomcatWebServerFactory;)V 506 <appendix> member <vmtarget> ; # org/springframework/boot/autoconfigure/web/embedded/TomcatWebServerFactoryCustomizer$$Lambda+0x0000020a28499470
instanceKlass  @bci org/springframework/boot/autoconfigure/web/embedded/TomcatWebServerFactoryCustomizer customize (Lorg/springframework/boot/web/embedded/tomcat/ConfigurableTomcatWebServerFactory;)V 496 <appendix> member <vmtarget> ; # org/springframework/boot/autoconfigure/web/embedded/TomcatWebServerFactoryCustomizer$$Lambda+0x0000020a28499220
instanceKlass  @bci org/springframework/boot/autoconfigure/web/embedded/TomcatWebServerFactoryCustomizer customize (Lorg/springframework/boot/web/embedded/tomcat/ConfigurableTomcatWebServerFactory;)V 487 <appendix> member <vmtarget> ; # org/springframework/boot/autoconfigure/web/embedded/TomcatWebServerFactoryCustomizer$$Lambda+0x0000020a28499000
instanceKlass  @bci org/springframework/boot/autoconfigure/web/embedded/TomcatWebServerFactoryCustomizer customizeMaxConnections (Lorg/springframework/boot/web/embedded/tomcat/ConfigurableTomcatWebServerFactory;I)V 5 <appendix> argL0 ; # org/springframework/boot/autoconfigure/web/embedded/TomcatWebServerFactoryCustomizer$$Lambda+0x0000020a2849bc68
instanceKlass  @bci org/springframework/boot/autoconfigure/web/embedded/TomcatWebServerFactoryCustomizer customize (Lorg/springframework/boot/web/embedded/tomcat/ConfigurableTomcatWebServerFactory;)V 472 <appendix> member <vmtarget> ; # org/springframework/boot/autoconfigure/web/embedded/TomcatWebServerFactoryCustomizer$$Lambda+0x0000020a2849ba38
instanceKlass  @bci org/springframework/boot/autoconfigure/web/embedded/TomcatWebServerFactoryCustomizer customize (Lorg/springframework/boot/web/embedded/tomcat/ConfigurableTomcatWebServerFactory;)V 462 <appendix> member <vmtarget> ; # org/springframework/boot/autoconfigure/web/embedded/TomcatWebServerFactoryCustomizer$$Lambda+0x0000020a2849b7e8
instanceKlass  @bci org/springframework/boot/autoconfigure/web/embedded/TomcatWebServerFactoryCustomizer customize (Lorg/springframework/boot/web/embedded/tomcat/ConfigurableTomcatWebServerFactory;)V 453 <appendix> member <vmtarget> ; # org/springframework/boot/autoconfigure/web/embedded/TomcatWebServerFactoryCustomizer$$Lambda+0x0000020a2849b5c8
instanceKlass  @bci org/springframework/boot/autoconfigure/web/embedded/TomcatWebServerFactoryCustomizer customize (Lorg/springframework/boot/web/embedded/tomcat/ConfigurableTomcatWebServerFactory;)V 438 <appendix> member <vmtarget> ; # org/springframework/boot/autoconfigure/web/embedded/TomcatWebServerFactoryCustomizer$$Lambda+0x0000020a2849b398
instanceKlass  @bci org/springframework/boot/autoconfigure/web/embedded/TomcatWebServerFactoryCustomizer customize (Lorg/springframework/boot/web/embedded/tomcat/ConfigurableTomcatWebServerFactory;)V 428 <appendix> member <vmtarget> ; # org/springframework/boot/autoconfigure/web/embedded/TomcatWebServerFactoryCustomizer$$Lambda+0x0000020a2849b178
instanceKlass  @bci org/springframework/boot/autoconfigure/web/embedded/TomcatWebServerFactoryCustomizer customize (Lorg/springframework/boot/web/embedded/tomcat/ConfigurableTomcatWebServerFactory;)V 413 <appendix> member <vmtarget> ; # org/springframework/boot/autoconfigure/web/embedded/TomcatWebServerFactoryCustomizer$$Lambda+0x0000020a2849af48
instanceKlass  @bci org/springframework/boot/autoconfigure/web/embedded/TomcatWebServerFactoryCustomizer customize (Lorg/springframework/boot/web/embedded/tomcat/ConfigurableTomcatWebServerFactory;)V 399 <appendix> member <vmtarget> ; # org/springframework/boot/autoconfigure/web/embedded/TomcatWebServerFactoryCustomizer$$Lambda+0x0000020a2849ad28
instanceKlass  @bci org/springframework/boot/autoconfigure/web/embedded/TomcatWebServerFactoryCustomizer customize (Lorg/springframework/boot/web/embedded/tomcat/ConfigurableTomcatWebServerFactory;)V 384 <appendix> member <vmtarget> ; # org/springframework/boot/autoconfigure/web/embedded/TomcatWebServerFactoryCustomizer$$Lambda+0x0000020a2849aaf8
instanceKlass  @bci org/springframework/boot/autoconfigure/web/embedded/TomcatWebServerFactoryCustomizer customize (Lorg/springframework/boot/web/embedded/tomcat/ConfigurableTomcatWebServerFactory;)V 374 <appendix> argL0 ; # org/springframework/boot/autoconfigure/web/embedded/TomcatWebServerFactoryCustomizer$$Lambda+0x0000020a2849a8b0
instanceKlass  @bci org/springframework/boot/autoconfigure/web/embedded/TomcatWebServerFactoryCustomizer customize (Lorg/springframework/boot/web/embedded/tomcat/ConfigurableTomcatWebServerFactory;)V 366 <appendix> member <vmtarget> ; # org/springframework/boot/autoconfigure/web/embedded/TomcatWebServerFactoryCustomizer$$Lambda+0x0000020a2849a690
instanceKlass  @bci org/springframework/boot/autoconfigure/web/embedded/TomcatWebServerFactoryCustomizer customizeMaxHttpFormPostSize (Lorg/springframework/boot/web/embedded/tomcat/ConfigurableTomcatWebServerFactory;I)V 8 <appendix> member <vmtarget> ; # org/springframework/boot/autoconfigure/web/embedded/TomcatWebServerFactoryCustomizer$$Lambda+0x0000020a2849a478
instanceKlass  @bci org/springframework/boot/autoconfigure/web/embedded/TomcatWebServerFactoryCustomizer customize (Lorg/springframework/boot/web/embedded/tomcat/ConfigurableTomcatWebServerFactory;)V 351 <appendix> member <vmtarget> ; # org/springframework/boot/autoconfigure/web/embedded/TomcatWebServerFactoryCustomizer$$Lambda+0x0000020a2849a248
instanceKlass  @bci org/springframework/boot/autoconfigure/web/embedded/TomcatWebServerFactoryCustomizer customize (Lorg/springframework/boot/web/embedded/tomcat/ConfigurableTomcatWebServerFactory;)V 341 <appendix> argL0 ; # org/springframework/boot/autoconfigure/web/embedded/TomcatWebServerFactoryCustomizer$$Lambda+0x0000020a2849a000
instanceKlass  @bci org/springframework/boot/autoconfigure/web/embedded/TomcatWebServerFactoryCustomizer customize (Lorg/springframework/boot/web/embedded/tomcat/ConfigurableTomcatWebServerFactory;)V 333 <appendix> argL0 ; # org/springframework/boot/autoconfigure/web/embedded/TomcatWebServerFactoryCustomizer$$Lambda+0x0000020a2849fc08
instanceKlass  @bci org/springframework/boot/autoconfigure/web/embedded/TomcatWebServerFactoryCustomizer customize (Lorg/springframework/boot/web/embedded/tomcat/ConfigurableTomcatWebServerFactory;)V 325 <appendix> member <vmtarget> ; # org/springframework/boot/autoconfigure/web/embedded/TomcatWebServerFactoryCustomizer$$Lambda+0x0000020a2849f9e8
instanceKlass  @bci org/springframework/boot/autoconfigure/web/embedded/TomcatWebServerFactoryCustomizer customizeMaxSwallowSize (Lorg/springframework/boot/web/embedded/tomcat/ConfigurableTomcatWebServerFactory;I)V 5 <appendix> argL0 ; # org/springframework/boot/autoconfigure/web/embedded/TomcatWebServerFactoryCustomizer$$Lambda+0x0000020a2849f7d0
instanceKlass  @bci org/springframework/boot/autoconfigure/web/embedded/TomcatWebServerFactoryCustomizer customize (Lorg/springframework/boot/web/embedded/tomcat/ConfigurableTomcatWebServerFactory;)V 310 <appendix> member <vmtarget> ; # org/springframework/boot/autoconfigure/web/embedded/TomcatWebServerFactoryCustomizer$$Lambda+0x0000020a2849f5a0
instanceKlass  @bci org/springframework/boot/autoconfigure/web/embedded/TomcatWebServerFactoryCustomizer customize (Lorg/springframework/boot/web/embedded/tomcat/ConfigurableTomcatWebServerFactory;)V 300 <appendix> argL0 ; # org/springframework/boot/autoconfigure/web/embedded/TomcatWebServerFactoryCustomizer$$Lambda+0x0000020a2849f368
instanceKlass  @bci org/springframework/boot/autoconfigure/web/embedded/TomcatWebServerFactoryCustomizer customize (Lorg/springframework/boot/web/embedded/tomcat/ConfigurableTomcatWebServerFactory;)V 292 <appendix> member <vmtarget> ; # org/springframework/boot/autoconfigure/web/embedded/TomcatWebServerFactoryCustomizer$$Lambda+0x0000020a2849f148
instanceKlass  @bci org/springframework/boot/autoconfigure/web/embedded/TomcatWebServerFactoryCustomizer customizeMaxHttpResponseHeaderSize (Lorg/springframework/boot/web/embedded/tomcat/ConfigurableTomcatWebServerFactory;I)V 5 <appendix> argL0 ; # org/springframework/boot/autoconfigure/web/embedded/TomcatWebServerFactoryCustomizer$$Lambda+0x0000020a2849ef30
instanceKlass  @bci org/springframework/boot/autoconfigure/web/embedded/TomcatWebServerFactoryCustomizer customize (Lorg/springframework/boot/web/embedded/tomcat/ConfigurableTomcatWebServerFactory;)V 277 <appendix> member <vmtarget> ; # org/springframework/boot/autoconfigure/web/embedded/TomcatWebServerFactoryCustomizer$$Lambda+0x0000020a2849ed00
instanceKlass  @bci org/springframework/boot/autoconfigure/web/embedded/TomcatWebServerFactoryCustomizer customize (Lorg/springframework/boot/web/embedded/tomcat/ConfigurableTomcatWebServerFactory;)V 267 <appendix> member <vmtarget> ; # org/springframework/boot/autoconfigure/web/embedded/TomcatWebServerFactoryCustomizer$$Lambda+0x0000020a2849eab0
instanceKlass  @bci org/springframework/boot/autoconfigure/web/embedded/TomcatWebServerFactoryCustomizer customize (Lorg/springframework/boot/web/embedded/tomcat/ConfigurableTomcatWebServerFactory;)V 258 <appendix> argL0 ; # org/springframework/boot/autoconfigure/web/embedded/TomcatWebServerFactoryCustomizer$$Lambda+0x0000020a2849e878
instanceKlass  @bci org/springframework/boot/autoconfigure/web/embedded/TomcatWebServerFactoryCustomizer customize (Lorg/springframework/boot/web/embedded/tomcat/ConfigurableTomcatWebServerFactory;)V 250 <appendix> member <vmtarget> ; # org/springframework/boot/autoconfigure/web/embedded/TomcatWebServerFactoryCustomizer$$Lambda+0x0000020a2849e658
instanceKlass  @bci org/springframework/boot/autoconfigure/web/embedded/TomcatWebServerFactoryCustomizer customizeMaxHttpRequestHeaderSize (Lorg/springframework/boot/web/embedded/tomcat/ConfigurableTomcatWebServerFactory;I)V 5 <appendix> argL0 ; # org/springframework/boot/autoconfigure/web/embedded/TomcatWebServerFactoryCustomizer$$Lambda+0x0000020a2849e440
instanceKlass org/apache/coyote/Processor
instanceKlass  @bci org/springframework/boot/autoconfigure/web/embedded/TomcatWebServerFactoryCustomizer customize (Lorg/springframework/boot/web/embedded/tomcat/ConfigurableTomcatWebServerFactory;)V 235 <appendix> member <vmtarget> ; # org/springframework/boot/autoconfigure/web/embedded/TomcatWebServerFactoryCustomizer$$Lambda+0x0000020a2849d830
instanceKlass  @bci org/springframework/boot/autoconfigure/web/embedded/TomcatWebServerFactoryCustomizer customize (Lorg/springframework/boot/web/embedded/tomcat/ConfigurableTomcatWebServerFactory;)V 225 <appendix> member <vmtarget> ; # org/springframework/boot/autoconfigure/web/embedded/TomcatWebServerFactoryCustomizer$$Lambda+0x0000020a2849d5e0
instanceKlass  @bci org/springframework/boot/context/properties/PropertyMapper$Source asInt (Ljava/util/function/Function;)Lorg/springframework/boot/context/properties/PropertyMapper$Source; 5 <appendix> argL0 ; # org/springframework/boot/context/properties/PropertyMapper$Source$$Lambda+0x0000020a2849d3a8
instanceKlass  @bci org/springframework/boot/autoconfigure/web/embedded/TomcatWebServerFactoryCustomizer customize (Lorg/springframework/boot/web/embedded/tomcat/ConfigurableTomcatWebServerFactory;)V 216 <appendix> argL0 ; # org/springframework/boot/autoconfigure/web/embedded/TomcatWebServerFactoryCustomizer$$Lambda+0x0000020a2849d170
instanceKlass  @bci org/springframework/boot/autoconfigure/web/embedded/TomcatWebServerFactoryCustomizer customizeMaxQueueCapacity (Lorg/springframework/boot/web/embedded/tomcat/ConfigurableTomcatWebServerFactory;I)V 5 <appendix> argL0 ; # org/springframework/boot/autoconfigure/web/embedded/TomcatWebServerFactoryCustomizer$$Lambda+0x0000020a2849cf58
instanceKlass  @bci org/springframework/boot/autoconfigure/web/embedded/TomcatWebServerFactoryCustomizer customize (Lorg/springframework/boot/web/embedded/tomcat/ConfigurableTomcatWebServerFactory;)V 197 <appendix> member <vmtarget> ; # org/springframework/boot/autoconfigure/web/embedded/TomcatWebServerFactoryCustomizer$$Lambda+0x0000020a2849cd28
instanceKlass  @bci org/springframework/boot/autoconfigure/web/embedded/TomcatWebServerFactoryCustomizer customize (Lorg/springframework/boot/web/embedded/tomcat/ConfigurableTomcatWebServerFactory;)V 187 <appendix> member <vmtarget> ; # org/springframework/boot/autoconfigure/web/embedded/TomcatWebServerFactoryCustomizer$$Lambda+0x0000020a2849cad8
instanceKlass  @bci org/springframework/boot/autoconfigure/web/embedded/TomcatWebServerFactoryCustomizer customize (Lorg/springframework/boot/web/embedded/tomcat/ConfigurableTomcatWebServerFactory;)V 178 <appendix> member <vmtarget> ; # org/springframework/boot/autoconfigure/web/embedded/TomcatWebServerFactoryCustomizer$$Lambda+0x0000020a2849c8b8
instanceKlass  @bci org/springframework/boot/autoconfigure/web/embedded/TomcatWebServerFactoryCustomizer customizeMinThreads (Lorg/springframework/boot/web/embedded/tomcat/ConfigurableTomcatWebServerFactory;I)V 5 <appendix> argL0 ; # org/springframework/boot/autoconfigure/web/embedded/TomcatWebServerFactoryCustomizer$$Lambda+0x0000020a2849c6a0
instanceKlass  @bci org/springframework/boot/autoconfigure/web/embedded/TomcatWebServerFactoryCustomizer customize (Lorg/springframework/boot/web/embedded/tomcat/ConfigurableTomcatWebServerFactory;)V 162 <appendix> member <vmtarget> ; # org/springframework/boot/autoconfigure/web/embedded/TomcatWebServerFactoryCustomizer$$Lambda+0x0000020a2849c470
instanceKlass  @bci org/springframework/boot/autoconfigure/web/embedded/TomcatWebServerFactoryCustomizer customize (Lorg/springframework/boot/web/embedded/tomcat/ConfigurableTomcatWebServerFactory;)V 152 <appendix> member <vmtarget> ; # org/springframework/boot/autoconfigure/web/embedded/TomcatWebServerFactoryCustomizer$$Lambda+0x0000020a2849c220
instanceKlass  @bci org/springframework/boot/autoconfigure/web/embedded/TomcatWebServerFactoryCustomizer customize (Lorg/springframework/boot/web/embedded/tomcat/ConfigurableTomcatWebServerFactory;)V 143 <appendix> member <vmtarget> ; # org/springframework/boot/autoconfigure/web/embedded/TomcatWebServerFactoryCustomizer$$Lambda+0x0000020a2849c000
instanceKlass  @bci org/hibernate/persister/entity/SingleTableEntityPersister lambda$visitMutabilityOrderedTables$3 (Ljava/lang/String;I)Ljava/util/function/Consumer; 3 <adapter> ; # java/lang/invoke/LambdaForm$MH+0x0000020a28498c00
# instanceKlass java/lang/invoke/LambdaForm$DMH+0x0000020a28498800
instanceKlass  @bci org/hibernate/persister/entity/SingleTableEntityPersister lambda$visitMutabilityOrderedTables$3 (Ljava/lang/String;I)Ljava/util/function/Consumer; 3 <appendix> form vmentry <vmtarget> ; # java/lang/invoke/LambdaForm$DMH+0x0000020a28498400
instanceKlass  @bci org/springframework/boot/autoconfigure/web/embedded/TomcatWebServerFactoryCustomizer customizeHandler (Lorg/springframework/boot/web/embedded/tomcat/ConfigurableTomcatWebServerFactory;ILjava/lang/Class;Ljava/util/function/ObjIntConsumer;)V 11 <appendix> member <vmtarget> ; # org/springframework/boot/autoconfigure/web/embedded/TomcatWebServerFactoryCustomizer$$Lambda+0x0000020a28494c10
instanceKlass  @cpi org/hibernate/persister/entity/AbstractEntityPersister 4669 form vmentry <vmtarget> ; # java/lang/invoke/LambdaForm$DMH+0x0000020a28498000
instanceKlass  @bci org/springframework/boot/autoconfigure/web/embedded/TomcatWebServerFactoryCustomizer customizeMaxThreads (Lorg/springframework/boot/web/embedded/tomcat/ConfigurableTomcatWebServerFactory;I)V 5 <appendix> argL0 ; # org/springframework/boot/autoconfigure/web/embedded/TomcatWebServerFactoryCustomizer$$Lambda+0x0000020a284949f8
instanceKlass org/apache/tomcat/util/net/AbstractEndpoint$Handler
instanceKlass  @bci org/springframework/boot/autoconfigure/web/embedded/TomcatWebServerFactoryCustomizer customize (Lorg/springframework/boot/web/embedded/tomcat/ConfigurableTomcatWebServerFactory;)V 127 <appendix> member <vmtarget> ; # org/springframework/boot/autoconfigure/web/embedded/TomcatWebServerFactoryCustomizer$$Lambda+0x0000020a28495d48
instanceKlass  @bci org/springframework/boot/autoconfigure/web/embedded/TomcatWebServerFactoryCustomizer customize (Lorg/springframework/boot/web/embedded/tomcat/ConfigurableTomcatWebServerFactory;)V 117 <appendix> member <vmtarget> ; # org/springframework/boot/autoconfigure/web/embedded/TomcatWebServerFactoryCustomizer$$Lambda+0x0000020a28495af8
instanceKlass  @bci org/springframework/boot/autoconfigure/web/embedded/TomcatWebServerFactoryCustomizer customize (Lorg/springframework/boot/web/embedded/tomcat/ConfigurableTomcatWebServerFactory;)V 108 <appendix> member <vmtarget> ; # org/springframework/boot/autoconfigure/web/embedded/TomcatWebServerFactoryCustomizer$$Lambda+0x0000020a284958d8
instanceKlass  @bci org/springframework/boot/autoconfigure/web/embedded/TomcatWebServerFactoryCustomizer customize (Lorg/springframework/boot/web/embedded/tomcat/ConfigurableTomcatWebServerFactory;)V 81 <appendix> member <vmtarget> ; # org/springframework/boot/autoconfigure/web/embedded/TomcatWebServerFactoryCustomizer$$Lambda+0x0000020a284956a8
instanceKlass  @bci org/springframework/boot/autoconfigure/web/embedded/TomcatWebServerFactoryCustomizer customize (Lorg/springframework/boot/web/embedded/tomcat/ConfigurableTomcatWebServerFactory;)V 67 <appendix> argL0 ; # org/springframework/boot/autoconfigure/web/embedded/TomcatWebServerFactoryCustomizer$$Lambda+0x0000020a28495470
instanceKlass  @bci org/springframework/boot/context/properties/PropertyMapper$Source as (Ljava/util/function/Function;)Lorg/springframework/boot/context/properties/PropertyMapper$Source; 23 <appendix> member <vmtarget> ; # org/springframework/boot/context/properties/PropertyMapper$Source$$Lambda+0x0000020a28495250
instanceKlass  @bci org/springframework/boot/context/properties/PropertyMapper$Source as (Ljava/util/function/Function;)Lorg/springframework/boot/context/properties/PropertyMapper$Source; 14 <appendix> member <vmtarget> ; # org/springframework/boot/context/properties/PropertyMapper$Source$$Lambda+0x0000020a28495000
instanceKlass  @bci org/springframework/boot/context/properties/PropertyMapper$Source as (Ljava/util/function/Function;)Lorg/springframework/boot/context/properties/PropertyMapper$Source; 7 <appendix> member <vmtarget> ; # org/springframework/boot/context/properties/PropertyMapper$Source$$Lambda+0x0000020a28497c20
instanceKlass  @bci org/springframework/boot/autoconfigure/web/embedded/TomcatWebServerFactoryCustomizer customize (Lorg/springframework/boot/web/embedded/tomcat/ConfigurableTomcatWebServerFactory;)V 59 <appendix> argL0 ; # org/springframework/boot/autoconfigure/web/embedded/TomcatWebServerFactoryCustomizer$$Lambda+0x0000020a284979e8
instanceKlass  @bci org/springframework/boot/autoconfigure/web/embedded/TomcatWebServerFactoryCustomizer customize (Lorg/springframework/boot/web/embedded/tomcat/ConfigurableTomcatWebServerFactory;)V 51 <appendix> member <vmtarget> ; # org/springframework/boot/autoconfigure/web/embedded/TomcatWebServerFactoryCustomizer$$Lambda+0x0000020a284977c8
instanceKlass  @bci org/springframework/boot/autoconfigure/web/embedded/TomcatWebServerFactoryCustomizer customize (Lorg/springframework/boot/web/embedded/tomcat/ConfigurableTomcatWebServerFactory;)V 36 <appendix> member <vmtarget> ; # org/springframework/boot/autoconfigure/web/embedded/TomcatWebServerFactoryCustomizer$$Lambda+0x0000020a28497598
instanceKlass  @bci org/springframework/boot/autoconfigure/web/embedded/TomcatWebServerFactoryCustomizer customize (Lorg/springframework/boot/web/embedded/tomcat/ConfigurableTomcatWebServerFactory;)V 22 <appendix> member <vmtarget> ; # org/springframework/boot/autoconfigure/web/embedded/TomcatWebServerFactoryCustomizer$$Lambda+0x0000020a28497378
instanceKlass  @bci org/springframework/boot/autoconfigure/web/servlet/TomcatServletWebServerFactoryCustomizer customizeUseRelativeRedirects (Lorg/springframework/boot/web/embedded/tomcat/ConfigurableTomcatWebServerFactory;Z)V 8 <appendix> member <vmtarget> ; # org/springframework/boot/autoconfigure/web/servlet/TomcatServletWebServerFactoryCustomizer$$Lambda+0x0000020a28497160
instanceKlass  @bci org/springframework/boot/autoconfigure/web/servlet/TomcatServletWebServerFactoryCustomizer customizeRedirectContextRoot (Lorg/springframework/boot/web/embedded/tomcat/ConfigurableTomcatWebServerFactory;Z)V 8 <appendix> member <vmtarget> ; # org/springframework/boot/autoconfigure/web/servlet/TomcatServletWebServerFactoryCustomizer$$Lambda+0x0000020a28496f48
instanceKlass  @cpi org/springframework/boot/autoconfigure/web/embedded/TomcatWebServerFactoryCustomizer 1035 form vmentry <vmtarget> ; # java/lang/invoke/LambdaForm$DMH+0x0000020a28494400
instanceKlass  @bci org/springframework/boot/autoconfigure/web/servlet/ServletWebServerFactoryCustomizer customize (Lorg/springframework/boot/web/servlet/server/ConfigurableServletWebServerFactory;)V 527 <appendix> member <vmtarget> ; # org/springframework/boot/autoconfigure/web/servlet/ServletWebServerFactoryCustomizer$$Lambda+0x0000020a28496d18
instanceKlass  @bci org/springframework/boot/web/servlet/server/AbstractServletWebServerFactory addMimeMappings (Lorg/springframework/boot/web/server/MimeMappings;)V 2 <appendix> member <vmtarget> ; # org/springframework/boot/web/servlet/server/AbstractServletWebServerFactory$$Lambda+0x0000020a28496ae8
instanceKlass  @bci org/springframework/boot/autoconfigure/web/servlet/ServletWebServerFactoryCustomizer customize (Lorg/springframework/boot/web/servlet/server/ConfigurableServletWebServerFactory;)V 514 <appendix> member <vmtarget> ; # org/springframework/boot/autoconfigure/web/servlet/ServletWebServerFactoryCustomizer$$Lambda+0x0000020a284968b8
instanceKlass  @bci org/springframework/boot/autoconfigure/web/servlet/ServletWebServerFactoryCustomizer customize (Lorg/springframework/boot/web/servlet/server/ConfigurableServletWebServerFactory;)V 500 <appendix> member <vmtarget> ; # org/springframework/boot/autoconfigure/web/servlet/ServletWebServerFactoryCustomizer$$Lambda+0x0000020a28496698
instanceKlass  @bci org/springframework/boot/autoconfigure/web/servlet/ServletWebServerFactoryCustomizer customize (Lorg/springframework/boot/web/servlet/server/ConfigurableServletWebServerFactory;)V 482 <appendix> member <vmtarget> ; # org/springframework/boot/autoconfigure/web/servlet/ServletWebServerFactoryCustomizer$$Lambda+0x0000020a28496468
instanceKlass  @bci org/springframework/boot/autoconfigure/web/servlet/ServletWebServerFactoryCustomizer customize (Lorg/springframework/boot/web/servlet/server/ConfigurableServletWebServerFactory;)V 468 <appendix> argL0 ; # org/springframework/boot/autoconfigure/web/servlet/ServletWebServerFactoryCustomizer$$Lambda+0x0000020a28496220
instanceKlass  @bci org/springframework/boot/autoconfigure/web/servlet/ServletWebServerFactoryCustomizer customize (Lorg/springframework/boot/web/servlet/server/ConfigurableServletWebServerFactory;)V 460 <appendix> member <vmtarget> ; # org/springframework/boot/autoconfigure/web/servlet/ServletWebServerFactoryCustomizer$$Lambda+0x0000020a28496000
instanceKlass  @bci org/springframework/boot/autoconfigure/web/servlet/ServletWebServerFactoryCustomizer customize (Lorg/springframework/boot/web/servlet/server/ConfigurableServletWebServerFactory;)V 450 <appendix> member <vmtarget> ; # org/springframework/boot/autoconfigure/web/servlet/ServletWebServerFactoryCustomizer$$Lambda+0x0000020a28493c80
instanceKlass  @bci org/springframework/boot/autoconfigure/web/servlet/ServletWebServerFactoryCustomizer customize (Lorg/springframework/boot/web/servlet/server/ConfigurableServletWebServerFactory;)V 436 <appendix> member <vmtarget> ; # org/springframework/boot/autoconfigure/web/servlet/ServletWebServerFactoryCustomizer$$Lambda+0x0000020a28493a60
instanceKlass  @bci org/springframework/boot/autoconfigure/web/servlet/ServletWebServerFactoryCustomizer customize (Lorg/springframework/boot/web/servlet/server/ConfigurableServletWebServerFactory;)V 426 <appendix> member <vmtarget> ; # org/springframework/boot/autoconfigure/web/servlet/ServletWebServerFactoryCustomizer$$Lambda+0x0000020a28493830
instanceKlass  @bci org/springframework/boot/context/properties/PropertyMapper from (Ljava/lang/Object;)Lorg/springframework/boot/context/properties/PropertyMapper$Source; 2 <appendix> member <vmtarget> ; # org/springframework/boot/context/properties/PropertyMapper$$Lambda+0x0000020a28493610
instanceKlass  @bci org/springframework/boot/autoconfigure/web/servlet/ServletWebServerFactoryCustomizer customize (Lorg/springframework/boot/web/servlet/server/ConfigurableServletWebServerFactory;)V 401 <appendix> member <vmtarget> ; # org/springframework/boot/autoconfigure/web/servlet/ServletWebServerFactoryCustomizer$$Lambda+0x0000020a284933e0
instanceKlass  @bci org/springframework/boot/autoconfigure/web/servlet/ServletWebServerFactoryCustomizer customize (Lorg/springframework/boot/web/servlet/server/ConfigurableServletWebServerFactory;)V 387 <appendix> member <vmtarget> ; # org/springframework/boot/autoconfigure/web/servlet/ServletWebServerFactoryCustomizer$$Lambda+0x0000020a284931c0
instanceKlass  @bci org/springframework/boot/autoconfigure/web/servlet/ServletWebServerFactoryCustomizer customize (Lorg/springframework/boot/web/servlet/server/ConfigurableServletWebServerFactory;)V 366 <appendix> member <vmtarget> ; # org/springframework/boot/autoconfigure/web/servlet/ServletWebServerFactoryCustomizer$$Lambda+0x0000020a28492f90
instanceKlass  @bci org/springframework/boot/autoconfigure/web/servlet/ServletWebServerFactoryCustomizer customize (Lorg/springframework/boot/web/servlet/server/ConfigurableServletWebServerFactory;)V 352 <appendix> member <vmtarget> ; # org/springframework/boot/autoconfigure/web/servlet/ServletWebServerFactoryCustomizer$$Lambda+0x0000020a28492d70
instanceKlass  @bci org/springframework/boot/autoconfigure/web/servlet/ServletWebServerFactoryCustomizer customize (Lorg/springframework/boot/web/servlet/server/ConfigurableServletWebServerFactory;)V 334 <appendix> member <vmtarget> ; # org/springframework/boot/autoconfigure/web/servlet/ServletWebServerFactoryCustomizer$$Lambda+0x0000020a28492b40
instanceKlass  @bci org/springframework/boot/autoconfigure/web/servlet/ServletWebServerFactoryCustomizer customize (Lorg/springframework/boot/web/servlet/server/ConfigurableServletWebServerFactory;)V 320 <appendix> member <vmtarget> ; # org/springframework/boot/autoconfigure/web/servlet/ServletWebServerFactoryCustomizer$$Lambda+0x0000020a28492920
instanceKlass  @bci org/springframework/boot/autoconfigure/web/servlet/ServletWebServerFactoryCustomizer customize (Lorg/springframework/boot/web/servlet/server/ConfigurableServletWebServerFactory;)V 302 <appendix> member <vmtarget> ; # org/springframework/boot/autoconfigure/web/servlet/ServletWebServerFactoryCustomizer$$Lambda+0x0000020a284926f0
instanceKlass  @bci org/springframework/boot/autoconfigure/web/servlet/ServletWebServerFactoryCustomizer customize (Lorg/springframework/boot/web/servlet/server/ConfigurableServletWebServerFactory;)V 288 <appendix> member <vmtarget> ; # org/springframework/boot/autoconfigure/web/servlet/ServletWebServerFactoryCustomizer$$Lambda+0x0000020a284924d0
instanceKlass  @bci org/springframework/boot/autoconfigure/web/servlet/ServletWebServerFactoryCustomizer customize (Lorg/springframework/boot/web/servlet/server/ConfigurableServletWebServerFactory;)V 270 <appendix> member <vmtarget> ; # org/springframework/boot/autoconfigure/web/servlet/ServletWebServerFactoryCustomizer$$Lambda+0x0000020a284922a0
instanceKlass  @bci org/springframework/boot/autoconfigure/web/servlet/ServletWebServerFactoryCustomizer customize (Lorg/springframework/boot/web/servlet/server/ConfigurableServletWebServerFactory;)V 256 <appendix> member <vmtarget> ; # org/springframework/boot/autoconfigure/web/servlet/ServletWebServerFactoryCustomizer$$Lambda+0x0000020a28492080
instanceKlass  @bci org/springframework/boot/autoconfigure/web/servlet/ServletWebServerFactoryCustomizer customize (Lorg/springframework/boot/web/servlet/server/ConfigurableServletWebServerFactory;)V 235 <appendix> member <vmtarget> ; # org/springframework/boot/autoconfigure/web/servlet/ServletWebServerFactoryCustomizer$$Lambda+0x0000020a28491e50
instanceKlass  @bci org/springframework/boot/autoconfigure/web/servlet/ServletWebServerFactoryCustomizer customize (Lorg/springframework/boot/web/servlet/server/ConfigurableServletWebServerFactory;)V 221 <appendix> member <vmtarget> ; # org/springframework/boot/autoconfigure/web/servlet/ServletWebServerFactoryCustomizer$$Lambda+0x0000020a28491c30
instanceKlass  @bci org/springframework/boot/autoconfigure/web/servlet/ServletWebServerFactoryCustomizer customize (Lorg/springframework/boot/web/servlet/server/ConfigurableServletWebServerFactory;)V 203 <appendix> member <vmtarget> ; # org/springframework/boot/autoconfigure/web/servlet/ServletWebServerFactoryCustomizer$$Lambda+0x0000020a28491a00
instanceKlass  @bci org/springframework/boot/autoconfigure/web/servlet/ServletWebServerFactoryCustomizer customize (Lorg/springframework/boot/web/servlet/server/ConfigurableServletWebServerFactory;)V 189 <appendix> member <vmtarget> ; # org/springframework/boot/autoconfigure/web/servlet/ServletWebServerFactoryCustomizer$$Lambda+0x0000020a284917e0
instanceKlass  @bci org/springframework/boot/autoconfigure/web/servlet/ServletWebServerFactoryCustomizer customize (Lorg/springframework/boot/web/servlet/server/ConfigurableServletWebServerFactory;)V 168 <appendix> member <vmtarget> ; # org/springframework/boot/autoconfigure/web/servlet/ServletWebServerFactoryCustomizer$$Lambda+0x0000020a284915b0
instanceKlass  @bci org/springframework/boot/autoconfigure/web/servlet/ServletWebServerFactoryCustomizer customize (Lorg/springframework/boot/web/servlet/server/ConfigurableServletWebServerFactory;)V 154 <appendix> member <vmtarget> ; # org/springframework/boot/autoconfigure/web/servlet/ServletWebServerFactoryCustomizer$$Lambda+0x0000020a28491390
instanceKlass  @bci org/springframework/boot/autoconfigure/web/servlet/ServletWebServerFactoryCustomizer customize (Lorg/springframework/boot/web/servlet/server/ConfigurableServletWebServerFactory;)V 133 <appendix> member <vmtarget> ; # org/springframework/boot/autoconfigure/web/servlet/ServletWebServerFactoryCustomizer$$Lambda+0x0000020a28491160
instanceKlass  @bci org/springframework/boot/autoconfigure/web/servlet/ServletWebServerFactoryCustomizer customize (Lorg/springframework/boot/web/servlet/server/ConfigurableServletWebServerFactory;)V 119 <appendix> member <vmtarget> ; # org/springframework/boot/autoconfigure/web/servlet/ServletWebServerFactoryCustomizer$$Lambda+0x0000020a28490f40
instanceKlass  @bci org/springframework/boot/autoconfigure/web/servlet/ServletWebServerFactoryCustomizer customize (Lorg/springframework/boot/web/servlet/server/ConfigurableServletWebServerFactory;)V 98 <appendix> member <vmtarget> ; # org/springframework/boot/autoconfigure/web/servlet/ServletWebServerFactoryCustomizer$$Lambda+0x0000020a28490d10
instanceKlass  @bci org/springframework/boot/autoconfigure/web/servlet/ServletWebServerFactoryCustomizer customize (Lorg/springframework/boot/web/servlet/server/ConfigurableServletWebServerFactory;)V 84 <appendix> member <vmtarget> ; # org/springframework/boot/autoconfigure/web/servlet/ServletWebServerFactoryCustomizer$$Lambda+0x0000020a28490af0
instanceKlass  @bci org/springframework/boot/autoconfigure/web/servlet/ServletWebServerFactoryCustomizer customize (Lorg/springframework/boot/web/servlet/server/ConfigurableServletWebServerFactory;)V 63 <appendix> member <vmtarget> ; # org/springframework/boot/autoconfigure/web/servlet/ServletWebServerFactoryCustomizer$$Lambda+0x0000020a284908c0
instanceKlass  @bci org/springframework/boot/autoconfigure/web/servlet/ServletWebServerFactoryCustomizer customize (Lorg/springframework/boot/web/servlet/server/ConfigurableServletWebServerFactory;)V 49 <appendix> member <vmtarget> ; # org/springframework/boot/autoconfigure/web/servlet/ServletWebServerFactoryCustomizer$$Lambda+0x0000020a284906a0
instanceKlass  @bci org/springframework/boot/autoconfigure/web/servlet/ServletWebServerFactoryCustomizer customize (Lorg/springframework/boot/web/servlet/server/ConfigurableServletWebServerFactory;)V 31 <appendix> member <vmtarget> ; # org/springframework/boot/autoconfigure/web/servlet/ServletWebServerFactoryCustomizer$$Lambda+0x0000020a28490470
instanceKlass  @cpi org/springframework/boot/web/servlet/server/AbstractServletWebServerFactory$SessionConfiguringInitializer 212 form vmentry <vmtarget> ; # java/lang/invoke/LambdaForm$DMH+0x0000020a28494000
instanceKlass  @bci org/springframework/boot/context/properties/PropertyMapper$Source whenNonNull ()Lorg/springframework/boot/context/properties/PropertyMapper$Source; 15 <appendix> argL0 ; # org/springframework/boot/context/properties/PropertyMapper$Source$$Lambda+0x0000020a28490228
instanceKlass org/springframework/boot/context/properties/PropertyMapper$NullPointerExceptionSafeSupplier
instanceKlass  @bci org/springframework/boot/autoconfigure/web/servlet/ServletWebServerFactoryCustomizer customize (Lorg/springframework/boot/web/servlet/server/ConfigurableServletWebServerFactory;)V 17 <appendix> member <vmtarget> ; # org/springframework/boot/autoconfigure/web/servlet/ServletWebServerFactoryCustomizer$$Lambda+0x0000020a2848a400
instanceKlass  @bci org/springframework/boot/context/properties/PropertyMapper alwaysApplyingWhenNonNull ()Lorg/springframework/boot/context/properties/PropertyMapper; 2 <appendix> member <vmtarget> ; # org/springframework/boot/context/properties/PropertyMapper$$Lambda+0x0000020a2848ac00
instanceKlass org/springframework/boot/context/properties/PropertyMapper$Source
instanceKlass org/springframework/boot/context/properties/PropertyMapper$SourceOperator
instanceKlass  @bci org/springframework/boot/context/properties/PropertyMapper <clinit> ()V 0 <appendix> argL0 ; # org/springframework/boot/context/properties/PropertyMapper$$Lambda+0x0000020a2848bca8
instanceKlass org/springframework/boot/context/properties/PropertyMapper
instanceKlass org/springframework/boot/util/LambdaSafe$InvocationResult
instanceKlass  @bci org/springframework/boot/autoconfigure/websocket/servlet/TomcatWebSocketServletWebServerCustomizer customize (Lorg/springframework/boot/web/embedded/tomcat/TomcatServletWebServerFactory;)V 7 <appendix> argL0 ; # org/springframework/boot/autoconfigure/websocket/servlet/TomcatWebSocketServletWebServerCustomizer$$Lambda+0x0000020a2848b680
instanceKlass  @bci org/springframework/boot/util/LambdaSafe$Callbacks lambda$invoke$1 (Ljava/util/function/Consumer;Ljava/lang/Object;)V 4 <appendix> member <vmtarget> ; # org/springframework/boot/util/LambdaSafe$Callbacks$$Lambda+0x0000020a2848b460
instanceKlass  @bci org/springframework/boot/util/LambdaSafe$Callbacks invoke (Ljava/util/function/Consumer;)V 6 <appendix> member <vmtarget> ; # org/springframework/boot/util/LambdaSafe$Callbacks$$Lambda+0x0000020a2848b230
instanceKlass  @bci org/springframework/boot/web/server/WebServerFactoryCustomizerBeanPostProcessor postProcessBeforeInitialization (Lorg/springframework/boot/web/server/WebServerFactory;)V 23 <appendix> member <vmtarget> ; # org/springframework/boot/web/server/WebServerFactoryCustomizerBeanPostProcessor$$Lambda+0x0000020a2848b000
instanceKlass org/springframework/boot/util/LambdaSafe$GenericTypeFilter
instanceKlass org/springframework/boot/util/LambdaSafe$Filter
instanceKlass org/springframework/boot/util/LambdaSafe$LambdaSafeCallback
instanceKlass java/lang/classfile/ClassElement
instanceKlass java/lang/classfile/ClassFileElement
instanceKlass java/lang/classfile/ClassBuilder
instanceKlass java/lang/classfile/ClassFileBuilder
instanceKlass org/springframework/boot/util/LambdaSafe
instanceKlass java/util/function/ObjIntConsumer
instanceKlass org/springframework/boot/ssl/DefaultSslBundleRegistry$RegisteredSslBundle
instanceKlass  @bci org/springframework/boot/autoconfigure/ssl/SslPropertiesBundleRegistrar registerBundles (Lorg/springframework/boot/ssl/SslBundleRegistry;)V 38 <appendix> member <vmtarget> ; # org/springframework/boot/autoconfigure/ssl/SslPropertiesBundleRegistrar$$Lambda+0x0000020a2848eea8
instanceKlass  @bci org/springframework/boot/autoconfigure/ssl/SslPropertiesBundleRegistrar registerBundles (Lorg/springframework/boot/ssl/SslBundleRegistry;)V 32 <appendix> argL0 ; # org/springframework/boot/autoconfigure/ssl/SslPropertiesBundleRegistrar$$Lambda+0x0000020a2848ec70
instanceKlass  @bci org/springframework/boot/autoconfigure/ssl/SslPropertiesBundleRegistrar registerBundles (Lorg/springframework/boot/ssl/SslBundleRegistry;Ljava/util/Map;Ljava/util/function/Function;Ljava/util/function/Function;)V 6 <appendix> member <vmtarget> ; # org/springframework/boot/autoconfigure/ssl/SslPropertiesBundleRegistrar$$Lambda+0x0000020a2848ea40
instanceKlass  @cpi org/springframework/data/repository/core/support/RepositoryFactorySupport 752 form vmentry <vmtarget> ; # java/lang/invoke/LambdaForm$DMH+0x0000020a2848a000
instanceKlass  @bci org/springframework/boot/autoconfigure/ssl/SslPropertiesBundleRegistrar registerBundles (Lorg/springframework/boot/ssl/SslBundleRegistry;)V 15 <appendix> member <vmtarget> ; # org/springframework/boot/autoconfigure/ssl/SslPropertiesBundleRegistrar$$Lambda+0x0000020a2848e800
instanceKlass  @bci org/springframework/boot/autoconfigure/ssl/SslPropertiesBundleRegistrar registerBundles (Lorg/springframework/boot/ssl/SslBundleRegistry;)V 9 <appendix> argL0 ; # org/springframework/boot/autoconfigure/ssl/SslPropertiesBundleRegistrar$$Lambda+0x0000020a2848e5c8
instanceKlass org/springframework/boot/ssl/SslStoreBundle
instanceKlass org/springframework/boot/autoconfigure/ssl/PropertiesSslBundle
instanceKlass  @bci org/springframework/boot/autoconfigure/ssl/SslAutoConfiguration sslBundleRegistry (Lorg/springframework/beans/factory/ObjectProvider;)Lorg/springframework/boot/ssl/DefaultSslBundleRegistry; 15 <appendix> member <vmtarget> ; # org/springframework/boot/autoconfigure/ssl/SslAutoConfiguration$$Lambda+0x0000020a2848dac0
instanceKlass org/springframework/boot/autoconfigure/ssl/SslBundleProperties
# instanceKlass java/lang/invoke/LambdaForm$MH+0x0000020a28489c00
# instanceKlass java/lang/invoke/LambdaForm$MH+0x0000020a28489800
instanceKlass org/springframework/boot/autoconfigure/ssl/SslProperties$Bundles$Watch$File
instanceKlass org/springframework/boot/autoconfigure/ssl/SslProperties$Bundles$Watch
# instanceKlass java/lang/invoke/LambdaForm$MH+0x0000020a28489400
# instanceKlass java/lang/invoke/LambdaForm$MH+0x0000020a28489000
# instanceKlass java/lang/invoke/LambdaForm$MH+0x0000020a28488c00
# instanceKlass java/lang/invoke/LambdaForm$MH+0x0000020a28488800
# instanceKlass java/lang/invoke/LambdaForm$DMH+0x0000020a28488400
instanceKlass  @bci org/springframework/util/unit/DataSize parse (Ljava/lang/CharSequence;Lorg/springframework/util/unit/DataUnit;)Lorg/springframework/util/unit/DataSize; 24 <appendix> member <vmtarget> ; # org/springframework/util/unit/DataSize$$Lambda+0x0000020a2848c3f8
instanceKlass org/springframework/util/unit/DataSize$DataSizeUtils
instanceKlass org/springframework/boot/convert/DataSizeUnit
instanceKlass org/springframework/boot/convert/DurationUnit
# instanceKlass java/lang/invoke/LambdaForm$MH+0x0000020a28488000
# instanceKlass java/lang/invoke/LambdaForm$MH+0x0000020a28481c00
# instanceKlass java/lang/invoke/LambdaForm$MH+0x0000020a28481800
instanceKlass  @bci org/springframework/boot/context/properties/bind/JavaBeanBinder$BeanProperty getValue (Ljava/util/function/Supplier;)Ljava/util/function/Supplier; 11 <appendix> member <vmtarget> ; # org/springframework/boot/context/properties/bind/JavaBeanBinder$BeanProperty$$Lambda+0x0000020a28483848
instanceKlass  @bci org/springframework/boot/context/properties/bind/JavaBeanBinder$Bean getSupplier (Lorg/springframework/boot/context/properties/bind/Bindable;)Lorg/springframework/boot/context/properties/bind/JavaBeanBinder$BeanSupplier; 6 <appendix> member <vmtarget> ; # org/springframework/boot/context/properties/bind/JavaBeanBinder$Bean$$Lambda+0x0000020a28483628
instanceKlass org/springframework/boot/context/properties/bind/JavaBeanBinder$BeanSupplier
instanceKlass  @bci org/springframework/boot/context/properties/bind/JavaBeanBinder$BeanProperties addProperties ([Ljava/lang/reflect/Method;[Ljava/lang/reflect/Field;)V 140 <appendix> argL0 ; # org/springframework/boot/context/properties/bind/JavaBeanBinder$BeanProperties$$Lambda+0x0000020a284831d8
instanceKlass  @bci org/springframework/boot/context/properties/bind/JavaBeanBinder$BeanProperties addMethodIfPossible (Ljava/lang/reflect/Method;Ljava/lang/String;ILjava/util/function/BiConsumer;)V 62 <appendix> member <vmtarget> ; # org/springframework/boot/context/properties/bind/JavaBeanBinder$BeanProperties$$Lambda+0x0000020a28482f98
instanceKlass java/beans/Introspector$1
instanceKlass jdk/internal/access/JavaBeansAccess
instanceKlass java/beans/Introspector
instanceKlass  @bci org/springframework/boot/context/properties/bind/JavaBeanBinder$BeanProperties addProperties ([Ljava/lang/reflect/Method;[Ljava/lang/reflect/Field;)V 98 <appendix> argL0 ; # org/springframework/boot/context/properties/bind/JavaBeanBinder$BeanProperties$$Lambda+0x0000020a28482d70
instanceKlass  @bci org/springframework/boot/context/properties/bind/JavaBeanBinder$BeanProperties addProperties ([Ljava/lang/reflect/Method;[Ljava/lang/reflect/Field;)V 56 <appendix> argL0 ; # org/springframework/boot/context/properties/bind/JavaBeanBinder$BeanProperties$$Lambda+0x0000020a28482b48
instanceKlass org/springframework/boot/context/properties/bind/JavaBeanBinder$BeanProperty
instanceKlass  @bci org/springframework/boot/context/properties/bind/JavaBeanBinder$BeanProperties addProperties (Ljava/lang/Class;)V 40 <appendix> argL0 ; # org/springframework/boot/context/properties/bind/JavaBeanBinder$BeanProperties$$Lambda+0x0000020a284826b0
instanceKlass  @bci org/springframework/boot/context/properties/bind/JavaBeanBinder$BeanProperties addProperties (Ljava/lang/Class;)V 35 <appendix> argL0 ; # org/springframework/boot/context/properties/bind/JavaBeanBinder$BeanProperties$$Lambda+0x0000020a28482478
# instanceKlass java/lang/invoke/LambdaForm$MH+0x0000020a28481400
# instanceKlass java/lang/invoke/LambdaForm$MH+0x0000020a28481000
# instanceKlass java/lang/invoke/LambdaForm$MH+0x0000020a28480c00
# instanceKlass org/springframework/boot/context/properties/bind/JavaBeanBinder$BeanProperties$$InjectedInvoker+0x0000020a28480800
instanceKlass java/lang/invoke/MethodHandleImpl$BindCaller$InjectedInvokerHolder
# instanceKlass java/lang/invoke/LambdaForm$MH+0x0000020a28480400
instanceKlass java/lang/invoke/MethodHandleImpl$BindCaller
instanceKlass  @bci org/springframework/boot/context/properties/bind/JavaBeanBinder$BeanProperties addProperties (Ljava/lang/Class;)V 21 <appendix> argL0 ; # org/springframework/boot/context/properties/bind/JavaBeanBinder$BeanProperties$$Lambda+0x0000020a28482240
instanceKlass  @bci org/springframework/boot/context/properties/bind/JavaBeanBinder$BeanProperties addProperties (Ljava/lang/Class;)V 16 <appendix> member <vmtarget> ; # org/springframework/boot/context/properties/bind/JavaBeanBinder$BeanProperties$$Lambda+0x0000020a28482000
instanceKlass  @bci org/springframework/boot/context/properties/ConfigurationPropertiesBinder getPropertyEditorInitializer ()Ljava/util/function/Consumer; 28 <appendix> member <vmtarget> ; # org/springframework/boot/context/properties/ConfigurationPropertiesBinder$$Lambda+0x0000020a28487d88
instanceKlass org/springframework/beans/factory/annotation/BeanFactoryAnnotationUtils
instanceKlass org/springframework/boot/context/properties/ConversionServiceDeducer$ConverterBeans
instanceKlass org/springframework/boot/context/properties/ConversionServiceDeducer
instanceKlass org/springframework/beans/factory/support/DefaultListableBeanFactory$1
instanceKlass org/springframework/boot/context/properties/ConfigurationPropertiesBindHandlerAdvisor
instanceKlass  @bci org/springframework/boot/context/properties/ConfigurationPropertiesBinder getHandler ()Lorg/springframework/boot/context/properties/bind/handler/IgnoreTopLevelConverterNotFoundBindHandler; 26 <appendix> member <vmtarget> ; # org/springframework/boot/context/properties/ConfigurationPropertiesBinder$$Lambda+0x0000020a28486d88
instanceKlass  @bci org/springframework/boot/context/properties/bind/Bindable withBindMethod (Lorg/springframework/boot/context/properties/bind/BindMethod;)Lorg/springframework/boot/context/properties/bind/Bindable; 19 <appendix> argL0 ; # org/springframework/boot/context/properties/bind/Bindable$$Lambda+0x0000020a284866a0
instanceKlass org/springframework/boot/context/properties/bind/Nested
instanceKlass org/springframework/boot/context/properties/NestedConfigurationProperty
instanceKlass org/springframework/boot/autoconfigure/web/ServerProperties$Undertow$Options
instanceKlass org/springframework/boot/autoconfigure/web/ServerProperties$Undertow$Threads
instanceKlass org/springframework/boot/autoconfigure/web/ServerProperties$Undertow$Accesslog
instanceKlass org/springframework/boot/autoconfigure/web/ServerProperties$Jetty$Threads
instanceKlass org/springframework/boot/autoconfigure/web/ServerProperties$Jetty$Accesslog
instanceKlass org/springframework/boot/autoconfigure/web/ServerProperties$Tomcat$Remoteip
instanceKlass org/springframework/boot/autoconfigure/web/ServerProperties$Tomcat$Mbeanregistry
instanceKlass org/springframework/boot/autoconfigure/web/ServerProperties$Tomcat$Resource
instanceKlass org/springframework/boot/autoconfigure/web/ServerProperties$Tomcat$Threads
instanceKlass org/springframework/boot/autoconfigure/web/ServerProperties$Tomcat$Accesslog
instanceKlass org/springframework/boot/autoconfigure/web/ServerProperties$Reactive$Session
instanceKlass org/springframework/boot/web/servlet/server/Encoding
instanceKlass org/springframework/boot/autoconfigure/web/ErrorProperties$Whitelabel
instanceKlass org/springframework/boot/web/servlet/WebListenerRegistrar
# instanceKlass java/lang/invoke/LambdaForm$DMH+0x0000020a28480000
instanceKlass org/springframework/boot/web/servlet/server/CookieSameSiteSupplier
instanceKlass org/springframework/boot/web/server/ErrorPage
instanceKlass org/apache/coyote/AbstractProtocol
instanceKlass javax/management/NotificationEmitter
instanceKlass javax/management/NotificationBroadcaster
instanceKlass org/springframework/boot/ssl/SslBundle
instanceKlass org/springframework/boot/web/embedded/tomcat/SslConnectorCustomizer
instanceKlass org/apache/coyote/ProtocolHandler
instanceKlass org/springframework/boot/web/embedded/tomcat/TomcatWebServer
instanceKlass org/apache/catalina/Engine
instanceKlass org/apache/catalina/Host
instanceKlass org/springframework/boot/web/embedded/tomcat/TldPatterns
instanceKlass org/apache/tomcat/jni/Library
instanceKlass org/apache/catalina/core/AprStatus
instanceKlass org/apache/catalina/core/AprLifecycleListener
instanceKlass org/springframework/boot/web/servlet/server/StaticResourceJars
instanceKlass org/springframework/boot/web/servlet/server/DocumentRoot
instanceKlass org/springframework/boot/web/servlet/server/Jsp
instanceKlass org/springframework/boot/web/server/MimeMappings$Mapping
instanceKlass org/springframework/boot/web/servlet/server/SessionStoreDirectory
instanceKlass org/springframework/boot/web/server/Cookie
instanceKlass org/springframework/boot/web/servlet/server/Session
instanceKlass org/apache/tomcat/JarScanFilter
instanceKlass org/springframework/boot/web/server/WebServer
instanceKlass org/apache/catalina/Context
instanceKlass org/apache/tomcat/ContextBind
instanceKlass org/apache/catalina/Loader
instanceKlass org/apache/tomcat/util/security/PermissionCheck
instanceKlass org/apache/juli/WebappProperties
instanceKlass org/apache/tomcat/InstrumentableClassLoader
instanceKlass org/apache/catalina/LifecycleListener
instanceKlass org/apache/catalina/WebResourceRoot
# instanceKlass java/lang/invoke/LambdaForm$MH+0x0000020a28471000
# instanceKlass java/lang/invoke/LambdaForm$MH+0x0000020a28470c00
# instanceKlass java/lang/invoke/LambdaForm$DMH+0x0000020a28470800
instanceKlass org/springframework/boot/web/embedded/tomcat/TomcatProtocolHandlerCustomizer
instanceKlass org/springframework/boot/web/embedded/tomcat/TomcatContextCustomizer
instanceKlass org/springframework/boot/web/embedded/tomcat/TomcatConnectorCustomizer
# instanceKlass java/lang/invoke/LambdaForm$MH+0x0000020a28470400
instanceKlass org/springframework/ui/context/Theme
instanceKlass org/springframework/ui/context/support/ResourceBundleThemeSource
instanceKlass org/springframework/ui/context/HierarchicalThemeSource
instanceKlass org/springframework/ui/context/support/UiApplicationContextUtils
instanceKlass org/springframework/context/support/MessageSourceSupport
instanceKlass org/springframework/context/HierarchicalMessageSource
instanceKlass org/springframework/data/projection/MethodInterceptorFactory
instanceKlass  @bci org/springframework/data/projection/ProxyProjectionFactory <init> ()V 16 <appendix> argL0 ; # org/springframework/data/projection/ProxyProjectionFactory$$Lambda+0x0000020a28474000
instanceKlass org/springframework/data/projection/DefaultMethodInvokingMethodInterceptor
instanceKlass org/springframework/data/util/NullableWrapper
instanceKlass  @bci org/springframework/data/util/Streamable map (Ljava/util/function/Function;)Lorg/springframework/data/util/Streamable; 8 <appendix> member <vmtarget> ; # org/springframework/data/util/Streamable$$Lambda+0x0000020a2846f8f0
instanceKlass  @cpi org/springframework/data/repository/core/support/MethodLookup 73 form vmentry <vmtarget> ; # java/lang/invoke/LambdaForm$DMH+0x0000020a28470000
instanceKlass  @bci org/springframework/data/util/NullableWrapperConverters$AbstractWrapperTypeConverter getConvertibleTypes ()Ljava/util/Set; 7 <appendix> argL0 ; # org/springframework/data/util/NullableWrapperConverters$AbstractWrapperTypeConverter$$Lambda+0x0000020a2846f6b8
instanceKlass org/springframework/data/util/NullableWrapperConverters$WrapperType
instanceKlass org/springframework/data/util/NullableWrapperConverters$AbstractWrapperTypeConverter
instanceKlass org/springframework/data/util/NullableWrapperConverters
instanceKlass  @bci org/springframework/data/projection/ProxyProjectionFactory <clinit> ()V 21 <appendix> member <vmtarget> ; # org/springframework/data/projection/ProxyProjectionFactory$$Lambda+0x0000020a2846e388
instanceKlass org/springframework/data/convert/Jsr310Converters
instanceKlass org/springframework/data/projection/ProjectionInformation
instanceKlass org/springframework/data/projection/ProxyProjectionFactory
instanceKlass org/springframework/data/projection/ProjectionFactory
instanceKlass org/springframework/web/ErrorResponse
instanceKlass org/springframework/web/method/annotation/ModelAttributeMethodProcessor
instanceKlass org/springframework/web/method/support/HandlerMethodReturnValueHandler
instanceKlass org/springframework/boot/actuate/autoconfigure/observation/ObservationRegistryConfigurer
# instanceKlass java/lang/invoke/LambdaForm$MH+0x0000020a28463400
# instanceKlass java/lang/invoke/LambdaForm$MH+0x0000020a28463000
# instanceKlass java/lang/invoke/LambdaForm$MH+0x0000020a28462c00
instanceKlass io/micrometer/observation/GlobalObservationConvention
instanceKlass org/springframework/boot/actuate/autoconfigure/observation/ObservationRegistryCustomizer
instanceKlass org/springframework/boot/actuate/autoconfigure/metrics/data/MetricsRepositoryMethodInvocationListenerBeanPostProcessor$MetricsRepositoryFactoryCustomizer
instanceKlass  @bci org/springframework/boot/actuate/autoconfigure/metrics/data/RepositoryMetricsAutoConfiguration metricsRepositoryMethodInvocationListenerBeanPostProcessor (Lorg/springframework/beans/factory/ObjectProvider;)Lorg/springframework/boot/actuate/autoconfigure/metrics/data/MetricsRepositoryMethodInvocationListenerBeanPostProcessor; 10 <appendix> member <vmtarget> ; # org/springframework/boot/actuate/autoconfigure/metrics/data/RepositoryMetricsAutoConfiguration$$Lambda+0x0000020a28466b78
instanceKlass org/springframework/data/repository/core/support/RepositoryFactoryCustomizer
# instanceKlass java/lang/invoke/LambdaForm$MH+0x0000020a28462800
# instanceKlass java/lang/invoke/LambdaForm$MH+0x0000020a28462400
# instanceKlass java/lang/invoke/LambdaForm$MH+0x0000020a28462000
# instanceKlass java/lang/invoke/LambdaForm$MH+0x0000020a28461c00
instanceKlass org/springframework/boot/actuate/autoconfigure/metrics/MeterRegistryCustomizer
instanceKlass org/springframework/boot/actuate/health/HealthEndpointGroupsPostProcessor
instanceKlass  @bci org/springframework/security/config/annotation/method/configuration/AuthorizationProxyConfiguration authorizeReturnObjectMethodInterceptor (Lorg/springframework/beans/factory/ObjectProvider;Lorg/springframework/security/authorization/method/AuthorizationAdvisorProxyFactory;)Lorg/aopalliance/intercept/MethodInterceptor; 24 <appendix> member <vmtarget> ; # org/springframework/security/config/annotation/method/configuration/AuthorizationProxyConfiguration$$Lambda+0x0000020a28466170
# instanceKlass java/lang/invoke/LambdaForm$MH+0x0000020a28461800
# instanceKlass java/lang/invoke/LambdaForm$MH+0x0000020a28461400
instanceKlass org/springframework/transaction/annotation/Transactional
instanceKlass org/springframework/transaction/interceptor/TransactionalProxy
instanceKlass  @bci org/springframework/security/config/annotation/method/configuration/AuthorizationProxyConfiguration authorizationProxyFactory (Lorg/springframework/beans/factory/ObjectProvider;Lorg/springframework/beans/factory/ObjectProvider;)Lorg/springframework/security/authorization/method/AuthorizationAdvisorProxyFactory; 31 <appendix> member <vmtarget> ; # org/springframework/security/config/annotation/method/configuration/AuthorizationProxyConfiguration$$Lambda+0x0000020a28464dc0
instanceKlass org/springframework/aop/support/MethodMatchers$IntersectionMethodMatcher
instanceKlass org/springframework/security/authorization/method/AuthorizeReturnObject
instanceKlass  @bci java/util/function/Predicate negate ()Ljava/util/function/Predicate; 1 <appendix> member <vmtarget> ; # java/util/function/Predicate$$Lambda+0x0000020a28276bb0
instanceKlass  @cpi java/util/function/Predicate 75 form vmentry <vmtarget> ; # java/lang/invoke/LambdaForm$DMH+0x0000020a28461000
instanceKlass  @bci org/springframework/security/authorization/method/AuthorizeReturnObjectMethodInterceptor <init> (Lorg/springframework/security/authorization/AuthorizationProxyFactory;)V 9 <appendix> argL0 ; # org/springframework/security/authorization/method/AuthorizeReturnObjectMethodInterceptor$$Lambda+0x0000020a28464738
instanceKlass org/springframework/security/authorization/method/AuthorizeReturnObjectMethodInterceptor
instanceKlass org/springframework/security/authorization/method/AuthorizationAdvisorProxyFactory$IgnoreValueTypeVisitor
instanceKlass  @bci org/springframework/security/authorization/method/AuthorizationAdvisorProxyFactory$TargetVisitor of ([Lorg/springframework/security/authorization/method/AuthorizationAdvisorProxyFactory$TargetVisitor;)Lorg/springframework/security/authorization/method/AuthorizationAdvisorProxyFactory$TargetVisitor; 1 <appendix> member <vmtarget> ; # org/springframework/security/authorization/method/AuthorizationAdvisorProxyFactory$TargetVisitor$$Lambda+0x0000020a2845fce0
instanceKlass org/springframework/security/authorization/method/AuthorizationAdvisorProxyFactory$ContainerTypeVisitor
instanceKlass org/springframework/security/authorization/method/AuthorizationAdvisorProxyFactory$ClassVisitor
instanceKlass org/springframework/security/authorization/method/AuthorizationAdvisorProxyFactory$TargetVisitor
instanceKlass  @bci org/springframework/security/config/annotation/method/configuration/AuthorizationProxyConfiguration authorizationProxyFactory (Lorg/springframework/beans/factory/ObjectProvider;Lorg/springframework/beans/factory/ObjectProvider;)Lorg/springframework/security/authorization/method/AuthorizationAdvisorProxyFactory; 15 <appendix> member <vmtarget> ; # org/springframework/security/config/annotation/method/configuration/AuthorizationProxyConfiguration$$Lambda+0x0000020a2845f298
# instanceKlass java/lang/invoke/LambdaForm$MH+0x0000020a28460c00
# instanceKlass java/lang/invoke/LambdaForm$MH+0x0000020a28460800
instanceKlass org/springframework/transaction/interceptor/TransactionAttributeSourcePointcut$TransactionAttributeSourceClassFilter
# instanceKlass java/lang/invoke/LambdaForm$MH+0x0000020a28460400
# instanceKlass java/lang/invoke/LambdaForm$MH+0x0000020a28460000
instanceKlass org/springframework/transaction/interceptor/TransactionAspectSupport$ReactiveTransactionSupport
instanceKlass org/springframework/transaction/TransactionStatus
instanceKlass org/springframework/transaction/SavepointManager
instanceKlass org/springframework/transaction/TransactionExecution
instanceKlass org/springframework/transaction/interceptor/TransactionAspectSupport$ThrowableHolder
instanceKlass org/springframework/transaction/interceptor/TransactionAspectSupport$InvocationCallback
instanceKlass org/springframework/transaction/interceptor/TransactionAspectSupport$TransactionInfo
instanceKlass org/springframework/core/ReactiveAdapterRegistry
instanceKlass java/io/ObjectOutput
instanceKlass java/io/ObjectStreamConstants
instanceKlass java/io/ObjectInput
instanceKlass org/springframework/transaction/annotation/JtaTransactionAnnotationParser
instanceKlass org/springframework/transaction/annotation/SpringTransactionAnnotationParser
instanceKlass org/springframework/transaction/annotation/TransactionAnnotationParser
instanceKlass jakarta/transaction/Transactional
instanceKlass org/springframework/transaction/interceptor/TransactionAttribute
instanceKlass org/springframework/transaction/interceptor/AbstractFallbackTransactionAttributeSource
instanceKlass org/springframework/aop/aspectj/AspectJProxyUtils
instanceKlass org/aspectj/weaver/JoinPointSignature
instanceKlass org/aspectj/weaver/JoinPointSignatureIterator
instanceKlass org/aspectj/weaver/patterns/AbstractPatternNodeVisitor
instanceKlass org/aspectj/weaver/patterns/TypePattern$MatchKind
instanceKlass org/aspectj/weaver/patterns/IVerificationRequired
instanceKlass org/aspectj/weaver/TypeVariable
instanceKlass org/aspectj/weaver/tools/JoinPointMatch
instanceKlass org/aspectj/weaver/reflect/ShadowMatchImpl
instanceKlass org/aspectj/weaver/patterns/ExposedState
instanceKlass org/aspectj/apache/bcel/classfile/InnerClass
instanceKlass org/aspectj/apache/bcel/classfile/LocalVariable
instanceKlass org/aspectj/weaver/reflect/Java15GenericSignatureInformationProvider
instanceKlass org/aspectj/weaver/reflect/Java14GenericSignatureInformationProvider
instanceKlass org/aspectj/weaver/MemberImpl
instanceKlass org/aspectj/apache/bcel/classfile/annotation/ElementValue
instanceKlass org/aspectj/apache/bcel/classfile/annotation/NameValuePair
instanceKlass org/aspectj/apache/bcel/classfile/Utility
instanceKlass org/aspectj/apache/bcel/classfile/CodeException
instanceKlass org/aspectj/apache/bcel/ExceptionConstants
instanceKlass org/aspectj/apache/bcel/ConstantsInitializer
instanceKlass org/aspectj/apache/bcel/generic/Type
instanceKlass org/aspectj/apache/bcel/Constants
instanceKlass org/aspectj/apache/bcel/classfile/Attribute
instanceKlass org/aspectj/apache/bcel/classfile/AttributeUtils
instanceKlass org/aspectj/apache/bcel/classfile/annotation/AnnotationGen
instanceKlass org/aspectj/apache/bcel/classfile/Modifiers
instanceKlass org/aspectj/apache/bcel/classfile/SimpleConstant
instanceKlass org/aspectj/apache/bcel/classfile/Constant
instanceKlass org/aspectj/apache/bcel/classfile/ConstantPool
instanceKlass org/aspectj/apache/bcel/classfile/Node
instanceKlass org/aspectj/apache/bcel/classfile/ClassParser
instanceKlass org/aspectj/weaver/tools/DefaultMatchingContext
instanceKlass org/aspectj/weaver/patterns/FastMatchInfo
instanceKlass org/aspectj/weaver/tools/MatchingContext
instanceKlass org/aspectj/weaver/internal/tools/PointcutExpressionImpl
instanceKlass org/aspectj/weaver/IntMap
instanceKlass org/aspectj/weaver/patterns/Bindings
instanceKlass org/aspectj/weaver/patterns/SimpleScope
instanceKlass org/aspectj/bridge/ISourceLocation
instanceKlass org/aspectj/weaver/tools/PointcutParser$1
instanceKlass org/aspectj/weaver/reflect/JavaLangTypeToResolvedTypeConverter
instanceKlass org/aspectj/weaver/reflect/ReflectionBasedReferenceTypeDelegate
instanceKlass org/aspectj/weaver/reflect/GenericSignatureInformationProvider
instanceKlass org/aspectj/weaver/reflect/ReflectionBasedReferenceTypeDelegateFactory
instanceKlass org/aspectj/weaver/patterns/FormalBinding
instanceKlass org/aspectj/weaver/Shadow
instanceKlass org/aspectj/weaver/ast/ASTNode
instanceKlass org/aspectj/weaver/patterns/PatternNodeVisitor
instanceKlass org/aspectj/weaver/patterns/BindingPattern
instanceKlass org/aspectj/weaver/patterns/BasicToken
instanceKlass org/aspectj/weaver/patterns/BasicTokenSource
instanceKlass org/aspectj/weaver/patterns/ITokenSource
instanceKlass org/aspectj/weaver/patterns/IToken
instanceKlass org/aspectj/weaver/patterns/PatternNode
instanceKlass org/aspectj/weaver/IHasSourceLocation
instanceKlass org/aspectj/weaver/patterns/ISignaturePattern
instanceKlass org/aspectj/weaver/patterns/PatternParser
instanceKlass org/aspectj/weaver/tools/ContextBasedMatcher
instanceKlass org/springframework/aop/aspectj/AspectJExpressionPointcut$BeanPointcutDesignatorHandler
instanceKlass org/aspectj/apache/bcel/util/ClassLoaderRepository
instanceKlass org/aspectj/weaver/AnnotationAJ
instanceKlass org/aspectj/apache/bcel/util/ClassLoaderReference
instanceKlass org/aspectj/apache/bcel/util/Repository
instanceKlass org/aspectj/weaver/reflect/Java15AnnotationFinder
instanceKlass org/aspectj/weaver/reflect/ArgNameFinder
instanceKlass org/aspectj/weaver/reflect/AnnotationFinder
instanceKlass org/aspectj/weaver/reflect/ReflectionWorld$ExceptionBasedMessageHandler
instanceKlass org/aspectj/weaver/World$AspectPrecedenceCalculator
instanceKlass org/aspectj/util/FuzzyBoolean
instanceKlass org/aspectj/weaver/ResolvedType$FieldGetter
instanceKlass org/aspectj/weaver/ResolvedType$PointcutGetter
instanceKlass org/aspectj/weaver/ResolvedType$MethodGetterIncludingItds
instanceKlass org/aspectj/weaver/ResolvedType$MethodGetter
instanceKlass org/aspectj/weaver/UnresolvedType$TypeKind
instanceKlass org/aspectj/weaver/TypeFactory
instanceKlass org/aspectj/weaver/ResolvedMember
instanceKlass org/aspectj/weaver/Member
instanceKlass org/aspectj/weaver/Iterators$Getter
instanceKlass org/aspectj/weaver/TypeVariableReference
instanceKlass org/aspectj/bridge/IMessage$Kind$1
instanceKlass org/aspectj/bridge/IMessage$Kind
instanceKlass org/aspectj/weaver/Lint$Kind
instanceKlass org/aspectj/weaver/Lint
instanceKlass org/aspectj/weaver/CrosscuttingMembersSet
instanceKlass org/aspectj/weaver/World$TypeMap
instanceKlass org/aspectj/bridge/IMessageHandler$1
instanceKlass org/aspectj/bridge/MessageWriter
instanceKlass org/aspectj/weaver/tools/AbstractTrace
instanceKlass org/aspectj/weaver/tools/Trace
instanceKlass org/aspectj/weaver/tools/TraceFactory
instanceKlass org/aspectj/weaver/ReferenceTypeDelegate
instanceKlass org/aspectj/bridge/IMessageHandler
instanceKlass org/aspectj/bridge/IMessage
instanceKlass org/aspectj/weaver/UnresolvedType
instanceKlass org/aspectj/weaver/TypeVariableDeclaringElement
instanceKlass org/aspectj/weaver/tools/Traceable
instanceKlass org/aspectj/weaver/AnnotatedElement
instanceKlass org/aspectj/weaver/WeakClassLoaderReference
instanceKlass org/aspectj/weaver/tools/TypePatternMatcher
instanceKlass org/aspectj/weaver/tools/PointcutParameter
instanceKlass org/aspectj/weaver/reflect/IReflectionWorld
instanceKlass org/aspectj/weaver/World
instanceKlass org/aspectj/weaver/Dump$INode
instanceKlass org/aspectj/weaver/tools/PointcutExpression
instanceKlass org/aspectj/weaver/ISourceContext
instanceKlass org/aspectj/weaver/patterns/IScope
instanceKlass org/aspectj/weaver/tools/PointcutParser
instanceKlass  @bci org/springframework/core/BridgeMethodResolver resolveBridgeMethod (Ljava/lang/reflect/Method;Ljava/lang/Class;)Ljava/lang/reflect/Method; 103 <appendix> member <vmtarget> ; # org/springframework/core/BridgeMethodResolver$$Lambda+0x0000020a28423a80
instanceKlass  @bci org/springframework/core/BridgeMethodResolver resolveBridgeMethod (Ljava/lang/reflect/Method;Ljava/lang/Class;)Ljava/lang/reflect/Method; 88 <appendix> member <vmtarget> ; # org/springframework/core/BridgeMethodResolver$$Lambda+0x0000020a28423850
instanceKlass org/springframework/core/MethodClassKey
instanceKlass org/springframework/aop/IntroductionAdvisor
instanceKlass org/springframework/aop/IntroductionInfo
instanceKlass org/springframework/aop/framework/autoproxy/ProxyCreationContext
instanceKlass org/springframework/transaction/annotation/TransactionManagementConfigurer
instanceKlass org/springframework/beans/factory/annotation/InjectionMetadata$InjectedElement
instanceKlass org/springframework/aop/aspectj/AspectJPointcutAdvisor
instanceKlass org/aspectj/lang/annotation/DeclareParents
instanceKlass org/springframework/aop/aspectj/annotation/ReflectiveAspectJAdvisorFactory$1
instanceKlass org/springframework/aop/aspectj/annotation/InstantiationModelAwarePointcutAdvisorImpl$1
instanceKlass org/springframework/aop/aspectj/annotation/InstantiationModelAwarePointcutAdvisorImpl
instanceKlass org/springframework/aop/aspectj/InstantiationModelAwarePointcutAdvisor
instanceKlass org/aspectj/util/TypeSafeEnum
instanceKlass org/aspectj/weaver/tools/ShadowMatch
instanceKlass org/aspectj/weaver/tools/PointcutDesignatorHandler
instanceKlass org/springframework/aop/support/AbstractExpressionPointcut
instanceKlass org/springframework/aop/support/ExpressionPointcut
instanceKlass org/springframework/aop/aspectj/annotation/AbstractAspectJAdvisorFactory$AspectJAnnotation
instanceKlass  @bci org/springframework/core/annotation/AnnotationUtils findAnnotation (Ljava/lang/reflect/Method;Ljava/lang/Class;)Ljava/lang/annotation/Annotation; 52 <appendix> argL0 ; # org/springframework/core/annotation/AnnotationUtils$$Lambda+0x0000020a2841f838
instanceKlass  @bci org/springframework/core/annotation/AnnotationUtils getAnnotation (Ljava/lang/reflect/AnnotatedElement;Ljava/lang/Class;)Ljava/lang/annotation/Annotation; 48 <appendix> argL0 ; # org/springframework/core/annotation/AnnotationUtils$$Lambda+0x0000020a2841f5f0
instanceKlass  @bci org/springframework/aop/aspectj/annotation/ReflectiveAspectJAdvisorFactory getAdvisorMethods (Ljava/lang/Class;)Ljava/util/List; 15 <appendix> member <vmtarget> ; # org/springframework/aop/aspectj/annotation/ReflectiveAspectJAdvisorFactory$$Lambda+0x0000020a2841f3d0
instanceKlass org/springframework/aop/aspectj/annotation/LazySingletonAspectInstanceFactoryDecorator
instanceKlass org/springframework/aop/aspectj/annotation/BeanFactoryAspectInstanceFactory
instanceKlass org/aspectj/internal/lang/reflect/PerClauseImpl
instanceKlass org/springframework/aop/aspectj/annotation/AspectMetadata$1
instanceKlass org/aspectj/lang/reflect/DeclarePrecedence
instanceKlass io/micrometer/common/lang/Nullable
instanceKlass org/aspectj/internal/lang/annotation/ajcDeclarePrecedence
instanceKlass io/micrometer/observation/annotation/Observed
instanceKlass io/micrometer/observation/Observation$Scope
instanceKlass org/aspectj/lang/ProceedingJoinPoint
instanceKlass org/aspectj/lang/JoinPoint
instanceKlass org/aspectj/lang/annotation/DeclarePrecedence
instanceKlass org/aspectj/lang/reflect/Pointcut
instanceKlass org/aspectj/lang/reflect/Advice
instanceKlass org/aspectj/lang/reflect/PerClause
instanceKlass org/aspectj/internal/lang/reflect/AjTypeImpl
instanceKlass org/aspectj/lang/reflect/AjType
instanceKlass org/aspectj/lang/reflect/AjTypeSystem
instanceKlass org/springframework/aop/aspectj/annotation/AspectMetadata
instanceKlass  @bci org/springframework/security/config/annotation/method/configuration/PrePostMethodSecurityConfiguration postAuthorizeAuthorizationMethodInterceptor (Lorg/springframework/beans/factory/ObjectProvider;)Lorg/aopalliance/intercept/MethodInterceptor; 8 <appendix> member <vmtarget> ; # org/springframework/security/config/annotation/method/configuration/PrePostMethodSecurityConfiguration$$Lambda+0x0000020a2841b650
